snapshot_id,snapshot_timestamp_utc,station_id,station_sequence,upstream_station,downstream_station,takt_time,standard_cycle_time,station_capacity,configuration_status
MS000001,2026-08-26 04:00:00+00:00,S01,1,,S02,60.0,58.1,1,ACTIVE
MS000002,2026-08-26 04:00:05+00:00,S02,2,S01,S03,60.0,56.76,1,ACTIVE
MS000003,2026-08-26 04:00:10+00:00,S03,3,S02,S04,60.0,58.43,1,ACTIVE
MS000004,2026-08-26 04:00:15+00:00,S04,4,S03,S05,60.0,57.79,1,ACTIVE
MS000005,2026-08-26 04:00:20+00:00,S05,5,S04,S06,60.0,55.38,1,ACTIVE
MS000006,2026-08-26 04:00:25+00:00,S06,6,S05,S07,60.0,58.9,1,ACTIVE
MS000007,2026-08-26 04:00:30+00:00,S07,7,S06,S08,60.0,58.04,1,ACTIVE
MS000008,2026-08-26 04:00:35+00:00,S08,8,S07,S09,60.0,58.14,1,ACTIVE
MS000009,2026-08-26 04:00:40+00:00,S09,9,S08,S10,60.0,55.51,1,ACTIVE
MS000010,2026-08-26 04:00:45+00:00,S10,10,S09,S11,60.0,56.8,1,ACTIVE
MS000011,2026-08-26 04:00:50+00:00,S11,11,S10,S12,60.0,56.48,1,ACTIVE
MS000012,2026-08-26 04:00:55+00:00,S12,12,S11,,60.0,58.71,1,ACTIVE
MS000013,2026-08-26 04:01:00+00:00,S01,1,,S02,60.0,58.1,1,ACTIVE
MS000014,2026-08-26 04:01:05+00:00,S02,2,S01,S03,60.0,56.76,1,ACTIVE
MS000015,2026-08-26 04:01:10+00:00,S03,3,S02,S04,60.0,58.43,1,ACTIVE
MS000016,2026-08-26 04:01:15+00:00,S04,4,S03,S05,60.0,57.79,1,ACTIVE
MS000017,2026-08-26 04:01:20+00:00,S05,5,S04,S06,60.0,55.38,1,ACTIVE
MS000018,2026-08-26 04:01:25+00:00,S06,6,S05,S07,60.0,58.9,1,ACTIVE
MS000019,2026-08-26 04:01:30+00:00,S07,7,S06,S08,60.0,58.04,1,ACTIVE
MS000020,2026-08-26 04:01:35+00:00,S08,8,S07,S09,60.0,58.14,1,ACTIVE
MS000021,2026-08-26 04:01:40+00:00,S09,9,S08,S10,60.0,55.51,1,ACTIVE
MS000022,2026-08-26 04:01:45+00:00,S10,10,S09,S11,60.0,56.8,1,ACTIVE
MS000023,2026-08-26 04:01:50+00:00,S11,11,S10,S12,60.0,56.48,1,ACTIVE
MS000024,2026-08-26 04:01:55+00:00,S12,12,S11,,60.0,58.71,1,ACTIVE
MS000025,2026-08-26 04:02:00+00:00,S01,1,,S02,60.0,58.1,1,ACTIVE
MS000026,2026-08-26 04:02:05+00:00,S02,2,S01,S03,60.0,56.76,1,ACTIVE
MS000027,2026-08-26 04:02:10+00:00,S03,3,S02,S04,60.0,58.43,1,ACTIVE
MS000028,2026-08-26 04:02:15+00:00,S04,4,S03,S05,60.0,57.79,1,ACTIVE
MS000029,2026-08-26 04:02:20+00:00,S05,5,S04,S06,60.0,55.38,1,ACTIVE
MS000030,2026-08-26 04:02:25+00:00,S06,6,S05,S07,60.0,58.9,1,ACTIVE
MS000031,2026-08-26 04:02:30+00:00,S07,7,S06,S08,60.0,58.04,1,ACTIVE
MS000032,2026-08-26 04:02:35+00:00,S08,8,S07,S09,60.0,58.14,1,ACTIVE
MS000033,2026-08-26 04:02:40+00:00,S09,9,S08,S10,60.0,55.51,1,ACTIVE
MS000034,2026-08-26 04:02:45+00:00,S10,10,S09,S11,60.0,56.8,1,ACTIVE
MS000035,2026-08-26 04:02:50+00:00,S11,11,S10,S12,60.0,56.48,1,ACTIVE
MS000036,2026-08-26 04:02:55+00:00,S12,12,S11,,60.0,58.71,1,ACTIVE
MS000037,2026-08-26 04:03:00+00:00,S01,1,,S02,60.0,58.1,1,ACTIVE
MS000038,2026-08-26 04:03:05+00:00,S02,2,S01,S03,60.0,56.76,1,ACTIVE
MS000039,2026-08-26 04:03:10+00:00,S03,3,S02,S04,60.0,58.43,1,ACTIVE
MS000040,2026-08-26 04:03:15+00:00,S04,4,S03,S05,60.0,57.79,1,ACTIVE
MS000041,2026-08-26 04:03:20+00:00,S05,5,S04,S06,60.0,55.38,1,ACTIVE
MS000042,2026-08-26 04:03:25+00:00,S06,6,S05,S07,60.0,58.9,1,ACTIVE
MS000043,2026-08-26 04:03:30+00:00,S07,7,S06,S08,60.0,58.04,1,ACTIVE
MS000044,2026-08-26 04:03:35+00:00,S08,8,S07,S09,60.0,58.14,1,ACTIVE
MS000045,2026-08-26 04:03:40+00:00,S09,9,S08,S10,60.0,55.51,1,ACTIVE
MS000046,2026-08-26 04:03:45+00:00,S10,10,S09,S11,60.0,56.8,1,ACTIVE
MS000047,2026-08-26 04:03:50+00:00,S11,11,S10,S12,60.0,56.48,1,ACTIVE
MS000048,2026-08-26 04:03:55+00:00,S12,12,S11,,60.0,58.71,1,ACTIVE
MS000049,2026-08-26 04:04:00+00:00,S01,1,,S02,60.0,58.1,1,ACTIVE
MS000050,2026-08-26 04:04:05+00:00,S02,2,S01,S03,60.0,56.76,1,ACTIVE
MS000051,2026-08-26 04:04:10+00:00,S03,3,S02,S04,60.0,58.43,1,ACTIVE
MS000052,2026-08-26 04:04:15+00:00,S04,4,S03,S05,60.0,57.79,1,ACTIVE
MS000053,2026-08-26 04:04:20+00:00,S05,5,S04,S06,60.0,55.38,1,ACTIVE
MS000054,2026-08-26 04:04:25+00:00,S06,6,S05,S07,60.0,58.9,1,ACTIVE
MS000055,2026-08-26 04:04:30+00:00,S07,7,S06,S08,60.0,58.04,1,ACTIVE
MS000056,2026-08-26 04:04:35+00:00,S08,8,S07,S09,60.0,58.14,1,ACTIVE
MS000057,2026-08-26 04:04:40+00:00,S09,9,S08,S10,60.0,55.51,1,ACTIVE
MS000058,2026-08-26 04:04:45+00:00,S10,10,S09,S11,60.0,56.8,1,ACTIVE
MS000059,2026-08-26 04:04:50+00:00,S11,11,S10,S12,60.0,56.48,1,ACTIVE
MS000060,2026-08-26 04:04:55+00:00,S12,12,S11,,60.0,58.71,1,ACTIVE
MS000061,2026-08-26 04:05:00+00:00,S01,1,,S02,60.0,58.1,1,ACTIVE
MS000062,2026-08-26 04:05:05+00:00,S02,2,S01,S03,60.0,56.76,1,ACTIVE
MS000063,2026-08-26 04:05:10+00:00,S03,3,S02,S04,60.0,58.43,1,ACTIVE
MS000064,2026-08-26 04:05:15+00:00,S04,4,S03,S05,60.0,57.79,1,ACTIVE
MS000065,2026-08-26 04:05:20+00:00,S05,5,S04,S06,60.0,55.38,1,ACTIVE
MS000066,2026-08-26 04:05:25+00:00,S06,6,S05,S07,60.0,58.9,1,ACTIVE
MS000067,2026-08-26 04:05:30+00:00,S07,7,S06,S08,60.0,58.04,1,ACTIVE
MS000068,2026-08-26 04:05:35+00:00,S08,8,S07,S09,60.0,58.14,1,ACTIVE
MS000069,2026-08-26 04:05:40+00:00,S09,9,S08,S10,60.0,55.51,1,ACTIVE
MS000070,2026-08-26 04:05:45+00:00,S10,10,S09,S11,60.0,56.8,1,ACTIVE
MS000071,2026-08-26 04:05:50+00:00,S11,11,S10,S12,60.0,56.48,1,ACTIVE
MS000072,2026-08-26 04:05:55+00:00,S12,12,S11,,60.0,58.71,1,ACTIVE
MS000073,2026-08-26 04:06:00+00:00,S01,1,,S02,60.0,58.1,1,ACTIVE
MS000074,2026-08-26 04:06:05+00:00,S02,2,S01,S03,60.0,56.76,1,ACTIVE
MS000075,2026-08-26 04:06:10+00:00,S03,3,S02,S04,60.0,58.43,1,ACTIVE
MS000076,2026-08-26 04:06:15+00:00,S04,4,S03,S05,60.0,57.79,1,ACTIVE
MS000077,2026-08-26 04:06:20+00:00,S05,5,S04,S06,60.0,55.38,1,ACTIVE
MS000078,2026-08-26 04:06:25+00:00,S06,6,S05,S07,60.0,58.9,1,ACTIVE
MS000079,2026-08-26 04:06:30+00:00,S07,7,S06,S08,60.0,58.04,1,ACTIVE
MS000080,2026-08-26 04:06:35+00:00,S08,8,S07,S09,60.0,58.14,1,ACTIVE
MS000081,2026-08-26 04:06:40+00:00,S09,9,S08,S10,60.0,55.51,1,ACTIVE
MS000082,2026-08-26 04:06:45+00:00,S10,10,S09,S11,60.0,56.8,1,ACTIVE
MS000083,2026-08-26 04:06:50+00:00,S11,11,S10,S12,60.0,56.48,1,ACTIVE
MS000084,2026-08-26 04:06:55+00:00,S12,12,S11,,60.0,58.71,1,ACTIVE
MS000085,2026-08-26 04:07:00+00:00,S01,1,,S02,60.0,58.1,1,ACTIVE
MS000086,2026-08-26 04:07:05+00:00,S02,2,S01,S03,60.0,56.76,1,ACTIVE
MS000087,2026-08-26 04:07:10+00:00,S03,3,S02,S04,60.0,58.43,1,ACTIVE
MS000088,2026-08-26 04:07:15+00:00,S04,4,S03,S05,60.0,57.79,1,ACTIVE
MS000089,2026-08-26 04:07:20+00:00,S05,5,S04,S06,60.0,55.38,1,ACTIVE
MS000090,2026-08-26 04:07:25+00:00,S06,6,S05,S07,60.0,58.9,1,ACTIVE
MS000091,2026-08-26 04:07:30+00:00,S07,7,S06,S08,60.0,58.04,1,ACTIVE
MS000092,2026-08-26 04:07:35+00:00,S08,8,S07,S09,60.0,58.14,1,ACTIVE
MS000093,2026-08-26 04:07:40+00:00,S09,9,S08,S10,60.0,55.51,1,ACTIVE
MS000094,2026-08-26 04:07:45+00:00,S10,10,S09,S11,60.0,56.8,1,ACTIVE
MS000095,2026-08-26 04:07:50+00:00,S11,11,S10,S12,60.0,56.48,1,ACTIVE
MS000096,2026-08-26 04:07:55+00:00,S12,12,S11,,60.0,58.71,1,ACTIVE
MS000097,2026-08-26 04:08:00+00:00,S01,1,,S02,60.0,58.1,1,ACTIVE
MS000098,2026-08-26 04:08:05+00:00,S02,2,S01,S03,60.0,56.76,1,ACTIVE
MS000099,2026-08-26 04:08:10+00:00,S03,3,S02,S04,60.0,58.43,1,ACTIVE
MS000100,2026-08-26 04:08:15+00:00,S04,4,S03,S05,60.0,57.79,1,ACTIVE
MS000101,2026-08-26 04:08:20+00:00,S05,5,S04,S06,60.0,55.38,1,ACTIVE
MS000102,2026-08-26 04:08:25+00:00,S06,6,S05,S07,60.0,58.9,1,ACTIVE
MS000103,2026-08-26 04:08:30+00:00,S07,7,S06,S08,60.0,58.04,1,ACTIVE
MS000104,2026-08-26 04:08:35+00:00,S08,8,S07,S09,60.0,58.14,1,ACTIVE
MS000105,2026-08-26 04:08:40+00:00,S09,9,S08,S10,60.0,55.51,1,ACTIVE
MS000106,2026-08-26 04:08:45+00:00,S10,10,S09,S11,60.0,56.8,1,ACTIVE
MS000107,2026-08-26 04:08:50+00:00,S11,11,S10,S12,60.0,56.48,1,ACTIVE
MS000108,2026-08-26 04:08:55+00:00,S12,12,S11,,60.0,58.71,1,ACTIVE
MS000109,2026-08-26 04:09:00+00:00,S01,1,,S02,60.0,58.1,1,ACTIVE
MS000110,2026-08-26 04:09:05+00:00,S02,2,S01,S03,60.0,56.76,1,ACTIVE
MS000111,2026-08-26 04:09:10+00:00,S03,3,S02,S04,60.0,58.43,1,ACTIVE
MS000112,2026-08-26 04:09:15+00:00,S04,4,S03,S05,60.0,57.79,1,ACTIVE
MS000113,2026-08-26 04:09:20+00:00,S05,5,S04,S06,60.0,55.38,1,ACTIVE
MS000114,2026-08-26 04:09:25+00:00,S06,6,S05,S07,60.0,58.9,1,ACTIVE
MS000115,2026-08-26 04:09:30+00:00,S07,7,S06,S08,60.0,58.04,1,ACTIVE
MS000116,2026-08-26 04:09:35+00:00,S08,8,S07,S09,60.0,58.14,1,ACTIVE
MS000117,2026-08-26 04:09:40+00:00,S09,9,S08,S10,60.0,55.51,1,ACTIVE
MS000118,2026-08-26 04:09:45+00:00,S10,10,S09,S11,60.0,56.8,1,ACTIVE
MS000119,2026-08-26 04:09:50+00:00,S11,11,S10,S12,60.0,56.48,1,ACTIVE
MS000120,2026-08-26 04:09:55+00:00,S12,12,S11,,60.0,58.71,1,ACTIVE
MS000121,2026-08-26 04:10:00+00:00,S01,1,,S02,60.0,58.1,1,ACTIVE
MS000122,2026-08-26 04:10:05+00:00,S02,2,S01,S03,60.0,56.76,1,ACTIVE
MS000123,2026-08-26 04:10:10+00:00,S03,3,S02,S04,60.0,58.43,1,ACTIVE
MS000124,2026-08-26 04:10:15+00:00,S04,4,S03,S05,60.0,57.79,1,ACTIVE
MS000125,2026-08-26 04:10:20+00:00,S05,5,S04,S06,60.0,55.38,1,ACTIVE
MS000126,2026-08-26 04:10:25+00:00,S06,6,S05,S07,60.0,58.9,1,ACTIVE
MS000127,2026-08-26 04:10:30+00:00,S07,7,S06,S08,60.0,58.04,1,ACTIVE
MS000128,2026-08-26 04:10:35+00:00,S08,8,S07,S09,60.0,58.14,1,ACTIVE
MS000129,2026-08-26 04:10:40+00:00,S09,9,S08,S10,60.0,55.51,1,ACTIVE
MS000130,2026-08-26 04:10:45+00:00,S10,10,S09,S11,60.0,56.8,1,ACTIVE
MS000131,2026-08-26 04:10:50+00:00,S11,11,S10,S12,60.0,56.48,1,ACTIVE
MS000132,2026-08-26 04:10:55+00:00,S12,12,S11,,60.0,58.71,1,ACTIVE
MS000133,2026-08-26 04:11:00+00:00,S01,1,,S02,60.0,58.1,1,ACTIVE
MS000134,2026-08-26 04:11:05+00:00,S02,2,S01,S03,60.0,56.76,1,ACTIVE
MS000135,2026-08-26 04:11:10+00:00,S03,3,S02,S04,60.0,58.43,1,ACTIVE
MS000136,2026-08-26 04:11:15+00:00,S04,4,S03,S05,60.0,57.79,1,ACTIVE
MS000137,2026-08-26 04:11:20+00:00,S05,5,S04,S06,60.0,55.38,1,ACTIVE
MS000138,2026-08-26 04:11:25+00:00,S06,6,S05,S07,60.0,58.9,1,ACTIVE
MS000139,2026-08-26 04:11:30+00:00,S07,7,S06,S08,60.0,58.04,1,ACTIVE
MS000140,2026-08-26 04:11:35+00:00,S08,8,S07,S09,60.0,58.14,1,ACTIVE
MS000141,2026-08-26 04:11:40+00:00,S09,9,S08,S10,60.0,55.51,1,ACTIVE
MS000142,2026-08-26 04:11:45+00:00,S10,10,S09,S11,60.0,56.8,1,ACTIVE
MS000143,2026-08-26 04:11:50+00:00,S11,11,S10,S12,60.0,56.48,1,ACTIVE
MS000144,2026-08-26 04:11:55+00:00,S12,12,S11,,60.0,58.71,1,ACTIVE
MS000145,2026-08-26 04:12:00+00:00,S01,1,,S02,60.0,58.1,1,ACTIVE
MS000146,2026-08-26 04:12:05+00:00,S02,2,S01,S03,60.0,56.76,1,ACTIVE
MS000147,2026-08-26 04:12:10+00:00,S03,3,S02,S04,60.0,58.43,1,ACTIVE
MS000148,2026-08-26 04:12:15+00:00,S04,4,S03,S05,60.0,57.79,1,ACTIVE
MS000149,2026-08-26 04:12:20+00:00,S05,5,S04,S06,60.0,55.38,1,ACTIVE
MS000150,2026-08-26 04:12:25+00:00,S06,6,S05,S07,60.0,58.9,1,ACTIVE
MS000151,2026-08-26 04:12:30+00:00,S07,7,S06,S08,60.0,58.04,1,ACTIVE
MS000152,2026-08-26 04:12:35+00:00,S08,8,S07,S09,60.0,58.14,1,ACTIVE
MS000153,2026-08-26 04:12:40+00:00,S09,9,S08,S10,60.0,55.51,1,ACTIVE
MS000154,2026-08-26 04:12:45+00:00,S10,10,S09,S11,60.0,56.8,1,ACTIVE
MS000155,2026-08-26 04:12:50+00:00,S11,11,S10,S12,60.0,56.48,1,ACTIVE
MS000156,2026-08-26 04:12:55+00:00,S12,12,S11,,60.0,58.71,1,ACTIVE
MS000157,2026-08-26 04:13:00+00:00,S01,1,,S02,60.0,58.1,1,ACTIVE
MS000158,2026-08-26 04:13:05+00:00,S02,2,S01,S03,60.0,56.76,1,ACTIVE
MS000159,2026-08-26 04:13:10+00:00,S03,3,S02,S04,60.0,58.43,1,ACTIVE
MS000160,2026-08-26 04:13:15+00:00,S04,4,S03,S05,60.0,57.79,1,ACTIVE
MS000161,2026-08-26 04:13:20+00:00,S05,5,S04,S06,60.0,55.38,1,ACTIVE
MS000162,2026-08-26 04:13:25+00:00,S06,6,S05,S07,60.0,58.9,1,ACTIVE
MS000163,2026-08-26 04:13:30+00:00,S07,7,S06,S08,60.0,58.04,1,ACTIVE
MS000164,2026-08-26 04:13:35+00:00,S08,8,S07,S09,60.0,58.14,1,ACTIVE
MS000165,2026-08-26 04:13:40+00:00,S09,9,S08,S10,60.0,55.51,1,ACTIVE
MS000166,2026-08-26 04:13:45+00:00,S10,10,S09,S11,60.0,56.8,1,ACTIVE
MS000167,2026-08-26 04:13:50+00:00,S11,11,S10,S12,60.0,56.48,1,ACTIVE
MS000168,2026-08-26 04:13:55+00:00,S12,12,S11,,60.0,58.71,1,ACTIVE
MS000169,2026-08-26 04:14:00+00:00,S01,1,,S02,60.0,58.1,1,ACTIVE
MS000170,2026-08-26 04:14:05+00:00,S02,2,S01,S03,60.0,56.76,1,ACTIVE
MS000171,2026-08-26 04:14:10+00:00,S03,3,S02,S04,60.0,58.43,1,ACTIVE
MS000172,2026-08-26 04:14:15+00:00,S04,4,S03,S05,60.0,57.79,1,ACTIVE
MS000173,2026-08-26 04:14:20+00:00,S05,5,S04,S06,60.0,55.38,1,ACTIVE
MS000174,2026-08-26 04:14:25+00:00,S06,6,S05,S07,60.0,58.9,1,ACTIVE
MS000175,2026-08-26 04:14:30+00:00,S07,7,S06,S08,60.0,58.04,1,ACTIVE
MS000176,2026-08-26 04:14:35+00:00,S08,8,S07,S09,60.0,58.14,1,ACTIVE
MS000177,2026-08-26 04:14:40+00:00,S09,9,S08,S10,60.0,55.51,1,ACTIVE
MS000178,2026-08-26 04:14:45+00:00,S10,10,S09,S11,60.0,56.8,1,ACTIVE
MS000179,2026-08-26 04:14:50+00:00,S11,11,S10,S12,60.0,56.48,1,ACTIVE
MS000180,2026-08-26 04:14:55+00:00,S12,12,S11,,60.0,58.71,1,ACTIVE
MS000181,2026-08-26 04:15:00+00:00,S01,1,,S02,60.0,58.1,1,ACTIVE
MS000182,2026-08-26 04:15:05+00:00,S02,2,S01,S03,60.0,56.76,1,ACTIVE
MS000183,2026-08-26 04:15:10+00:00,S03,3,S02,S04,60.0,58.43,1,ACTIVE
MS000184,2026-08-26 04:15:15+00:00,S04,4,S03,S05,60.0,57.79,1,ACTIVE
MS000185,2026-08-26 04:15:20+00:00,S05,5,S04,S06,60.0,55.38,1,ACTIVE
MS000186,2026-08-26 04:15:25+00:00,S06,6,S05,S07,60.0,58.9,1,ACTIVE
MS000187,2026-08-26 04:15:30+00:00,S07,7,S06,S08,60.0,58.04,1,ACTIVE
MS000188,2026-08-26 04:15:35+00:00,S08,8,S07,S09,60.0,58.14,1,ACTIVE
MS000189,2026-08-26 04:15:40+00:00,S09,9,S08,S10,60.0,55.51,1,ACTIVE
MS000190,2026-08-26 04:15:45+00:00,S10,10,S09,S11,60.0,56.8,1,ACTIVE
MS000191,2026-08-26 04:15:50+00:00,S11,11,S10,S12,60.0,56.48,1,ACTIVE
MS000192,2026-08-26 04:15:55+00:00,S12,12,S11,,60.0,58.71,1,ACTIVE
MS000193,2026-08-26 04:16:00+00:00,S01,1,,S02,60.0,58.1,1,ACTIVE
MS000194,2026-08-26 04:16:05+00:00,S02,2,S01,S03,60.0,56.76,1,ACTIVE
MS000195,2026-08-26 04:16:10+00:00,S03,3,S02,S04,60.0,58.43,1,ACTIVE
MS000196,2026-08-26 04:16:15+00:00,S04,4,S03,S05,60.0,57.79,1,ACTIVE
MS000197,2026-08-26 04:16:20+00:00,S05,5,S04,S06,60.0,55.38,1,ACTIVE
MS000198,2026-08-26 04:16:25+00:00,S06,6,S05,S07,60.0,58.9,1,ACTIVE
MS000199,2026-08-26 04:16:30+00:00,S07,7,S06,S08,60.0,58.04,1,ACTIVE
MS000200,2026-08-26 04:16:35+00:00,S08,8,S07,S09,60.0,58.14,1,ACTIVE
MS000201,2026-08-26 04:16:40+00:00,S09,9,S08,S10,60.0,55.51,1,ACTIVE
MS000202,2026-08-26 04:16:45+00:00,S10,10,S09,S11,60.0,56.8,1,ACTIVE
MS000203,2026-08-26 04:16:50+00:00,S11,11,S10,S12,60.0,56.48,1,ACTIVE
MS000204,2026-08-26 04:16:55+00:00,S12,12,S11,,60.0,58.71,1,ACTIVE
MS000205,2026-08-26 04:17:00+00:00,S01,1,,S02,60.0,58.1,1,ACTIVE
MS000206,2026-08-26 04:17:05+00:00,S02,2,S01,S03,60.0,56.76,1,ACTIVE
MS000207,2026-08-26 04:17:10+00:00,S03,3,S02,S04,60.0,58.43,1,ACTIVE
MS000208,2026-08-26 04:17:15+00:00,S04,4,S03,S05,60.0,57.79,1,ACTIVE
MS000209,2026-08-26 04:17:20+00:00,S05,5,S04,S06,60.0,55.38,1,ACTIVE
MS000210,2026-08-26 04:17:25+00:00,S06,6,S05,S07,60.0,58.9,1,ACTIVE
MS000211,2026-08-26 04:17:30+00:00,S07,7,S06,S08,60.0,58.04,1,ACTIVE
MS000212,2026-08-26 04:17:35+00:00,S08,8,S07,S09,60.0,58.14,1,ACTIVE
MS000213,2026-08-26 04:17:40+00:00,S09,9,S08,S10,60.0,55.51,1,ACTIVE
MS000214,2026-08-26 04:17:45+00:00,S10,10,S09,S11,60.0,56.8,1,ACTIVE
MS000215,2026-08-26 04:17:50+00:00,S11,11,S10,S12,60.0,56.48,1,ACTIVE
MS000216,2026-08-26 04:17:55+00:00,S12,12,S11,,60.0,58.71,1,ACTIVE
MS000217,2026-08-26 04:18:00+00:00,S01,1,,S02,60.0,58.1,1,ACTIVE
MS000218,2026-08-26 04:18:05+00:00,S02,2,S01,S03,60.0,56.76,1,ACTIVE
MS000219,2026-08-26 04:18:10+00:00,S03,3,S02,S04,60.0,58.43,1,ACTIVE
MS000220,2026-08-26 04:18:15+00:00,S04,4,S03,S05,60.0,57.79,1,ACTIVE
MS000221,2026-08-26 04:18:20+00:00,S05,5,S04,S06,60.0,55.38,1,ACTIVE
MS000222,2026-08-26 04:18:25+00:00,S06,6,S05,S07,60.0,58.9,1,ACTIVE
MS000223,2026-08-26 04:18:30+00:00,S07,7,S06,S08,60.0,58.04,1,ACTIVE
MS000224,2026-08-26 04:18:35+00:00,S08,8,S07,S09,60.0,58.14,1,ACTIVE
MS000225,2026-08-26 04:18:40+00:00,S09,9,S08,S10,60.0,55.51,1,ACTIVE
MS000226,2026-08-26 04:18:45+00:00,S10,10,S09,S11,60.0,56.8,1,ACTIVE
MS000227,2026-08-26 04:18:50+00:00,S11,11,S10,S12,60.0,56.48,1,ACTIVE
MS000228,2026-08-26 04:18:55+00:00,S12,12,S11,,60.0,58.71,1,ACTIVE
MS000229,2026-08-26 04:19:00+00:00,S01,1,,S02,60.0,58.1,1,ACTIVE
MS000230,2026-08-26 04:19:05+00:00,S02,2,S01,S03,60.0,56.76,1,ACTIVE
MS000231,2026-08-26 04:19:10+00:00,S03,3,S02,S04,60.0,58.43,1,ACTIVE
MS000232,2026-08-26 04:19:15+00:00,S04,4,S03,S05,60.0,57.79,1,ACTIVE
MS000233,2026-08-26 04:19:20+00:00,S05,5,S04,S06,60.0,55.38,1,ACTIVE
MS000234,2026-08-26 04:19:25+00:00,S06,6,S05,S07,60.0,58.9,1,ACTIVE
MS000235,2026-08-26 04:19:30+00:00,S07,7,S06,S08,60.0,58.04,1,ACTIVE
MS000236,2026-08-26 04:19:35+00:00,S08,8,S07,S09,60.0,58.14,1,ACTIVE
MS000237,2026-08-26 04:19:40+00:00,S09,9,S08,S10,60.0,55.51,1,ACTIVE
MS000238,2026-08-26 04:19:45+00:00,S10,10,S09,S11,60.0,56.8,1,ACTIVE
MS000239,2026-08-26 04:19:50+00:00,S11,11,S10,S12,60.0,56.48,1,ACTIVE
MS000240,2026-08-26 04:19:55+00:00,S12,12,S11,,60.0,58.71,1,ACTIVE
MS000241,2026-08-26 04:20:00+00:00,S01,1,,S02,60.0,58.1,1,ACTIVE
MS000242,2026-08-26 04:20:05+00:00,S02,2,S01,S03,60.0,56.76,1,ACTIVE
MS000243,2026-08-26 04:20:10+00:00,S03,3,S02,S04,60.0,58.43,1,ACTIVE
MS000244,2026-08-26 04:20:15+00:00,S04,4,S03,S05,60.0,57.79,1,ACTIVE
MS000245,2026-08-26 04:20:20+00:00,S05,5,S04,S06,60.0,55.38,1,ACTIVE
MS000246,2026-08-26 04:20:25+00:00,S06,6,S05,S07,60.0,58.9,1,ACTIVE
MS000247,2026-08-26 04:20:30+00:00,S07,7,S06,S08,60.0,58.04,1,ACTIVE
MS000248,2026-08-26 04:20:35+00:00,S08,8,S07,S09,60.0,58.14,1,ACTIVE
MS000249,2026-08-26 04:20:40+00:00,S09,9,S08,S10,60.0,55.51,1,ACTIVE
MS000250,2026-08-26 04:20:45+00:00,S10,10,S09,S11,60.0,56.8,1,ACTIVE
MS000251,2026-08-26 04:20:50+00:00,S11,11,S10,S12,60.0,56.48,1,ACTIVE
MS000252,2026-08-26 04:20:55+00:00,S12,12,S11,,60.0,58.71,1,ACTIVE
MS000253,2026-08-26 04:21:00+00:00,S01,1,,S02,60.0,58.1,1,ACTIVE
MS000254,2026-08-26 04:21:05+00:00,S02,2,S01,S03,60.0,56.76,1,ACTIVE
MS000255,2026-08-26 04:21:10+00:00,S03,3,S02,S04,60.0,58.43,1,ACTIVE
MS000256,2026-08-26 04:21:15+00:00,S04,4,S03,S05,60.0,57.79,1,ACTIVE
MS000257,2026-08-26 04:21:20+00:00,S05,5,S04,S06,60.0,55.38,1,ACTIVE
MS000258,2026-08-26 04:21:25+00:00,S06,6,S05,S07,60.0,58.9,1,ACTIVE
MS000259,2026-08-26 04:21:30+00:00,S07,7,S06,S08,60.0,58.04,1,ACTIVE
MS000260,2026-08-26 04:21:35+00:00,S08,8,S07,S09,60.0,58.14,1,ACTIVE
MS000261,2026-08-26 04:21:40+00:00,S09,9,S08,S10,60.0,55.51,1,ACTIVE
MS000262,2026-08-26 04:21:45+00:00,S10,10,S09,S11,60.0,56.8,1,ACTIVE
MS000263,2026-08-26 04:21:50+00:00,S11,11,S10,S12,60.0,56.48,1,ACTIVE
MS000264,2026-08-26 04:21:55+00:00,S12,12,S11,,60.0,58.71,1,ACTIVE
MS000265,2026-08-26 04:22:00+00:00,S01,1,,S02,60.0,58.1,1,ACTIVE
MS000266,2026-08-26 04:22:05+00:00,S02,2,S01,S03,60.0,56.76,1,ACTIVE
MS000267,2026-08-26 04:22:10+00:00,S03,3,S02,S04,60.0,58.43,1,ACTIVE
MS000268,2026-08-26 04:22:15+00:00,S04,4,S03,S05,60.0,57.79,1,ACTIVE
MS000269,2026-08-26 04:22:20+00:00,S05,5,S04,S06,60.0,55.38,1,ACTIVE
MS000270,2026-08-26 04:22:25+00:00,S06,6,S05,S07,60.0,58.9,1,ACTIVE
MS000271,2026-08-26 04:22:30+00:00,S07,7,S06,S08,60.0,58.04,1,ACTIVE
MS000272,2026-08-26 04:22:35+00:00,S08,8,S07,S09,60.0,58.14,1,ACTIVE
MS000273,2026-08-26 04:22:40+00:00,S09,9,S08,S10,60.0,55.51,1,ACTIVE
MS000274,2026-08-26 04:22:45+00:00,S10,10,S09,S11,60.0,56.8,1,ACTIVE
MS000275,2026-08-26 04:22:50+00:00,S11,11,S10,S12,60.0,56.48,1,ACTIVE
MS000276,2026-08-26 04:22:55+00:00,S12,12,S11,,60.0,58.71,1,ACTIVE
MS000277,2026-08-26 04:23:00+00:00,S01,1,,S02,60.0,58.1,1,ACTIVE
MS000278,2026-08-26 04:23:05+00:00,S02,2,S01,S03,60.0,56.76,1,ACTIVE
MS000279,2026-08-26 04:23:10+00:00,S03,3,S02,S04,60.0,58.43,1,ACTIVE
MS000280,2026-08-26 04:23:15+00:00,S04,4,S03,S05,60.0,57.79,1,ACTIVE
MS000281,2026-08-26 04:23:20+00:00,S05,5,S04,S06,60.0,55.38,1,ACTIVE
MS000282,2026-08-26 04:23:25+00:00,S06,6,S05,S07,60.0,58.9,1,ACTIVE
MS000283,2026-08-26 04:23:30+00:00,S07,7,S06,S08,60.0,58.04,1,ACTIVE
MS000284,2026-08-26 04:23:35+00:00,S08,8,S07,S09,60.0,58.14,1,ACTIVE
MS000285,2026-08-26 04:23:40+00:00,S09,9,S08,S10,60.0,55.51,1,ACTIVE
MS000286,2026-08-26 04:23:45+00:00,S10,10,S09,S11,60.0,56.8,1,ACTIVE
MS000287,2026-08-26 04:23:50+00:00,S11,11,S10,S12,60.0,56.48,1,ACTIVE
MS000288,2026-08-26 04:23:55+00:00,S12,12,S11,,60.0,58.71,1,ACTIVE
MS000289,2026-08-26 04:24:00+00:00,S01,1,,S02,60.0,58.1,1,ACTIVE
MS000290,2026-08-26 04:24:05+00:00,S02,2,S01,S03,60.0,56.76,1,ACTIVE
MS000291,2026-08-26 04:24:10+00:00,S03,3,S02,S04,60.0,58.43,1,ACTIVE
MS000292,2026-08-26 04:24:15+00:00,S04,4,S03,S05,60.0,57.79,1,ACTIVE
MS000293,2026-08-26 04:24:20+00:00,S05,5,S04,S06,60.0,55.38,1,ACTIVE
MS000294,2026-08-26 04:24:25+00:00,S06,6,S05,S07,60.0,58.9,1,ACTIVE
MS000295,2026-08-26 04:24:30+00:00,S07,7,S06,S08,60.0,58.04,1,ACTIVE
MS000296,2026-08-26 04:24:35+00:00,S08,8,S07,S09,60.0,58.14,1,ACTIVE
MS000297,2026-08-26 04:24:40+00:00,S09,9,S08,S10,60.0,55.51,1,ACTIVE
MS000298,2026-08-26 04:24:45+00:00,S10,10,S09,S11,60.0,56.8,1,ACTIVE
MS000299,2026-08-26 04:24:50+00:00,S11,11,S10,S12,60.0,56.48,1,ACTIVE
MS000300,2026-08-26 04:24:55+00:00,S12,12,S11,,60.0,58.71,1,ACTIVE
MS000301,2026-08-26 04:25:00+00:00,S01,1,,S02,60.0,58.1,1,ACTIVE
MS000302,2026-08-26 04:25:05+00:00,S02,2,S01,S03,60.0,56.76,1,ACTIVE
MS000303,2026-08-26 04:25:10+00:00,S03,3,S02,S04,60.0,58.43,1,ACTIVE
MS000304,2026-08-26 04:25:15+00:00,S04,4,S03,S05,60.0,57.79,1,ACTIVE
MS000305,2026-08-26 04:25:20+00:00,S05,5,S04,S06,60.0,55.38,1,ACTIVE
MS000306,2026-08-26 04:25:25+00:00,S06,6,S05,S07,60.0,58.9,1,ACTIVE
MS000307,2026-08-26 04:25:30+00:00,S07,7,S06,S08,60.0,58.04,1,ACTIVE
MS000308,2026-08-26 04:25:35+00:00,S08,8,S07,S09,60.0,58.14,1,ACTIVE
MS000309,2026-08-26 04:25:40+00:00,S09,9,S08,S10,60.0,55.51,1,ACTIVE
MS000310,2026-08-26 04:25:45+00:00,S10,10,S09,S11,60.0,56.8,1,ACTIVE
MS000311,2026-08-26 04:25:50+00:00,S11,11,S10,S12,60.0,56.48,1,ACTIVE
MS000312,2026-08-26 04:25:55+00:00,S12,12,S11,,60.0,58.71,1,ACTIVE
MS000313,2026-08-26 04:26:00+00:00,S01,1,,S02,60.0,58.1,1,ACTIVE
MS000314,2026-08-26 04:26:05+00:00,S02,2,S01,S03,60.0,56.76,1,ACTIVE
MS000315,2026-08-26 04:26:10+00:00,S03,3,S02,S04,60.0,58.43,1,ACTIVE
MS000316,2026-08-26 04:26:15+00:00,S04,4,S03,S05,60.0,57.79,1,ACTIVE
MS000317,2026-08-26 04:26:20+00:00,S05,5,S04,S06,60.0,55.38,1,ACTIVE
MS000318,2026-08-26 04:26:25+00:00,S06,6,S05,S07,60.0,58.9,1,ACTIVE
MS000319,2026-08-26 04:26:30+00:00,S07,7,S06,S08,60.0,58.04,1,ACTIVE
MS000320,2026-08-26 04:26:35+00:00,S08,8,S07,S09,60.0,58.14,1,ACTIVE
MS000321,2026-08-26 04:26:40+00:00,S09,9,S08,S10,60.0,55.51,1,ACTIVE
MS000322,2026-08-26 04:26:45+00:00,S10,10,S09,S11,60.0,56.8,1,ACTIVE
MS000323,2026-08-26 04:26:50+00:00,S11,11,S10,S12,60.0,56.48,1,ACTIVE
MS000324,2026-08-26 04:26:55+00:00,S12,12,S11,,60.0,58.71,1,ACTIVE
MS000325,2026-08-26 04:27:00+00:00,S01,1,,S02,60.0,58.1,1,ACTIVE
MS000326,2026-08-26 04:27:05+00:00,S02,2,S01,S03,60.0,56.76,1,ACTIVE
MS000327,2026-08-26 04:27:10+00:00,S03,3,S02,S04,60.0,58.43,1,ACTIVE
MS000328,2026-08-26 04:27:15+00:00,S04,4,S03,S05,60.0,57.79,1,ACTIVE
MS000329,2026-08-26 04:27:20+00:00,S05,5,S04,S06,60.0,55.38,1,ACTIVE
MS000330,2026-08-26 04:27:25+00:00,S06,6,S05,S07,60.0,58.9,1,ACTIVE
MS000331,2026-08-26 04:27:30+00:00,S07,7,S06,S08,60.0,58.04,1,ACTIVE
MS000332,2026-08-26 04:27:35+00:00,S08,8,S07,S09,60.0,58.14,1,ACTIVE
MS000333,2026-08-26 04:27:40+00:00,S09,9,S08,S10,60.0,55.51,1,ACTIVE
MS000334,2026-08-26 04:27:45+00:00,S10,10,S09,S11,60.0,56.8,1,ACTIVE
MS000335,2026-08-26 04:27:50+00:00,S11,11,S10,S12,60.0,56.48,1,ACTIVE
MS000336,2026-08-26 04:27:55+00:00,S12,12,S11,,60.0,58.71,1,ACTIVE
MS000337,2026-08-26 04:28:00+00:00,S01,1,,S02,60.0,58.1,1,ACTIVE
MS000338,2026-08-26 04:28:05+00:00,S02,2,S01,S03,60.0,56.76,1,ACTIVE
MS000339,2026-08-26 04:28:10+00:00,S03,3,S02,S04,60.0,58.43,1,ACTIVE
MS000340,2026-08-26 04:28:15+00:00,S04,4,S03,S05,60.0,57.79,1,ACTIVE
MS000341,2026-08-26 04:28:20+00:00,S05,5,S04,S06,60.0,55.38,1,ACTIVE
MS000342,2026-08-26 04:28:25+00:00,S06,6,S05,S07,60.0,58.9,1,ACTIVE
MS000343,2026-08-26 04:28:30+00:00,S07,7,S06,S08,60.0,58.04,1,ACTIVE
MS000344,2026-08-26 04:28:35+00:00,S08,8,S07,S09,60.0,58.14,1,ACTIVE
MS000345,2026-08-26 04:28:40+00:00,S09,9,S08,S10,60.0,55.51,1,ACTIVE
MS000346,2026-08-26 04:28:45+00:00,S10,10,S09,S11,60.0,56.8,1,ACTIVE
MS000347,2026-08-26 04:28:50+00:00,S11,11,S10,S12,60.0,56.48,1,ACTIVE
MS000348,2026-08-26 04:28:55+00:00,S12,12,S11,,60.0,58.71,1,ACTIVE
MS000349,2026-08-26 04:29:00+00:00,S01,1,,S02,60.0,58.1,1,ACTIVE
MS000350,2026-08-26 04:29:05+00:00,S02,2,S01,S03,60.0,56.76,1,ACTIVE
MS000351,2026-08-26 04:29:10+00:00,S03,3,S02,S04,60.0,58.43,1,ACTIVE
MS000352,2026-08-26 04:29:15+00:00,S04,4,S03,S05,60.0,57.79,1,ACTIVE
MS000353,2026-08-26 04:29:20+00:00,S05,5,S04,S06,60.0,55.38,1,ACTIVE
MS000354,2026-08-26 04:29:25+00:00,S06,6,S05,S07,60.0,58.9,1,ACTIVE
MS000355,2026-08-26 04:29:30+00:00,S07,7,S06,S08,60.0,58.04,1,ACTIVE
MS000356,2026-08-26 04:29:35+00:00,S08,8,S07,S09,60.0,58.14,1,ACTIVE
MS000357,2026-08-26 04:29:40+00:00,S09,9,S08,S10,60.0,55.51,1,ACTIVE
MS000358,2026-08-26 04:29:45+00:00,S10,10,S09,S11,60.0,56.8,1,ACTIVE
MS000359,2026-08-26 04:29:50+00:00,S11,11,S10,S12,60.0,56.48,1,ACTIVE
MS000360,2026-08-26 04:29:55+00:00,S12,12,S11,,60.0,58.71,1,ACTIVE
MS000361,2026-08-26 04:30:00+00:00,S01,1,,S02,60.0,58.1,1,ACTIVE
MS000362,2026-08-26 04:30:05+00:00,S02,2,S01,S03,60.0,56.76,1,ACTIVE
MS000363,2026-08-26 04:30:10+00:00,S03,3,S02,S04,60.0,58.43,1,ACTIVE
MS000364,2026-08-26 04:30:15+00:00,S04,4,S03,S05,60.0,57.79,1,ACTIVE
MS000365,2026-08-26 04:30:20+00:00,S05,5,S04,S06,60.0,55.38,1,ACTIVE
MS000366,2026-08-26 04:30:25+00:00,S06,6,S05,S07,60.0,58.9,1,ACTIVE
MS000367,2026-08-26 04:30:30+00:00,S07,7,S06,S08,60.0,58.04,1,ACTIVE
MS000368,2026-08-26 04:30:35+00:00,S08,8,S07,S09,60.0,58.14,1,ACTIVE
MS000369,2026-08-26 04:30:40+00:00,S09,9,S08,S10,60.0,55.51,1,ACTIVE
MS000370,2026-08-26 04:30:45+00:00,S10,10,S09,S11,60.0,56.8,1,ACTIVE
MS000371,2026-08-26 04:30:50+00:00,S11,11,S10,S12,60.0,56.48,1,ACTIVE
MS000372,2026-08-26 04:30:55+00:00,S12,12,S11,,60.0,58.71,1,ACTIVE
MS000373,2026-08-26 04:31:00+00:00,S01,1,,S02,60.0,58.1,1,ACTIVE
MS000374,2026-08-26 04:31:05+00:00,S02,2,S01,S03,60.0,56.76,1,ACTIVE
MS000375,2026-08-26 04:31:10+00:00,S03,3,S02,S04,60.0,58.43,1,ACTIVE
MS000376,2026-08-26 04:31:15+00:00,S04,4,S03,S05,60.0,57.79,1,ACTIVE
MS000377,2026-08-26 04:31:20+00:00,S05,5,S04,S06,60.0,55.38,1,ACTIVE
MS000378,2026-08-26 04:31:25+00:00,S06,6,S05,S07,60.0,58.9,1,ACTIVE
MS000379,2026-08-26 04:31:30+00:00,S07,7,S06,S08,60.0,58.04,1,ACTIVE
MS000380,2026-08-26 04:31:35+00:00,S08,8,S07,S09,60.0,58.14,1,ACTIVE
MS000381,2026-08-26 04:31:40+00:00,S09,9,S08,S10,60.0,55.51,1,ACTIVE
MS000382,2026-08-26 04:31:45+00:00,S10,10,S09,S11,60.0,56.8,1,ACTIVE
MS000383,2026-08-26 04:31:50+00:00,S11,11,S10,S12,60.0,56.48,1,ACTIVE
MS000384,2026-08-26 04:31:55+00:00,S12,12,S11,,60.0,58.71,1,ACTIVE
MS000385,2026-08-26 04:32:00+00:00,S01,1,,S02,60.0,58.1,1,ACTIVE
MS000386,2026-08-26 04:32:05+00:00,S02,2,S01,S03,60.0,56.76,1,ACTIVE
MS000387,2026-08-26 04:32:10+00:00,S03,3,S02,S04,60.0,58.43,1,ACTIVE
MS000388,2026-08-26 04:32:15+00:00,S04,4,S03,S05,60.0,57.79,1,ACTIVE
MS000389,2026-08-26 04:32:20+00:00,S05,5,S04,S06,60.0,55.38,1,ACTIVE
MS000390,2026-08-26 04:32:25+00:00,S06,6,S05,S07,60.0,58.9,1,ACTIVE
MS000391,2026-08-26 04:32:30+00:00,S07,7,S06,S08,60.0,58.04,1,ACTIVE
MS000392,2026-08-26 04:32:35+00:00,S08,8,S07,S09,60.0,58.14,1,ACTIVE
MS000393,2026-08-26 04:32:40+00:00,S09,9,S08,S10,60.0,55.51,1,ACTIVE
MS000394,2026-08-26 04:32:45+00:00,S10,10,S09,S11,60.0,56.8,1,ACTIVE
MS000395,2026-08-26 04:32:50+00:00,S11,11,S10,S12,60.0,56.48,1,ACTIVE
MS000396,2026-08-26 04:32:55+00:00,S12,12,S11,,60.0,58.71,1,ACTIVE
MS000397,2026-08-26 04:33:00+00:00,S01,1,,S02,60.0,58.1,1,ACTIVE
MS000398,2026-08-26 04:33:05+00:00,S02,2,S01,S03,60.0,56.76,1,ACTIVE
MS000399,2026-08-26 04:33:10+00:00,S03,3,S02,S04,60.0,58.43,1,ACTIVE
MS000400,2026-08-26 04:33:15+00:00,S04,4,S03,S05,60.0,57.79,1,ACTIVE
MS000401,2026-08-26 04:33:20+00:00,S05,5,S04,S06,60.0,55.38,1,ACTIVE
MS000402,2026-08-26 04:33:25+00:00,S06,6,S05,S07,60.0,58.9,1,ACTIVE
MS000403,2026-08-26 04:33:30+00:00,S07,7,S06,S08,60.0,58.04,1,ACTIVE
MS000404,2026-08-26 04:33:35+00:00,S08,8,S07,S09,60.0,58.14,1,ACTIVE
MS000405,2026-08-26 04:33:40+00:00,S09,9,S08,S10,60.0,55.51,1,ACTIVE
MS000406,2026-08-26 04:33:45+00:00,S10,10,S09,S11,60.0,56.8,1,ACTIVE
MS000407,2026-08-26 04:33:50+00:00,S11,11,S10,S12,60.0,56.48,1,ACTIVE
MS000408,2026-08-26 04:33:55+00:00,S12,12,S11,,60.0,58.71,1,ACTIVE
MS000409,2026-08-26 04:34:00+00:00,S01,1,,S02,60.0,58.1,1,ACTIVE
MS000410,2026-08-26 04:34:05+00:00,S02,2,S01,S03,60.0,56.76,1,ACTIVE
MS000411,2026-08-26 04:34:10+00:00,S03,3,S02,S04,60.0,58.43,1,ACTIVE
MS000412,2026-08-26 04:34:15+00:00,S04,4,S03,S05,60.0,57.79,1,ACTIVE
MS000413,2026-08-26 04:34:20+00:00,S05,5,S04,S06,60.0,55.38,1,ACTIVE
MS000414,2026-08-26 04:34:25+00:00,S06,6,S05,S07,60.0,58.9,1,ACTIVE
MS000415,2026-08-26 04:34:30+00:00,S07,7,S06,S08,60.0,58.04,1,ACTIVE
MS000416,2026-08-26 04:34:35+00:00,S08,8,S07,S09,60.0,58.14,1,ACTIVE
MS000417,2026-08-26 04:34:40+00:00,S09,9,S08,S10,60.0,55.51,1,ACTIVE
MS000418,2026-08-26 04:34:45+00:00,S10,10,S09,S11,60.0,56.8,1,ACTIVE
MS000419,2026-08-26 04:34:50+00:00,S11,11,S10,S12,60.0,56.48,1,ACTIVE
MS000420,2026-08-26 04:34:55+00:00,S12,12,S11,,60.0,58.71,1,ACTIVE
MS000421,2026-08-26 04:35:00+00:00,S01,1,,S02,60.0,58.1,1,ACTIVE
MS000422,2026-08-26 04:35:05+00:00,S02,2,S01,S03,60.0,56.76,1,ACTIVE
MS000423,2026-08-26 04:35:10+00:00,S03,3,S02,S04,60.0,58.43,1,ACTIVE
MS000424,2026-08-26 04:35:15+00:00,S04,4,S03,S05,60.0,57.79,1,ACTIVE
MS000425,2026-08-26 04:35:20+00:00,S05,5,S04,S06,60.0,55.38,1,ACTIVE
MS000426,2026-08-26 04:35:25+00:00,S06,6,S05,S07,60.0,58.9,1,ACTIVE
MS000427,2026-08-26 04:35:30+00:00,S07,7,S06,S08,60.0,58.04,1,ACTIVE
MS000428,2026-08-26 04:35:35+00:00,S08,8,S07,S09,60.0,58.14,1,ACTIVE
MS000429,2026-08-26 04:35:40+00:00,S09,9,S08,S10,60.0,55.51,1,ACTIVE
MS000430,2026-08-26 04:35:45+00:00,S10,10,S09,S11,60.0,56.8,1,ACTIVE
MS000431,2026-08-26 04:35:50+00:00,S11,11,S10,S12,60.0,56.48,1,ACTIVE
MS000432,2026-08-26 04:35:55+00:00,S12,12,S11,,60.0,58.71,1,ACTIVE
MS000433,2026-08-26 04:36:00+00:00,S01,1,,S02,60.0,58.1,1,ACTIVE
MS000434,2026-08-26 04:36:05+00:00,S02,2,S01,S03,60.0,56.76,1,ACTIVE
MS000435,2026-08-26 04:36:10+00:00,S03,3,S02,S04,60.0,58.43,1,ACTIVE
MS000436,2026-08-26 04:36:15+00:00,S04,4,S03,S05,60.0,57.79,1,ACTIVE
MS000437,2026-08-26 04:36:20+00:00,S05,5,S04,S06,60.0,55.38,1,ACTIVE
MS000438,2026-08-26 04:36:25+00:00,S06,6,S05,S07,60.0,58.9,1,ACTIVE
MS000439,2026-08-26 04:36:30+00:00,S07,7,S06,S08,60.0,58.04,1,ACTIVE
MS000440,2026-08-26 04:36:35+00:00,S08,8,S07,S09,60.0,58.14,1,ACTIVE
MS000441,2026-08-26 04:36:40+00:00,S09,9,S08,S10,60.0,55.51,1,ACTIVE
MS000442,2026-08-26 04:36:45+00:00,S10,10,S09,S11,60.0,56.8,1,ACTIVE
MS000443,2026-08-26 04:36:50+00:00,S11,11,S10,S12,60.0,56.48,1,ACTIVE
MS000444,2026-08-26 04:36:55+00:00,S12,12,S11,,60.0,58.71,1,ACTIVE
MS000445,2026-08-26 04:37:00+00:00,S01,1,,S02,60.0,58.1,1,ACTIVE
MS000446,2026-08-26 04:37:05+00:00,S02,2,S01,S03,60.0,56.76,1,ACTIVE
MS000447,2026-08-26 04:37:10+00:00,S03,3,S02,S04,60.0,58.43,1,ACTIVE
MS000448,2026-08-26 04:37:15+00:00,S04,4,S03,S05,60.0,57.79,1,ACTIVE
MS000449,2026-08-26 04:37:20+00:00,S05,5,S04,S06,60.0,55.38,1,ACTIVE
MS000450,2026-08-26 04:37:25+00:00,S06,6,S05,S07,60.0,58.9,1,ACTIVE
MS000451,2026-08-26 04:37:30+00:00,S07,7,S06,S08,60.0,58.04,1,ACTIVE
MS000452,2026-08-26 04:37:35+00:00,S08,8,S07,S09,60.0,58.14,1,ACTIVE
MS000453,2026-08-26 04:37:40+00:00,S09,9,S08,S10,60.0,55.51,1,ACTIVE
MS000454,2026-08-26 04:37:45+00:00,S10,10,S09,S11,60.0,56.8,1,ACTIVE
MS000455,2026-08-26 04:37:50+00:00,S11,11,S10,S12,60.0,56.48,1,ACTIVE
MS000456,2026-08-26 04:37:55+00:00,S12,12,S11,,60.0,58.71,1,ACTIVE
MS000457,2026-08-26 04:38:00+00:00,S01,1,,S02,60.0,58.1,1,ACTIVE
MS000458,2026-08-26 04:38:05+00:00,S02,2,S01,S03,60.0,56.76,1,ACTIVE
MS000459,2026-08-26 04:38:10+00:00,S03,3,S02,S04,60.0,58.43,1,ACTIVE
MS000460,2026-08-26 04:38:15+00:00,S04,4,S03,S05,60.0,57.79,1,ACTIVE
MS000461,2026-08-26 04:38:20+00:00,S05,5,S04,S06,60.0,55.38,1,ACTIVE
MS000462,2026-08-26 04:38:25+00:00,S06,6,S05,S07,60.0,58.9,1,ACTIVE
MS000463,2026-08-26 04:38:30+00:00,S07,7,S06,S08,60.0,58.04,1,ACTIVE
MS000464,2026-08-26 04:38:35+00:00,S08,8,S07,S09,60.0,58.14,1,ACTIVE
MS000465,2026-08-26 04:38:40+00:00,S09,9,S08,S10,60.0,55.51,1,ACTIVE
MS000466,2026-08-26 04:38:45+00:00,S10,10,S09,S11,60.0,56.8,1,ACTIVE
MS000467,2026-08-26 04:38:50+00:00,S11,11,S10,S12,60.0,56.48,1,ACTIVE
MS000468,2026-08-26 04:38:55+00:00,S12,12,S11,,60.0,58.71,1,ACTIVE
MS000469,2026-08-26 04:39:00+00:00,S01,1,,S02,60.0,58.1,1,ACTIVE
MS000470,2026-08-26 04:39:05+00:00,S02,2,S01,S03,60.0,56.76,1,ACTIVE
MS000471,2026-08-26 04:39:10+00:00,S03,3,S02,S04,60.0,58.43,1,ACTIVE
MS000472,2026-08-26 04:39:15+00:00,S04,4,S03,S05,60.0,57.79,1,ACTIVE
MS000473,2026-08-26 04:39:20+00:00,S05,5,S04,S06,60.0,55.38,1,ACTIVE
MS000474,2026-08-26 04:39:25+00:00,S06,6,S05,S07,60.0,58.9,1,ACTIVE
MS000475,2026-08-26 04:39:30+00:00,S07,7,S06,S08,60.0,58.04,1,ACTIVE
MS000476,2026-08-26 04:39:35+00:00,S08,8,S07,S09,60.0,58.14,1,ACTIVE
MS000477,2026-08-26 04:39:40+00:00,S09,9,S08,S10,60.0,55.51,1,ACTIVE
MS000478,2026-08-26 04:39:45+00:00,S10,10,S09,S11,60.0,56.8,1,ACTIVE
MS000479,2026-08-26 04:39:50+00:00,S11,11,S10,S12,60.0,56.48,1,ACTIVE
MS000480,2026-08-26 04:39:55+00:00,S12,12,S11,,60.0,58.71,1,ACTIVE
MS000481,2026-08-26 04:40:00+00:00,S01,1,,S02,60.0,58.1,1,ACTIVE
MS000482,2026-08-26 04:40:05+00:00,S02,2,S01,S03,60.0,56.76,1,ACTIVE
MS000483,2026-08-26 04:40:10+00:00,S03,3,S02,S04,60.0,58.43,1,ACTIVE
MS000484,2026-08-26 04:40:15+00:00,S04,4,S03,S05,60.0,57.79,1,ACTIVE
MS000485,2026-08-26 04:40:20+00:00,S05,5,S04,S06,60.0,55.38,1,ACTIVE
MS000486,2026-08-26 04:40:25+00:00,S06,6,S05,S07,60.0,58.9,1,ACTIVE
MS000487,2026-08-26 04:40:30+00:00,S07,7,S06,S08,60.0,58.04,1,ACTIVE
MS000488,2026-08-26 04:40:35+00:00,S08,8,S07,S09,60.0,58.14,1,ACTIVE
MS000489,2026-08-26 04:40:40+00:00,S09,9,S08,S10,60.0,55.51,1,ACTIVE
MS000490,2026-08-26 04:40:45+00:00,S10,10,S09,S11,60.0,56.8,1,ACTIVE
MS000491,2026-08-26 04:40:50+00:00,S11,11,S10,S12,60.0,56.48,1,ACTIVE
MS000492,2026-08-26 04:40:55+00:00,S12,12,S11,,60.0,58.71,1,ACTIVE
MS000493,2026-08-26 04:41:00+00:00,S01,1,,S02,60.0,58.1,1,ACTIVE
MS000494,2026-08-26 04:41:05+00:00,S02,2,S01,S03,60.0,56.76,1,ACTIVE
MS000495,2026-08-26 04:41:10+00:00,S03,3,S02,S04,60.0,58.43,1,ACTIVE
MS000496,2026-08-26 04:41:15+00:00,S04,4,S03,S05,60.0,57.79,1,ACTIVE
MS000497,2026-08-26 04:41:20+00:00,S05,5,S04,S06,60.0,55.38,1,ACTIVE
MS000498,2026-08-26 04:41:25+00:00,S06,6,S05,S07,60.0,58.9,1,ACTIVE
MS000499,2026-08-26 04:41:30+00:00,S07,7,S06,S08,60.0,58.04,1,ACTIVE
MS000500,2026-08-26 04:41:35+00:00,S08,8,S07,S09,60.0,58.14,1,ACTIVE
MS000501,2026-08-26 04:41:40+00:00,S09,9,S08,S10,60.0,55.51,1,ACTIVE
MS000502,2026-08-26 04:41:45+00:00,S10,10,S09,S11,60.0,56.8,1,ACTIVE
MS000503,2026-08-26 04:41:50+00:00,S11,11,S10,S12,60.0,56.48,1,ACTIVE
MS000504,2026-08-26 04:41:55+00:00,S12,12,S11,,60.0,58.71,1,ACTIVE
MS000505,2026-08-26 04:42:00+00:00,S01,1,,S02,60.0,58.1,1,ACTIVE
MS000506,2026-08-26 04:42:05+00:00,S02,2,S01,S03,60.0,56.76,1,ACTIVE
MS000507,2026-08-26 04:42:10+00:00,S03,3,S02,S04,60.0,58.43,1,ACTIVE
MS000508,2026-08-26 04:42:15+00:00,S04,4,S03,S05,60.0,57.79,1,ACTIVE
MS000509,2026-08-26 04:42:20+00:00,S05,5,S04,S06,60.0,55.38,1,ACTIVE
MS000510,2026-08-26 04:42:25+00:00,S06,6,S05,S07,60.0,58.9,1,ACTIVE
MS000511,2026-08-26 04:42:30+00:00,S07,7,S06,S08,60.0,58.04,1,ACTIVE
MS000512,2026-08-26 04:42:35+00:00,S08,8,S07,S09,60.0,58.14,1,ACTIVE
MS000513,2026-08-26 04:42:40+00:00,S09,9,S08,S10,60.0,55.51,1,ACTIVE
MS000514,2026-08-26 04:42:45+00:00,S10,10,S09,S11,60.0,56.8,1,ACTIVE
MS000515,2026-08-26 04:42:50+00:00,S11,11,S10,S12,60.0,56.48,1,ACTIVE
MS000516,2026-08-26 04:42:55+00:00,S12,12,S11,,60.0,58.71,1,ACTIVE
MS000517,2026-08-26 04:43:00+00:00,S01,1,,S02,60.0,58.1,1,ACTIVE
MS000518,2026-08-26 04:43:05+00:00,S02,2,S01,S03,60.0,56.76,1,ACTIVE
MS000519,2026-08-26 04:43:10+00:00,S03,3,S02,S04,60.0,58.43,1,ACTIVE
MS000520,2026-08-26 04:43:15+00:00,S04,4,S03,S05,60.0,57.79,1,ACTIVE
MS000521,2026-08-26 04:43:20+00:00,S05,5,S04,S06,60.0,55.38,1,ACTIVE
MS000522,2026-08-26 04:43:25+00:00,S06,6,S05,S07,60.0,58.9,1,ACTIVE
MS000523,2026-08-26 04:43:30+00:00,S07,7,S06,S08,60.0,58.04,1,ACTIVE
MS000524,2026-08-26 04:43:35+00:00,S08,8,S07,S09,60.0,58.14,1,ACTIVE
MS000525,2026-08-26 04:43:40+00:00,S09,9,S08,S10,60.0,55.51,1,ACTIVE
MS000526,2026-08-26 04:43:45+00:00,S10,10,S09,S11,60.0,56.8,1,ACTIVE
MS000527,2026-08-26 04:43:50+00:00,S11,11,S10,S12,60.0,56.48,1,ACTIVE
MS000528,2026-08-26 04:43:55+00:00,S12,12,S11,,60.0,58.71,1,ACTIVE
MS000529,2026-08-26 04:44:00+00:00,S01,1,,S02,60.0,58.1,1,ACTIVE
MS000530,2026-08-26 04:44:05+00:00,S02,2,S01,S03,60.0,56.76,1,ACTIVE
MS000531,2026-08-26 04:44:10+00:00,S03,3,S02,S04,60.0,58.43,1,ACTIVE
MS000532,2026-08-26 04:44:15+00:00,S04,4,S03,S05,60.0,57.79,1,ACTIVE
MS000533,2026-08-26 04:44:20+00:00,S05,5,S04,S06,60.0,55.38,1,ACTIVE
MS000534,2026-08-26 04:44:25+00:00,S06,6,S05,S07,60.0,58.9,1,ACTIVE
MS000535,2026-08-26 04:44:30+00:00,S07,7,S06,S08,60.0,58.04,1,ACTIVE
MS000536,2026-08-26 04:44:35+00:00,S08,8,S07,S09,60.0,58.14,1,ACTIVE
MS000537,2026-08-26 04:44:40+00:00,S09,9,S08,S10,60.0,55.51,1,ACTIVE
MS000538,2026-08-26 04:44:45+00:00,S10,10,S09,S11,60.0,56.8,1,ACTIVE
MS000539,2026-08-26 04:44:50+00:00,S11,11,S10,S12,60.0,56.48,1,ACTIVE
MS000540,2026-08-26 04:44:55+00:00,S12,12,S11,,60.0,58.71,1,ACTIVE
MS000541,2026-08-26 04:45:00+00:00,S01,1,,S02,60.0,58.1,1,ACTIVE
MS000542,2026-08-26 04:45:05+00:00,S02,2,S01,S03,60.0,56.76,1,ACTIVE
MS000543,2026-08-26 04:45:10+00:00,S03,3,S02,S04,60.0,58.43,1,ACTIVE
MS000544,2026-08-26 04:45:15+00:00,S04,4,S03,S05,60.0,57.79,1,ACTIVE
MS000545,2026-08-26 04:45:20+00:00,S05,5,S04,S06,60.0,55.38,1,ACTIVE
MS000546,2026-08-26 04:45:25+00:00,S06,6,S05,S07,60.0,58.9,1,ACTIVE
MS000547,2026-08-26 04:45:30+00:00,S07,7,S06,S08,60.0,58.04,1,ACTIVE
MS000548,2026-08-26 04:45:35+00:00,S08,8,S07,S09,60.0,58.14,1,ACTIVE
MS000549,2026-08-26 04:45:40+00:00,S09,9,S08,S10,60.0,55.51,1,ACTIVE
MS000550,2026-08-26 04:45:45+00:00,S10,10,S09,S11,60.0,56.8,1,ACTIVE
MS000551,2026-08-26 04:45:50+00:00,S11,11,S10,S12,60.0,56.48,1,ACTIVE
MS000552,2026-08-26 04:45:55+00:00,S12,12,S11,,60.0,58.71,1,ACTIVE
MS000553,2026-08-26 04:46:00+00:00,S01,1,,S02,60.0,58.1,1,ACTIVE
MS000554,2026-08-26 04:46:05+00:00,S02,2,S01,S03,60.0,56.76,1,ACTIVE
MS000555,2026-08-26 04:46:10+00:00,S03,3,S02,S04,60.0,58.43,1,ACTIVE
MS000556,2026-08-26 04:46:15+00:00,S04,4,S03,S05,60.0,57.79,1,ACTIVE
MS000557,2026-08-26 04:46:20+00:00,S05,5,S04,S06,60.0,55.38,1,ACTIVE
MS000558,2026-08-26 04:46:25+00:00,S06,6,S05,S07,60.0,58.9,1,ACTIVE
MS000559,2026-08-26 04:46:30+00:00,S07,7,S06,S08,60.0,58.04,1,ACTIVE
MS000560,2026-08-26 04:46:35+00:00,S08,8,S07,S09,60.0,58.14,1,ACTIVE
MS000561,2026-08-26 04:46:40+00:00,S09,9,S08,S10,60.0,55.51,1,ACTIVE
MS000562,2026-08-26 04:46:45+00:00,S10,10,S09,S11,60.0,56.8,1,ACTIVE
MS000563,2026-08-26 04:46:50+00:00,S11,11,S10,S12,60.0,56.48,1,ACTIVE
MS000564,2026-08-26 04:46:55+00:00,S12,12,S11,,60.0,58.71,1,ACTIVE
MS000565,2026-08-26 04:47:00+00:00,S01,1,,S02,60.0,58.1,1,ACTIVE
MS000566,2026-08-26 04:47:05+00:00,S02,2,S01,S03,60.0,56.76,1,ACTIVE
MS000567,2026-08-26 04:47:10+00:00,S03,3,S02,S04,60.0,58.43,1,ACTIVE
MS000568,2026-08-26 04:47:15+00:00,S04,4,S03,S05,60.0,57.79,1,ACTIVE
MS000569,2026-08-26 04:47:20+00:00,S05,5,S04,S06,60.0,55.38,1,ACTIVE
MS000570,2026-08-26 04:47:25+00:00,S06,6,S05,S07,60.0,58.9,1,ACTIVE
MS000571,2026-08-26 04:47:30+00:00,S07,7,S06,S08,60.0,58.04,1,ACTIVE
MS000572,2026-08-26 04:47:35+00:00,S08,8,S07,S09,60.0,58.14,1,ACTIVE
MS000573,2026-08-26 04:47:40+00:00,S09,9,S08,S10,60.0,55.51,1,ACTIVE
MS000574,2026-08-26 04:47:45+00:00,S10,10,S09,S11,60.0,56.8,1,ACTIVE
MS000575,2026-08-26 04:47:50+00:00,S11,11,S10,S12,60.0,56.48,1,ACTIVE
MS000576,2026-08-26 04:47:55+00:00,S12,12,S11,,60.0,58.71,1,ACTIVE
MS000577,2026-08-26 04:48:00+00:00,S01,1,,S02,60.0,58.1,1,ACTIVE
MS000578,2026-08-26 04:48:05+00:00,S02,2,S01,S03,60.0,56.76,1,ACTIVE
MS000579,2026-08-26 04:48:10+00:00,S03,3,S02,S04,60.0,58.43,1,ACTIVE
MS000580,2026-08-26 04:48:15+00:00,S04,4,S03,S05,60.0,57.79,1,ACTIVE
MS000581,2026-08-26 04:48:20+00:00,S05,5,S04,S06,60.0,55.38,1,ACTIVE
MS000582,2026-08-26 04:48:25+00:00,S06,6,S05,S07,60.0,58.9,1,ACTIVE
MS000583,2026-08-26 04:48:30+00:00,S07,7,S06,S08,60.0,58.04,1,ACTIVE
MS000584,2026-08-26 04:48:35+00:00,S08,8,S07,S09,60.0,58.14,1,ACTIVE
MS000585,2026-08-26 04:48:40+00:00,S09,9,S08,S10,60.0,55.51,1,ACTIVE
MS000586,2026-08-26 04:48:45+00:00,S10,10,S09,S11,60.0,56.8,1,ACTIVE
MS000587,2026-08-26 04:48:50+00:00,S11,11,S10,S12,60.0,56.48,1,ACTIVE
MS000588,2026-08-26 04:48:55+00:00,S12,12,S11,,60.0,58.71,1,ACTIVE
MS000589,2026-08-26 04:49:00+00:00,S01,1,,S02,60.0,58.1,1,ACTIVE
MS000590,2026-08-26 04:49:05+00:00,S02,2,S01,S03,60.0,56.76,1,ACTIVE
MS000591,2026-08-26 04:49:10+00:00,S03,3,S02,S04,60.0,58.43,1,ACTIVE
MS000592,2026-08-26 04:49:15+00:00,S04,4,S03,S05,60.0,57.79,1,ACTIVE
MS000593,2026-08-26 04:49:20+00:00,S05,5,S04,S06,60.0,55.38,1,ACTIVE
MS000594,2026-08-26 04:49:25+00:00,S06,6,S05,S07,60.0,58.9,1,ACTIVE
MS000595,2026-08-26 04:49:30+00:00,S07,7,S06,S08,60.0,58.04,1,ACTIVE
MS000596,2026-08-26 04:49:35+00:00,S08,8,S07,S09,60.0,58.14,1,ACTIVE
MS000597,2026-08-26 04:49:40+00:00,S09,9,S08,S10,60.0,55.51,1,ACTIVE
MS000598,2026-08-26 04:49:45+00:00,S10,10,S09,S11,60.0,56.8,1,ACTIVE
MS000599,2026-08-26 04:49:50+00:00,S11,11,S10,S12,60.0,56.48,1,ACTIVE
MS000600,2026-08-26 04:49:55+00:00,S12,12,S11,,60.0,58.71,1,ACTIVE
MS000601,2026-08-26 04:50:00+00:00,S01,1,,S02,60.0,58.1,1,ACTIVE
MS000602,2026-08-26 04:50:05+00:00,S02,2,S01,S03,60.0,56.76,1,ACTIVE
MS000603,2026-08-26 04:50:10+00:00,S03,3,S02,S04,60.0,58.43,1,ACTIVE
MS000604,2026-08-26 04:50:15+00:00,S04,4,S03,S05,60.0,57.79,1,ACTIVE
MS000605,2026-08-26 04:50:20+00:00,S05,5,S04,S06,60.0,55.38,1,ACTIVE
MS000606,2026-08-26 04:50:25+00:00,S06,6,S05,S07,60.0,58.9,1,ACTIVE
MS000607,2026-08-26 04:50:30+00:00,S07,7,S06,S08,60.0,58.04,1,ACTIVE
MS000608,2026-08-26 04:50:35+00:00,S08,8,S07,S09,60.0,58.14,1,ACTIVE
MS000609,2026-08-26 04:50:40+00:00,S09,9,S08,S10,60.0,55.51,1,ACTIVE
MS000610,2026-08-26 04:50:45+00:00,S10,10,S09,S11,60.0,56.8,1,ACTIVE
MS000611,2026-08-26 04:50:50+00:00,S11,11,S10,S12,60.0,56.48,1,ACTIVE
MS000612,2026-08-26 04:50:55+00:00,S12,12,S11,,60.0,58.71,1,ACTIVE
MS000613,2026-08-26 04:51:00+00:00,S01,1,,S02,60.0,58.1,1,ACTIVE
MS000614,2026-08-26 04:51:05+00:00,S02,2,S01,S03,60.0,56.76,1,ACTIVE
MS000615,2026-08-26 04:51:10+00:00,S03,3,S02,S04,60.0,58.43,1,ACTIVE
MS000616,2026-08-26 04:51:15+00:00,S04,4,S03,S05,60.0,57.79,1,ACTIVE
MS000617,2026-08-26 04:51:20+00:00,S05,5,S04,S06,60.0,55.38,1,ACTIVE
MS000618,2026-08-26 04:51:25+00:00,S06,6,S05,S07,60.0,58.9,1,ACTIVE
MS000619,2026-08-26 04:51:30+00:00,S07,7,S06,S08,60.0,58.04,1,ACTIVE
MS000620,2026-08-26 04:51:35+00:00,S08,8,S07,S09,60.0,58.14,1,ACTIVE
MS000621,2026-08-26 04:51:40+00:00,S09,9,S08,S10,60.0,55.51,1,ACTIVE
MS000622,2026-08-26 04:51:45+00:00,S10,10,S09,S11,60.0,56.8,1,ACTIVE
MS000623,2026-08-26 04:51:50+00:00,S11,11,S10,S12,60.0,56.48,1,ACTIVE
MS000624,2026-08-26 04:51:55+00:00,S12,12,S11,,60.0,58.71,1,ACTIVE
MS000625,2026-08-26 04:52:00+00:00,S01,1,,S02,60.0,58.1,1,ACTIVE
MS000626,2026-08-26 04:52:05+00:00,S02,2,S01,S03,60.0,56.76,1,ACTIVE
MS000627,2026-08-26 04:52:10+00:00,S03,3,S02,S04,60.0,58.43,1,ACTIVE
MS000628,2026-08-26 04:52:15+00:00,S04,4,S03,S05,60.0,57.79,1,ACTIVE
MS000629,2026-08-26 04:52:20+00:00,S05,5,S04,S06,60.0,55.38,1,ACTIVE
MS000630,2026-08-26 04:52:25+00:00,S06,6,S05,S07,60.0,58.9,1,ACTIVE
MS000631,2026-08-26 04:52:30+00:00,S07,7,S06,S08,60.0,58.04,1,ACTIVE
MS000632,2026-08-26 04:52:35+00:00,S08,8,S07,S09,60.0,58.14,1,ACTIVE
MS000633,2026-08-26 04:52:40+00:00,S09,9,S08,S10,60.0,55.51,1,ACTIVE
MS000634,2026-08-26 04:52:45+00:00,S10,10,S09,S11,60.0,56.8,1,ACTIVE
MS000635,2026-08-26 04:52:50+00:00,S11,11,S10,S12,60.0,56.48,1,ACTIVE
MS000636,2026-08-26 04:52:55+00:00,S12,12,S11,,60.0,58.71,1,ACTIVE
MS000637,2026-08-26 04:53:00+00:00,S01,1,,S02,60.0,58.1,1,ACTIVE
MS000638,2026-08-26 04:53:05+00:00,S02,2,S01,S03,60.0,56.76,1,ACTIVE
MS000639,2026-08-26 04:53:10+00:00,S03,3,S02,S04,60.0,58.43,1,ACTIVE
MS000640,2026-08-26 04:53:15+00:00,S04,4,S03,S05,60.0,57.79,1,ACTIVE
MS000641,2026-08-26 04:53:20+00:00,S05,5,S04,S06,60.0,55.38,1,ACTIVE
MS000642,2026-08-26 04:53:25+00:00,S06,6,S05,S07,60.0,58.9,1,ACTIVE
MS000643,2026-08-26 04:53:30+00:00,S07,7,S06,S08,60.0,58.04,1,ACTIVE
MS000644,2026-08-26 04:53:35+00:00,S08,8,S07,S09,60.0,58.14,1,ACTIVE
MS000645,2026-08-26 04:53:40+00:00,S09,9,S08,S10,60.0,55.51,1,ACTIVE
MS000646,2026-08-26 04:53:45+00:00,S10,10,S09,S11,60.0,56.8,1,ACTIVE
MS000647,2026-08-26 04:53:50+00:00,S11,11,S10,S12,60.0,56.48,1,ACTIVE
MS000648,2026-08-26 04:53:55+00:00,S12,12,S11,,60.0,58.71,1,ACTIVE
MS000649,2026-08-26 04:54:00+00:00,S01,1,,S02,60.0,58.1,1,ACTIVE
MS000650,2026-08-26 04:54:05+00:00,S02,2,S01,S03,60.0,56.76,1,ACTIVE
MS000651,2026-08-26 04:54:10+00:00,S03,3,S02,S04,60.0,58.43,1,ACTIVE
MS000652,2026-08-26 04:54:15+00:00,S04,4,S03,S05,60.0,57.79,1,ACTIVE
MS000653,2026-08-26 04:54:20+00:00,S05,5,S04,S06,60.0,55.38,1,ACTIVE
MS000654,2026-08-26 04:54:25+00:00,S06,6,S05,S07,60.0,58.9,1,ACTIVE
MS000655,2026-08-26 04:54:30+00:00,S07,7,S06,S08,60.0,58.04,1,ACTIVE
MS000656,2026-08-26 04:54:35+00:00,S08,8,S07,S09,60.0,58.14,1,ACTIVE
MS000657,2026-08-26 04:54:40+00:00,S09,9,S08,S10,60.0,55.51,1,ACTIVE
MS000658,2026-08-26 04:54:45+00:00,S10,10,S09,S11,60.0,56.8,1,ACTIVE
MS000659,2026-08-26 04:54:50+00:00,S11,11,S10,S12,60.0,56.48,1,ACTIVE
MS000660,2026-08-26 04:54:55+00:00,S12,12,S11,,60.0,58.71,1,ACTIVE
MS000661,2026-08-26 04:55:00+00:00,S01,1,,S02,60.0,58.1,1,ACTIVE
MS000662,2026-08-26 04:55:05+00:00,S02,2,S01,S03,60.0,56.76,1,ACTIVE
MS000663,2026-08-26 04:55:10+00:00,S03,3,S02,S04,60.0,58.43,1,ACTIVE
MS000664,2026-08-26 04:55:15+00:00,S04,4,S03,S05,60.0,57.79,1,ACTIVE
MS000665,2026-08-26 04:55:20+00:00,S05,5,S04,S06,60.0,55.38,1,ACTIVE
MS000666,2026-08-26 04:55:25+00:00,S06,6,S05,S07,60.0,58.9,1,ACTIVE
MS000667,2026-08-26 04:55:30+00:00,S07,7,S06,S08,60.0,58.04,1,ACTIVE
MS000668,2026-08-26 04:55:35+00:00,S08,8,S07,S09,60.0,58.14,1,ACTIVE
MS000669,2026-08-26 04:55:40+00:00,S09,9,S08,S10,60.0,55.51,1,ACTIVE
MS000670,2026-08-26 04:55:45+00:00,S10,10,S09,S11,60.0,56.8,1,ACTIVE
MS000671,2026-08-26 04:55:50+00:00,S11,11,S10,S12,60.0,56.48,1,ACTIVE
MS000672,2026-08-26 04:55:55+00:00,S12,12,S11,,60.0,58.71,1,ACTIVE
MS000673,2026-08-26 04:56:00+00:00,S01,1,,S02,60.0,58.1,1,ACTIVE
MS000674,2026-08-26 04:56:05+00:00,S02,2,S01,S03,60.0,56.76,1,ACTIVE
MS000675,2026-08-26 04:56:10+00:00,S03,3,S02,S04,60.0,58.43,1,ACTIVE
MS000676,2026-08-26 04:56:15+00:00,S04,4,S03,S05,60.0,57.79,1,ACTIVE
MS000677,2026-08-26 04:56:20+00:00,S05,5,S04,S06,60.0,55.38,1,ACTIVE
MS000678,2026-08-26 04:56:25+00:00,S06,6,S05,S07,60.0,58.9,1,ACTIVE
MS000679,2026-08-26 04:56:30+00:00,S07,7,S06,S08,60.0,58.04,1,ACTIVE
MS000680,2026-08-26 04:56:35+00:00,S08,8,S07,S09,60.0,58.14,1,ACTIVE
MS000681,2026-08-26 04:56:40+00:00,S09,9,S08,S10,60.0,55.51,1,ACTIVE
MS000682,2026-08-26 04:56:45+00:00,S10,10,S09,S11,60.0,56.8,1,ACTIVE
MS000683,2026-08-26 04:56:50+00:00,S11,11,S10,S12,60.0,56.48,1,ACTIVE
MS000684,2026-08-26 04:56:55+00:00,S12,12,S11,,60.0,58.71,1,ACTIVE
MS000685,2026-08-26 04:57:00+00:00,S01,1,,S02,60.0,58.1,1,ACTIVE
MS000686,2026-08-26 04:57:05+00:00,S02,2,S01,S03,60.0,56.76,1,ACTIVE
MS000687,2026-08-26 04:57:10+00:00,S03,3,S02,S04,60.0,58.43,1,ACTIVE
MS000688,2026-08-26 04:57:15+00:00,S04,4,S03,S05,60.0,57.79,1,ACTIVE
MS000689,2026-08-26 04:57:20+00:00,S05,5,S04,S06,60.0,55.38,1,ACTIVE
MS000690,2026-08-26 04:57:25+00:00,S06,6,S05,S07,60.0,58.9,1,ACTIVE
MS000691,2026-08-26 04:57:30+00:00,S07,7,S06,S08,60.0,58.04,1,ACTIVE
MS000692,2026-08-26 04:57:35+00:00,S08,8,S07,S09,60.0,58.14,1,ACTIVE
MS000693,2026-08-26 04:57:40+00:00,S09,9,S08,S10,60.0,55.51,1,ACTIVE
MS000694,2026-08-26 04:57:45+00:00,S10,10,S09,S11,60.0,56.8,1,ACTIVE
MS000695,2026-08-26 04:57:50+00:00,S11,11,S10,S12,60.0,56.48,1,ACTIVE
MS000696,2026-08-26 04:57:55+00:00,S12,12,S11,,60.0,58.71,1,ACTIVE
MS000697,2026-08-26 04:58:00+00:00,S01,1,,S02,60.0,58.1,1,ACTIVE
MS000698,2026-08-26 04:58:05+00:00,S02,2,S01,S03,60.0,56.76,1,ACTIVE
MS000699,2026-08-26 04:58:10+00:00,S03,3,S02,S04,60.0,58.43,1,ACTIVE
MS000700,2026-08-26 04:58:15+00:00,S04,4,S03,S05,60.0,57.79,1,ACTIVE
MS000701,2026-08-26 04:58:20+00:00,S05,5,S04,S06,60.0,55.38,1,ACTIVE
MS000702,2026-08-26 04:58:25+00:00,S06,6,S05,S07,60.0,58.9,1,ACTIVE
MS000703,2026-08-26 04:58:30+00:00,S07,7,S06,S08,60.0,58.04,1,ACTIVE
MS000704,2026-08-26 04:58:35+00:00,S08,8,S07,S09,60.0,58.14,1,ACTIVE
MS000705,2026-08-26 04:58:40+00:00,S09,9,S08,S10,60.0,55.51,1,ACTIVE
MS000706,2026-08-26 04:58:45+00:00,S10,10,S09,S11,60.0,56.8,1,ACTIVE
MS000707,2026-08-26 04:58:50+00:00,S11,11,S10,S12,60.0,56.48,1,ACTIVE
MS000708,2026-08-26 04:58:55+00:00,S12,12,S11,,60.0,58.71,1,ACTIVE
MS000709,2026-08-26 04:59:00+00:00,S01,1,,S02,60.0,58.1,1,ACTIVE
MS000710,2026-08-26 04:59:05+00:00,S02,2,S01,S03,60.0,56.76,1,ACTIVE
MS000711,2026-08-26 04:59:10+00:00,S03,3,S02,S04,60.0,58.43,1,ACTIVE
MS000712,2026-08-26 04:59:15+00:00,S04,4,S03,S05,60.0,57.79,1,ACTIVE
MS000713,2026-08-26 04:59:20+00:00,S05,5,S04,S06,60.0,55.38,1,ACTIVE
MS000714,2026-08-26 04:59:25+00:00,S06,6,S05,S07,60.0,58.9,1,ACTIVE
MS000715,2026-08-26 04:59:30+00:00,S07,7,S06,S08,60.0,58.04,1,ACTIVE
MS000716,2026-08-26 04:59:35+00:00,S08,8,S07,S09,60.0,58.14,1,ACTIVE
MS000717,2026-08-26 04:59:40+00:00,S09,9,S08,S10,60.0,55.51,1,ACTIVE
MS000718,2026-08-26 04:59:45+00:00,S10,10,S09,S11,60.0,56.8,1,ACTIVE
MS000719,2026-08-26 04:59:50+00:00,S11,11,S10,S12,60.0,56.48,1,ACTIVE
MS000720,2026-08-26 04:59:55+00:00,S12,12,S11,,60.0,58.71,1,ACTIVE
MS000721,2026-08-26 05:00:00+00:00,S01,1,,S02,60.0,58.1,1,ACTIVE
MS000722,2026-08-26 05:00:05+00:00,S02,2,S01,S03,60.0,56.76,1,ACTIVE
MS000723,2026-08-26 05:00:10+00:00,S03,3,S02,S04,60.0,58.43,1,ACTIVE
MS000724,2026-08-26 05:00:15+00:00,S04,4,S03,S05,60.0,57.79,1,ACTIVE
MS000725,2026-08-26 05:00:20+00:00,S05,5,S04,S06,60.0,55.38,1,ACTIVE
MS000726,2026-08-26 05:00:25+00:00,S06,6,S05,S07,60.0,58.9,1,ACTIVE
MS000727,2026-08-26 05:00:30+00:00,S07,7,S06,S08,60.0,58.04,1,ACTIVE
MS000728,2026-08-26 05:00:35+00:00,S08,8,S07,S09,60.0,58.14,1,ACTIVE
MS000729,2026-08-26 05:00:40+00:00,S09,9,S08,S10,60.0,55.51,1,ACTIVE
MS000730,2026-08-26 05:00:45+00:00,S10,10,S09,S11,60.0,56.8,1,ACTIVE
MS000731,2026-08-26 05:00:50+00:00,S11,11,S10,S12,60.0,56.48,1,ACTIVE
MS000732,2026-08-26 05:00:55+00:00,S12,12,S11,,60.0,58.71,1,ACTIVE
MS000733,2026-08-26 05:01:00+00:00,S01,1,,S02,60.0,58.1,1,ACTIVE
MS000734,2026-08-26 05:01:05+00:00,S02,2,S01,S03,60.0,56.76,1,ACTIVE
MS000735,2026-08-26 05:01:10+00:00,S03,3,S02,S04,60.0,58.43,1,ACTIVE
MS000736,2026-08-26 05:01:15+00:00,S04,4,S03,S05,60.0,57.79,1,ACTIVE
MS000737,2026-08-26 05:01:20+00:00,S05,5,S04,S06,60.0,55.38,1,ACTIVE
MS000738,2026-08-26 05:01:25+00:00,S06,6,S05,S07,60.0,58.9,1,ACTIVE
MS000739,2026-08-26 05:01:30+00:00,S07,7,S06,S08,60.0,58.04,1,ACTIVE
MS000740,2026-08-26 05:01:35+00:00,S08,8,S07,S09,60.0,58.14,1,ACTIVE
MS000741,2026-08-26 05:01:40+00:00,S09,9,S08,S10,60.0,55.51,1,ACTIVE
MS000742,2026-08-26 05:01:45+00:00,S10,10,S09,S11,60.0,56.8,1,ACTIVE
MS000743,2026-08-26 05:01:50+00:00,S11,11,S10,S12,60.0,56.48,1,ACTIVE
MS000744,2026-08-26 05:01:55+00:00,S12,12,S11,,60.0,58.71,1,ACTIVE
MS000745,2026-08-26 05:02:00+00:00,S01,1,,S02,60.0,58.1,1,ACTIVE
MS000746,2026-08-26 05:02:05+00:00,S02,2,S01,S03,60.0,56.76,1,ACTIVE
MS000747,2026-08-26 05:02:10+00:00,S03,3,S02,S04,60.0,58.43,1,ACTIVE
MS000748,2026-08-26 05:02:15+00:00,S04,4,S03,S05,60.0,57.79,1,ACTIVE
MS000749,2026-08-26 05:02:20+00:00,S05,5,S04,S06,60.0,55.38,1,ACTIVE
MS000750,2026-08-26 05:02:25+00:00,S06,6,S05,S07,60.0,58.9,1,ACTIVE
MS000751,2026-08-26 05:02:30+00:00,S07,7,S06,S08,60.0,58.04,1,ACTIVE
MS000752,2026-08-26 05:02:35+00:00,S08,8,S07,S09,60.0,58.14,1,ACTIVE
MS000753,2026-08-26 05:02:40+00:00,S09,9,S08,S10,60.0,55.51,1,ACTIVE
MS000754,2026-08-26 05:02:45+00:00,S10,10,S09,S11,60.0,56.8,1,ACTIVE
MS000755,2026-08-26 05:02:50+00:00,S11,11,S10,S12,60.0,56.48,1,ACTIVE
MS000756,2026-08-26 05:02:55+00:00,S12,12,S11,,60.0,58.71,1,ACTIVE
MS000757,2026-08-26 05:03:00+00:00,S01,1,,S02,60.0,58.1,1,ACTIVE
MS000758,2026-08-26 05:03:05+00:00,S02,2,S01,S03,60.0,56.76,1,ACTIVE
MS000759,2026-08-26 05:03:10+00:00,S03,3,S02,S04,60.0,58.43,1,ACTIVE
MS000760,2026-08-26 05:03:15+00:00,S04,4,S03,S05,60.0,57.79,1,ACTIVE
MS000761,2026-08-26 05:03:20+00:00,S05,5,S04,S06,60.0,55.38,1,ACTIVE
MS000762,2026-08-26 05:03:25+00:00,S06,6,S05,S07,60.0,58.9,1,ACTIVE
MS000763,2026-08-26 05:03:30+00:00,S07,7,S06,S08,60.0,58.04,1,ACTIVE
MS000764,2026-08-26 05:03:35+00:00,S08,8,S07,S09,60.0,58.14,1,ACTIVE
MS000765,2026-08-26 05:03:40+00:00,S09,9,S08,S10,60.0,55.51,1,ACTIVE
MS000766,2026-08-26 05:03:45+00:00,S10,10,S09,S11,60.0,56.8,1,ACTIVE
MS000767,2026-08-26 05:03:50+00:00,S11,11,S10,S12,60.0,56.48,1,ACTIVE
MS000768,2026-08-26 05:03:55+00:00,S12,12,S11,,60.0,58.71,1,ACTIVE
MS000769,2026-08-26 05:04:00+00:00,S01,1,,S02,60.0,58.1,1,ACTIVE
MS000770,2026-08-26 05:04:05+00:00,S02,2,S01,S03,60.0,56.76,1,ACTIVE
MS000771,2026-08-26 05:04:10+00:00,S03,3,S02,S04,60.0,58.43,1,ACTIVE
MS000772,2026-08-26 05:04:15+00:00,S04,4,S03,S05,60.0,57.79,1,ACTIVE
MS000773,2026-08-26 05:04:20+00:00,S05,5,S04,S06,60.0,55.38,1,ACTIVE
MS000774,2026-08-26 05:04:25+00:00,S06,6,S05,S07,60.0,58.9,1,ACTIVE
MS000775,2026-08-26 05:04:30+00:00,S07,7,S06,S08,60.0,58.04,1,ACTIVE
MS000776,2026-08-26 05:04:35+00:00,S08,8,S07,S09,60.0,58.14,1,ACTIVE
MS000777,2026-08-26 05:04:40+00:00,S09,9,S08,S10,60.0,55.51,1,ACTIVE
MS000778,2026-08-26 05:04:45+00:00,S10,10,S09,S11,60.0,56.8,1,ACTIVE
MS000779,2026-08-26 05:04:50+00:00,S11,11,S10,S12,60.0,56.48,1,ACTIVE
MS000780,2026-08-26 05:04:55+00:00,S12,12,S11,,60.0,58.71,1,ACTIVE
MS000781,2026-08-26 05:05:00+00:00,S01,1,,S02,60.0,58.1,1,ACTIVE
MS000782,2026-08-26 05:05:05+00:00,S02,2,S01,S03,60.0,56.76,1,ACTIVE
MS000783,2026-08-26 05:05:10+00:00,S03,3,S02,S04,60.0,58.43,1,ACTIVE
MS000784,2026-08-26 05:05:15+00:00,S04,4,S03,S05,60.0,57.79,1,ACTIVE
MS000785,2026-08-26 05:05:20+00:00,S05,5,S04,S06,60.0,55.38,1,ACTIVE
MS000786,2026-08-26 05:05:25+00:00,S06,6,S05,S07,60.0,58.9,1,ACTIVE
MS000787,2026-08-26 05:05:30+00:00,S07,7,S06,S08,60.0,58.04,1,ACTIVE
MS000788,2026-08-26 05:05:35+00:00,S08,8,S07,S09,60.0,58.14,1,ACTIVE
MS000789,2026-08-26 05:05:40+00:00,S09,9,S08,S10,60.0,55.51,1,ACTIVE
MS000790,2026-08-26 05:05:45+00:00,S10,10,S09,S11,60.0,56.8,1,ACTIVE
MS000791,2026-08-26 05:05:50+00:00,S11,11,S10,S12,60.0,56.48,1,ACTIVE
MS000792,2026-08-26 05:05:55+00:00,S12,12,S11,,60.0,58.71,1,ACTIVE
MS000793,2026-08-26 05:06:00+00:00,S01,1,,S02,60.0,58.1,1,ACTIVE
MS000794,2026-08-26 05:06:05+00:00,S02,2,S01,S03,60.0,56.76,1,ACTIVE
MS000795,2026-08-26 05:06:10+00:00,S03,3,S02,S04,60.0,58.43,1,ACTIVE
MS000796,2026-08-26 05:06:15+00:00,S04,4,S03,S05,60.0,57.79,1,ACTIVE
MS000797,2026-08-26 05:06:20+00:00,S05,5,S04,S06,60.0,55.38,1,ACTIVE
MS000798,2026-08-26 05:06:25+00:00,S06,6,S05,S07,60.0,58.9,1,ACTIVE
MS000799,2026-08-26 05:06:30+00:00,S07,7,S06,S08,60.0,58.04,1,ACTIVE
MS000800,2026-08-26 05:06:35+00:00,S08,8,S07,S09,60.0,58.14,1,ACTIVE
MS000801,2026-08-26 05:06:40+00:00,S09,9,S08,S10,60.0,55.51,1,ACTIVE
MS000802,2026-08-26 05:06:45+00:00,S10,10,S09,S11,60.0,56.8,1,ACTIVE
MS000803,2026-08-26 05:06:50+00:00,S11,11,S10,S12,60.0,56.48,1,ACTIVE
MS000804,2026-08-26 05:06:55+00:00,S12,12,S11,,60.0,58.71,1,ACTIVE
MS000805,2026-08-26 05:07:00+00:00,S01,1,,S02,60.0,58.1,1,ACTIVE
MS000806,2026-08-26 05:07:05+00:00,S02,2,S01,S03,60.0,56.76,1,ACTIVE
MS000807,2026-08-26 05:07:10+00:00,S03,3,S02,S04,60.0,58.43,1,ACTIVE
MS000808,2026-08-26 05:07:15+00:00,S04,4,S03,S05,60.0,57.79,1,ACTIVE
MS000809,2026-08-26 05:07:20+00:00,S05,5,S04,S06,60.0,55.38,1,ACTIVE
MS000810,2026-08-26 05:07:25+00:00,S06,6,S05,S07,60.0,58.9,1,ACTIVE
MS000811,2026-08-26 05:07:30+00:00,S07,7,S06,S08,60.0,58.04,1,ACTIVE
MS000812,2026-08-26 05:07:35+00:00,S08,8,S07,S09,60.0,58.14,1,ACTIVE
MS000813,2026-08-26 05:07:40+00:00,S09,9,S08,S10,60.0,55.51,1,ACTIVE
MS000814,2026-08-26 05:07:45+00:00,S10,10,S09,S11,60.0,56.8,1,ACTIVE
MS000815,2026-08-26 05:07:50+00:00,S11,11,S10,S12,60.0,56.48,1,ACTIVE
MS000816,2026-08-26 05:07:55+00:00,S12,12,S11,,60.0,58.71,1,ACTIVE
MS000817,2026-08-26 05:08:00+00:00,S01,1,,S02,60.0,58.1,1,ACTIVE
MS000818,2026-08-26 05:08:05+00:00,S02,2,S01,S03,60.0,56.76,1,ACTIVE
MS000819,2026-08-26 05:08:10+00:00,S03,3,S02,S04,60.0,58.43,1,ACTIVE
MS000820,2026-08-26 05:08:15+00:00,S04,4,S03,S05,60.0,57.79,1,ACTIVE
MS000821,2026-08-26 05:08:20+00:00,S05,5,S04,S06,60.0,55.38,1,ACTIVE
MS000822,2026-08-26 05:08:25+00:00,S06,6,S05,S07,60.0,58.9,1,ACTIVE
MS000823,2026-08-26 05:08:30+00:00,S07,7,S06,S08,60.0,58.04,1,ACTIVE
MS000824,2026-08-26 05:08:35+00:00,S08,8,S07,S09,60.0,58.14,1,ACTIVE
MS000825,2026-08-26 05:08:40+00:00,S09,9,S08,S10,60.0,55.51,1,ACTIVE
MS000826,2026-08-26 05:08:45+00:00,S10,10,S09,S11,60.0,56.8,1,ACTIVE
MS000827,2026-08-26 05:08:50+00:00,S11,11,S10,S12,60.0,56.48,1,ACTIVE
MS000828,2026-08-26 05:08:55+00:00,S12,12,S11,,60.0,58.71,1,ACTIVE
MS000829,2026-08-26 05:09:00+00:00,S01,1,,S02,60.0,58.1,1,ACTIVE
MS000830,2026-08-26 05:09:05+00:00,S02,2,S01,S03,60.0,56.76,1,ACTIVE
MS000831,2026-08-26 05:09:10+00:00,S03,3,S02,S04,60.0,58.43,1,ACTIVE
MS000832,2026-08-26 05:09:15+00:00,S04,4,S03,S05,60.0,57.79,1,ACTIVE
MS000833,2026-08-26 05:09:20+00:00,S05,5,S04,S06,60.0,55.38,1,ACTIVE
MS000834,2026-08-26 05:09:25+00:00,S06,6,S05,S07,60.0,58.9,1,ACTIVE
MS000835,2026-08-26 05:09:30+00:00,S07,7,S06,S08,60.0,58.04,1,ACTIVE
MS000836,2026-08-26 05:09:35+00:00,S08,8,S07,S09,60.0,58.14,1,ACTIVE
MS000837,2026-08-26 05:09:40+00:00,S09,9,S08,S10,60.0,55.51,1,ACTIVE
MS000838,2026-08-26 05:09:45+00:00,S10,10,S09,S11,60.0,56.8,1,ACTIVE
MS000839,2026-08-26 05:09:50+00:00,S11,11,S10,S12,60.0,56.48,1,ACTIVE
MS000840,2026-08-26 05:09:55+00:00,S12,12,S11,,60.0,58.71,1,ACTIVE
MS000841,2026-08-26 05:10:00+00:00,S01,1,,S02,60.0,58.1,1,ACTIVE
MS000842,2026-08-26 05:10:05+00:00,S02,2,S01,S03,60.0,56.76,1,ACTIVE
MS000843,2026-08-26 05:10:10+00:00,S03,3,S02,S04,60.0,58.43,1,ACTIVE
MS000844,2026-08-26 05:10:15+00:00,S04,4,S03,S05,60.0,57.79,1,ACTIVE
MS000845,2026-08-26 05:10:20+00:00,S05,5,S04,S06,60.0,55.38,1,ACTIVE
MS000846,2026-08-26 05:10:25+00:00,S06,6,S05,S07,60.0,58.9,1,ACTIVE
MS000847,2026-08-26 05:10:30+00:00,S07,7,S06,S08,60.0,58.04,1,ACTIVE
MS000848,2026-08-26 05:10:35+00:00,S08,8,S07,S09,60.0,58.14,1,ACTIVE
MS000849,2026-08-26 05:10:40+00:00,S09,9,S08,S10,60.0,55.51,1,ACTIVE
MS000850,2026-08-26 05:10:45+00:00,S10,10,S09,S11,60.0,56.8,1,ACTIVE
MS000851,2026-08-26 05:10:50+00:00,S11,11,S10,S12,60.0,56.48,1,ACTIVE
MS000852,2026-08-26 05:10:55+00:00,S12,12,S11,,60.0,58.71,1,ACTIVE
MS000853,2026-08-26 05:11:00+00:00,S01,1,,S02,60.0,58.1,1,ACTIVE
MS000854,2026-08-26 05:11:05+00:00,S02,2,S01,S03,60.0,56.76,1,ACTIVE
MS000855,2026-08-26 05:11:10+00:00,S03,3,S02,S04,60.0,58.43,1,ACTIVE
MS000856,2026-08-26 05:11:15+00:00,S04,4,S03,S05,60.0,57.79,1,ACTIVE
MS000857,2026-08-26 05:11:20+00:00,S05,5,S04,S06,60.0,55.38,1,ACTIVE
MS000858,2026-08-26 05:11:25+00:00,S06,6,S05,S07,60.0,58.9,1,ACTIVE
MS000859,2026-08-26 05:11:30+00:00,S07,7,S06,S08,60.0,58.04,1,ACTIVE
MS000860,2026-08-26 05:11:35+00:00,S08,8,S07,S09,60.0,58.14,1,ACTIVE
MS000861,2026-08-26 05:11:40+00:00,S09,9,S08,S10,60.0,55.51,1,ACTIVE
MS000862,2026-08-26 05:11:45+00:00,S10,10,S09,S11,60.0,56.8,1,ACTIVE
MS000863,2026-08-26 05:11:50+00:00,S11,11,S10,S12,60.0,56.48,1,ACTIVE
MS000864,2026-08-26 05:11:55+00:00,S12,12,S11,,60.0,58.71,1,ACTIVE
MS000865,2026-08-26 05:12:00+00:00,S01,1,,S02,60.0,58.1,1,ACTIVE
MS000866,2026-08-26 05:12:05+00:00,S02,2,S01,S03,60.0,56.76,1,ACTIVE
MS000867,2026-08-26 05:12:10+00:00,S03,3,S02,S04,60.0,58.43,1,ACTIVE
MS000868,2026-08-26 05:12:15+00:00,S04,4,S03,S05,60.0,57.79,1,ACTIVE
MS000869,2026-08-26 05:12:20+00:00,S05,5,S04,S06,60.0,55.38,1,ACTIVE
MS000870,2026-08-26 05:12:25+00:00,S06,6,S05,S07,60.0,58.9,1,ACTIVE
MS000871,2026-08-26 05:12:30+00:00,S07,7,S06,S08,60.0,58.04,1,ACTIVE
MS000872,2026-08-26 05:12:35+00:00,S08,8,S07,S09,60.0,58.14,1,ACTIVE
MS000873,2026-08-26 05:12:40+00:00,S09,9,S08,S10,60.0,55.51,1,ACTIVE
MS000874,2026-08-26 05:12:45+00:00,S10,10,S09,S11,60.0,56.8,1,ACTIVE
MS000875,2026-08-26 05:12:50+00:00,S11,11,S10,S12,60.0,56.48,1,ACTIVE
MS000876,2026-08-26 05:12:55+00:00,S12,12,S11,,60.0,58.71,1,ACTIVE
MS000877,2026-08-26 05:13:00+00:00,S01,1,,S02,60.0,58.1,1,ACTIVE
MS000878,2026-08-26 05:13:05+00:00,S02,2,S01,S03,60.0,56.76,1,ACTIVE
MS000879,2026-08-26 05:13:10+00:00,S03,3,S02,S04,60.0,58.43,1,ACTIVE
MS000880,2026-08-26 05:13:15+00:00,S04,4,S03,S05,60.0,57.79,1,ACTIVE
MS000881,2026-08-26 05:13:20+00:00,S05,5,S04,S06,60.0,55.38,1,ACTIVE
MS000882,2026-08-26 05:13:25+00:00,S06,6,S05,S07,60.0,58.9,1,ACTIVE
MS000883,2026-08-26 05:13:30+00:00,S07,7,S06,S08,60.0,58.04,1,ACTIVE
MS000884,2026-08-26 05:13:35+00:00,S08,8,S07,S09,60.0,58.14,1,ACTIVE
MS000885,2026-08-26 05:13:40+00:00,S09,9,S08,S10,60.0,55.51,1,ACTIVE
MS000886,2026-08-26 05:13:45+00:00,S10,10,S09,S11,60.0,56.8,1,ACTIVE
MS000887,2026-08-26 05:13:50+00:00,S11,11,S10,S12,60.0,56.48,1,ACTIVE
MS000888,2026-08-26 05:13:55+00:00,S12,12,S11,,60.0,58.71,1,ACTIVE
MS000889,2026-08-26 05:14:00+00:00,S01,1,,S02,60.0,58.1,1,ACTIVE
MS000890,2026-08-26 05:14:05+00:00,S02,2,S01,S03,60.0,56.76,1,ACTIVE
MS000891,2026-08-26 05:14:10+00:00,S03,3,S02,S04,60.0,58.43,1,ACTIVE
MS000892,2026-08-26 05:14:15+00:00,S04,4,S03,S05,60.0,57.79,1,ACTIVE
MS000893,2026-08-26 05:14:20+00:00,S05,5,S04,S06,60.0,55.38,1,ACTIVE
MS000894,2026-08-26 05:14:25+00:00,S06,6,S05,S07,60.0,58.9,1,ACTIVE
MS000895,2026-08-26 05:14:30+00:00,S07,7,S06,S08,60.0,58.04,1,ACTIVE
MS000896,2026-08-26 05:14:35+00:00,S08,8,S07,S09,60.0,58.14,1,ACTIVE
MS000897,2026-08-26 05:14:40+00:00,S09,9,S08,S10,60.0,55.51,1,ACTIVE
MS000898,2026-08-26 05:14:45+00:00,S10,10,S09,S11,60.0,56.8,1,ACTIVE
MS000899,2026-08-26 05:14:50+00:00,S11,11,S10,S12,60.0,56.48,1,ACTIVE
MS000900,2026-08-26 05:14:55+00:00,S12,12,S11,,60.0,58.71,1,ACTIVE
MS000901,2026-08-26 05:15:00+00:00,S01,1,,S02,60.0,58.1,1,ACTIVE
MS000902,2026-08-26 05:15:05+00:00,S02,2,S01,S03,60.0,56.76,1,ACTIVE
MS000903,2026-08-26 05:15:10+00:00,S03,3,S02,S04,60.0,58.43,1,ACTIVE
MS000904,2026-08-26 05:15:15+00:00,S04,4,S03,S05,60.0,57.79,1,ACTIVE
MS000905,2026-08-26 05:15:20+00:00,S05,5,S04,S06,60.0,55.38,1,ACTIVE
MS000906,2026-08-26 05:15:25+00:00,S06,6,S05,S07,60.0,58.9,1,ACTIVE
MS000907,2026-08-26 05:15:30+00:00,S07,7,S06,S08,60.0,58.04,1,ACTIVE
MS000908,2026-08-26 05:15:35+00:00,S08,8,S07,S09,60.0,58.14,1,ACTIVE
MS000909,2026-08-26 05:15:40+00:00,S09,9,S08,S10,60.0,55.51,1,ACTIVE
MS000910,2026-08-26 05:15:45+00:00,S10,10,S09,S11,60.0,56.8,1,ACTIVE
MS000911,2026-08-26 05:15:50+00:00,S11,11,S10,S12,60.0,56.48,1,ACTIVE
MS000912,2026-08-26 05:15:55+00:00,S12,12,S11,,60.0,58.71,1,ACTIVE
MS000913,2026-08-26 05:16:00+00:00,S01,1,,S02,60.0,58.1,1,ACTIVE
MS000914,2026-08-26 05:16:05+00:00,S02,2,S01,S03,60.0,56.76,1,ACTIVE
MS000915,2026-08-26 05:16:10+00:00,S03,3,S02,S04,60.0,58.43,1,ACTIVE
MS000916,2026-08-26 05:16:15+00:00,S04,4,S03,S05,60.0,57.79,1,ACTIVE
MS000917,2026-08-26 05:16:20+00:00,S05,5,S04,S06,60.0,55.38,1,ACTIVE
MS000918,2026-08-26 05:16:25+00:00,S06,6,S05,S07,60.0,58.9,1,ACTIVE
MS000919,2026-08-26 05:16:30+00:00,S07,7,S06,S08,60.0,58.04,1,ACTIVE
MS000920,2026-08-26 05:16:35+00:00,S08,8,S07,S09,60.0,58.14,1,ACTIVE
MS000921,2026-08-26 05:16:40+00:00,S09,9,S08,S10,60.0,55.51,1,ACTIVE
MS000922,2026-08-26 05:16:45+00:00,S10,10,S09,S11,60.0,56.8,1,ACTIVE
MS000923,2026-08-26 05:16:50+00:00,S11,11,S10,S12,60.0,56.48,1,ACTIVE
MS000924,2026-08-26 05:16:55+00:00,S12,12,S11,,60.0,58.71,1,ACTIVE
MS000925,2026-08-26 05:17:00+00:00,S01,1,,S02,60.0,58.1,1,ACTIVE
MS000926,2026-08-26 05:17:05+00:00,S02,2,S01,S03,60.0,56.76,1,ACTIVE
MS000927,2026-08-26 05:17:10+00:00,S03,3,S02,S04,60.0,58.43,1,ACTIVE
MS000928,2026-08-26 05:17:15+00:00,S04,4,S03,S05,60.0,57.79,1,ACTIVE
MS000929,2026-08-26 05:17:20+00:00,S05,5,S04,S06,60.0,55.38,1,ACTIVE
MS000930,2026-08-26 05:17:25+00:00,S06,6,S05,S07,60.0,58.9,1,ACTIVE
MS000931,2026-08-26 05:17:30+00:00,S07,7,S06,S08,60.0,58.04,1,ACTIVE
MS000932,2026-08-26 05:17:35+00:00,S08,8,S07,S09,60.0,58.14,1,ACTIVE
MS000933,2026-08-26 05:17:40+00:00,S09,9,S08,S10,60.0,55.51,1,ACTIVE
MS000934,2026-08-26 05:17:45+00:00,S10,10,S09,S11,60.0,56.8,1,ACTIVE
MS000935,2026-08-26 05:17:50+00:00,S11,11,S10,S12,60.0,56.48,1,ACTIVE
MS000936,2026-08-26 05:17:55+00:00,S12,12,S11,,60.0,58.71,1,ACTIVE
MS000937,2026-08-26 05:18:00+00:00,S01,1,,S02,60.0,58.1,1,ACTIVE
MS000938,2026-08-26 05:18:05+00:00,S02,2,S01,S03,60.0,56.76,1,ACTIVE
MS000939,2026-08-26 05:18:10+00:00,S03,3,S02,S04,60.0,58.43,1,ACTIVE
MS000940,2026-08-26 05:18:15+00:00,S04,4,S03,S05,60.0,57.79,1,ACTIVE
MS000941,2026-08-26 05:18:20+00:00,S05,5,S04,S06,60.0,55.38,1,ACTIVE
MS000942,2026-08-26 05:18:25+00:00,S06,6,S05,S07,60.0,58.9,1,ACTIVE
MS000943,2026-08-26 05:18:30+00:00,S07,7,S06,S08,60.0,58.04,1,ACTIVE
MS000944,2026-08-26 05:18:35+00:00,S08,8,S07,S09,60.0,58.14,1,ACTIVE
MS000945,2026-08-26 05:18:40+00:00,S09,9,S08,S10,60.0,55.51,1,ACTIVE
MS000946,2026-08-26 05:18:45+00:00,S10,10,S09,S11,60.0,56.8,1,ACTIVE
MS000947,2026-08-26 05:18:50+00:00,S11,11,S10,S12,60.0,56.48,1,ACTIVE
MS000948,2026-08-26 05:18:55+00:00,S12,12,S11,,60.0,58.71,1,ACTIVE
MS000949,2026-08-26 05:19:00+00:00,S01,1,,S02,60.0,58.1,1,ACTIVE
MS000950,2026-08-26 05:19:05+00:00,S02,2,S01,S03,60.0,56.76,1,ACTIVE
MS000951,2026-08-26 05:19:10+00:00,S03,3,S02,S04,60.0,58.43,1,ACTIVE
MS000952,2026-08-26 05:19:15+00:00,S04,4,S03,S05,60.0,57.79,1,ACTIVE
MS000953,2026-08-26 05:19:20+00:00,S05,5,S04,S06,60.0,55.38,1,ACTIVE
MS000954,2026-08-26 05:19:25+00:00,S06,6,S05,S07,60.0,58.9,1,ACTIVE
MS000955,2026-08-26 05:19:30+00:00,S07,7,S06,S08,60.0,58.04,1,ACTIVE
MS000956,2026-08-26 05:19:35+00:00,S08,8,S07,S09,60.0,58.14,1,ACTIVE
MS000957,2026-08-26 05:19:40+00:00,S09,9,S08,S10,60.0,55.51,1,ACTIVE
MS000958,2026-08-26 05:19:45+00:00,S10,10,S09,S11,60.0,56.8,1,ACTIVE
MS000959,2026-08-26 05:19:50+00:00,S11,11,S10,S12,60.0,56.48,1,ACTIVE
MS000960,2026-08-26 05:19:55+00:00,S12,12,S11,,60.0,58.71,1,ACTIVE
MS000961,2026-08-26 05:20:00+00:00,S01,1,,S02,60.0,58.1,1,ACTIVE
MS000962,2026-08-26 05:20:05+00:00,S02,2,S01,S03,60.0,56.76,1,ACTIVE
MS000963,2026-08-26 05:20:10+00:00,S03,3,S02,S04,60.0,58.43,1,ACTIVE
MS000964,2026-08-26 05:20:15+00:00,S04,4,S03,S05,60.0,57.79,1,ACTIVE
MS000965,2026-08-26 05:20:20+00:00,S05,5,S04,S06,60.0,55.38,1,ACTIVE
MS000966,2026-08-26 05:20:25+00:00,S06,6,S05,S07,60.0,58.9,1,ACTIVE
MS000967,2026-08-26 05:20:30+00:00,S07,7,S06,S08,60.0,58.04,1,ACTIVE
MS000968,2026-08-26 05:20:35+00:00,S08,8,S07,S09,60.0,58.14,1,ACTIVE
MS000969,2026-08-26 05:20:40+00:00,S09,9,S08,S10,60.0,55.51,1,ACTIVE
MS000970,2026-08-26 05:20:45+00:00,S10,10,S09,S11,60.0,56.8,1,ACTIVE
MS000971,2026-08-26 05:20:50+00:00,S11,11,S10,S12,60.0,56.48,1,ACTIVE
MS000972,2026-08-26 05:20:55+00:00,S12,12,S11,,60.0,58.71,1,ACTIVE
MS000973,2026-08-26 05:21:00+00:00,S01,1,,S02,60.0,58.1,1,ACTIVE
MS000974,2026-08-26 05:21:05+00:00,S02,2,S01,S03,60.0,56.76,1,ACTIVE
MS000975,2026-08-26 05:21:10+00:00,S03,3,S02,S04,60.0,58.43,1,ACTIVE
MS000976,2026-08-26 05:21:15+00:00,S04,4,S03,S05,60.0,57.79,1,ACTIVE
MS000977,2026-08-26 05:21:20+00:00,S05,5,S04,S06,60.0,55.38,1,ACTIVE
MS000978,2026-08-26 05:21:25+00:00,S06,6,S05,S07,60.0,58.9,1,ACTIVE
MS000979,2026-08-26 05:21:30+00:00,S07,7,S06,S08,60.0,58.04,1,ACTIVE
MS000980,2026-08-26 05:21:35+00:00,S08,8,S07,S09,60.0,58.14,1,ACTIVE
MS000981,2026-08-26 05:21:40+00:00,S09,9,S08,S10,60.0,55.51,1,ACTIVE
MS000982,2026-08-26 05:21:45+00:00,S10,10,S09,S11,60.0,56.8,1,ACTIVE
MS000983,2026-08-26 05:21:50+00:00,S11,11,S10,S12,60.0,56.48,1,ACTIVE
MS000984,2026-08-26 05:21:55+00:00,S12,12,S11,,60.0,58.71,1,ACTIVE
MS000985,2026-08-26 05:22:00+00:00,S01,1,,S02,60.0,58.1,1,ACTIVE
MS000986,2026-08-26 05:22:05+00:00,S02,2,S01,S03,60.0,56.76,1,ACTIVE
MS000987,2026-08-26 05:22:10+00:00,S03,3,S02,S04,60.0,58.43,1,ACTIVE
MS000988,2026-08-26 05:22:15+00:00,S04,4,S03,S05,60.0,57.79,1,ACTIVE
MS000989,2026-08-26 05:22:20+00:00,S05,5,S04,S06,60.0,55.38,1,ACTIVE
MS000990,2026-08-26 05:22:25+00:00,S06,6,S05,S07,60.0,58.9,1,ACTIVE
MS000991,2026-08-26 05:22:30+00:00,S07,7,S06,S08,60.0,58.04,1,ACTIVE
MS000992,2026-08-26 05:22:35+00:00,S08,8,S07,S09,60.0,58.14,1,ACTIVE
MS000993,2026-08-26 05:22:40+00:00,S09,9,S08,S10,60.0,55.51,1,ACTIVE
MS000994,2026-08-26 05:22:45+00:00,S10,10,S09,S11,60.0,56.8,1,ACTIVE
MS000995,2026-08-26 05:22:50+00:00,S11,11,S10,S12,60.0,56.48,1,ACTIVE
MS000996,2026-08-26 05:22:55+00:00,S12,12,S11,,60.0,58.71,1,ACTIVE
MS000997,2026-08-26 05:23:00+00:00,S01,1,,S02,60.0,58.1,1,ACTIVE
MS000998,2026-08-26 05:23:05+00:00,S02,2,S01,S03,60.0,56.76,1,ACTIVE
MS000999,2026-08-26 05:23:10+00:00,S03,3,S02,S04,60.0,58.43,1,ACTIVE
MS001000,2026-08-26 05:23:15+00:00,S04,4,S03,S05,60.0,57.79,1,ACTIVE
MS001001,2026-08-26 05:23:20+00:00,S05,5,S04,S06,60.0,55.38,1,ACTIVE
MS001002,2026-08-26 05:23:25+00:00,S06,6,S05,S07,60.0,58.9,1,ACTIVE
MS001003,2026-08-26 05:23:30+00:00,S07,7,S06,S08,60.0,58.04,1,ACTIVE
MS001004,2026-08-26 05:23:35+00:00,S08,8,S07,S09,60.0,58.14,1,ACTIVE
MS001005,2026-08-26 05:23:40+00:00,S09,9,S08,S10,60.0,55.51,1,ACTIVE
MS001006,2026-08-26 05:23:45+00:00,S10,10,S09,S11,60.0,56.8,1,ACTIVE
MS001007,2026-08-26 05:23:50+00:00,S11,11,S10,S12,60.0,56.48,1,ACTIVE
MS001008,2026-08-26 05:23:55+00:00,S12,12,S11,,60.0,58.71,1,ACTIVE
MS001009,2026-08-26 05:24:00+00:00,S01,1,,S02,60.0,58.1,1,ACTIVE
MS001010,2026-08-26 05:24:05+00:00,S02,2,S01,S03,60.0,56.76,1,ACTIVE
MS001011,2026-08-26 05:24:10+00:00,S03,3,S02,S04,60.0,58.43,1,ACTIVE
MS001012,2026-08-26 05:24:15+00:00,S04,4,S03,S05,60.0,57.79,1,ACTIVE
MS001013,2026-08-26 05:24:20+00:00,S05,5,S04,S06,60.0,55.38,1,ACTIVE
MS001014,2026-08-26 05:24:25+00:00,S06,6,S05,S07,60.0,58.9,1,ACTIVE
MS001015,2026-08-26 05:24:30+00:00,S07,7,S06,S08,60.0,58.04,1,ACTIVE
MS001016,2026-08-26 05:24:35+00:00,S08,8,S07,S09,60.0,58.14,1,ACTIVE
MS001017,2026-08-26 05:24:40+00:00,S09,9,S08,S10,60.0,55.51,1,ACTIVE
MS001018,2026-08-26 05:24:45+00:00,S10,10,S09,S11,60.0,56.8,1,ACTIVE
MS001019,2026-08-26 05:24:50+00:00,S11,11,S10,S12,60.0,56.48,1,ACTIVE
MS001020,2026-08-26 05:24:55+00:00,S12,12,S11,,60.0,58.71,1,ACTIVE
MS001021,2026-08-26 05:25:00+00:00,S01,1,,S02,60.0,58.1,1,ACTIVE
MS001022,2026-08-26 05:25:05+00:00,S02,2,S01,S03,60.0,56.76,1,ACTIVE
MS001023,2026-08-26 05:25:10+00:00,S03,3,S02,S04,60.0,58.43,1,ACTIVE
MS001024,2026-08-26 05:25:15+00:00,S04,4,S03,S05,60.0,57.79,1,ACTIVE
MS001025,2026-08-26 05:25:20+00:00,S05,5,S04,S06,60.0,55.38,1,ACTIVE
MS001026,2026-08-26 05:25:25+00:00,S06,6,S05,S07,60.0,58.9,1,ACTIVE
MS001027,2026-08-26 05:25:30+00:00,S07,7,S06,S08,60.0,58.04,1,ACTIVE
MS001028,2026-08-26 05:25:35+00:00,S08,8,S07,S09,60.0,58.14,1,ACTIVE
MS001029,2026-08-26 05:25:40+00:00,S09,9,S08,S10,60.0,55.51,1,ACTIVE
MS001030,2026-08-26 05:25:45+00:00,S10,10,S09,S11,60.0,56.8,1,ACTIVE
MS001031,2026-08-26 05:25:50+00:00,S11,11,S10,S12,60.0,56.48,1,ACTIVE
MS001032,2026-08-26 05:25:55+00:00,S12,12,S11,,60.0,58.71,1,ACTIVE
MS001033,2026-08-26 05:26:00+00:00,S01,1,,S02,60.0,58.1,1,ACTIVE
MS001034,2026-08-26 05:26:05+00:00,S02,2,S01,S03,60.0,56.76,1,ACTIVE
MS001035,2026-08-26 05:26:10+00:00,S03,3,S02,S04,60.0,58.43,1,ACTIVE
MS001036,2026-08-26 05:26:15+00:00,S04,4,S03,S05,60.0,57.79,1,ACTIVE
MS001037,2026-08-26 05:26:20+00:00,S05,5,S04,S06,60.0,55.38,1,ACTIVE
MS001038,2026-08-26 05:26:25+00:00,S06,6,S05,S07,60.0,58.9,1,ACTIVE
MS001039,2026-08-26 05:26:30+00:00,S07,7,S06,S08,60.0,58.04,1,ACTIVE
MS001040,2026-08-26 05:26:35+00:00,S08,8,S07,S09,60.0,58.14,1,ACTIVE
MS001041,2026-08-26 05:26:40+00:00,S09,9,S08,S10,60.0,55.51,1,ACTIVE
MS001042,2026-08-26 05:26:45+00:00,S10,10,S09,S11,60.0,56.8,1,ACTIVE
MS001043,2026-08-26 05:26:50+00:00,S11,11,S10,S12,60.0,56.48,1,ACTIVE
MS001044,2026-08-26 05:26:55+00:00,S12,12,S11,,60.0,58.71,1,ACTIVE
MS001045,2026-08-26 05:27:00+00:00,S01,1,,S02,60.0,58.1,1,ACTIVE
MS001046,2026-08-26 05:27:05+00:00,S02,2,S01,S03,60.0,56.76,1,ACTIVE
MS001047,2026-08-26 05:27:10+00:00,S03,3,S02,S04,60.0,58.43,1,ACTIVE
MS001048,2026-08-26 05:27:15+00:00,S04,4,S03,S05,60.0,57.79,1,ACTIVE
MS001049,2026-08-26 05:27:20+00:00,S05,5,S04,S06,60.0,55.38,1,ACTIVE
MS001050,2026-08-26 05:27:25+00:00,S06,6,S05,S07,60.0,58.9,1,ACTIVE
MS001051,2026-08-26 05:27:30+00:00,S07,7,S06,S08,60.0,58.04,1,ACTIVE
MS001052,2026-08-26 05:27:35+00:00,S08,8,S07,S09,60.0,58.14,1,ACTIVE
MS001053,2026-08-26 05:27:40+00:00,S09,9,S08,S10,60.0,55.51,1,ACTIVE
MS001054,2026-08-26 05:27:45+00:00,S10,10,S09,S11,60.0,56.8,1,ACTIVE
MS001055,2026-08-26 05:27:50+00:00,S11,11,S10,S12,60.0,56.48,1,ACTIVE
MS001056,2026-08-26 05:27:55+00:00,S12,12,S11,,60.0,58.71,1,ACTIVE
MS001057,2026-08-26 05:28:00+00:00,S01,1,,S02,60.0,58.1,1,ACTIVE
MS001058,2026-08-26 05:28:05+00:00,S02,2,S01,S03,60.0,56.76,1,ACTIVE
MS001059,2026-08-26 05:28:10+00:00,S03,3,S02,S04,60.0,58.43,1,ACTIVE
MS001060,2026-08-26 05:28:15+00:00,S04,4,S03,S05,60.0,57.79,1,ACTIVE
MS001061,2026-08-26 05:28:20+00:00,S05,5,S04,S06,60.0,55.38,1,ACTIVE
MS001062,2026-08-26 05:28:25+00:00,S06,6,S05,S07,60.0,58.9,1,ACTIVE
MS001063,2026-08-26 05:28:30+00:00,S07,7,S06,S08,60.0,58.04,1,ACTIVE
MS001064,2026-08-26 05:28:35+00:00,S08,8,S07,S09,60.0,58.14,1,ACTIVE
MS001065,2026-08-26 05:28:40+00:00,S09,9,S08,S10,60.0,55.51,1,ACTIVE
MS001066,2026-08-26 05:28:45+00:00,S10,10,S09,S11,60.0,56.8,1,ACTIVE
MS001067,2026-08-26 05:28:50+00:00,S11,11,S10,S12,60.0,56.48,1,ACTIVE
MS001068,2026-08-26 05:28:55+00:00,S12,12,S11,,60.0,58.71,1,ACTIVE
MS001069,2026-08-26 05:29:00+00:00,S01,1,,S02,60.0,58.1,1,ACTIVE
MS001070,2026-08-26 05:29:05+00:00,S02,2,S01,S03,60.0,56.76,1,ACTIVE
MS001071,2026-08-26 05:29:10+00:00,S03,3,S02,S04,60.0,58.43,1,ACTIVE
MS001072,2026-08-26 05:29:15+00:00,S04,4,S03,S05,60.0,57.79,1,ACTIVE
MS001073,2026-08-26 05:29:20+00:00,S05,5,S04,S06,60.0,55.38,1,ACTIVE
MS001074,2026-08-26 05:29:25+00:00,S06,6,S05,S07,60.0,58.9,1,ACTIVE
MS001075,2026-08-26 05:29:30+00:00,S07,7,S06,S08,60.0,58.04,1,ACTIVE
MS001076,2026-08-26 05:29:35+00:00,S08,8,S07,S09,60.0,58.14,1,ACTIVE
MS001077,2026-08-26 05:29:40+00:00,S09,9,S08,S10,60.0,55.51,1,ACTIVE
MS001078,2026-08-26 05:29:45+00:00,S10,10,S09,S11,60.0,56.8,1,ACTIVE
MS001079,2026-08-26 05:29:50+00:00,S11,11,S10,S12,60.0,56.48,1,ACTIVE
MS001080,2026-08-26 05:29:55+00:00,S12,12,S11,,60.0,58.71,1,ACTIVE
MS001081,2026-08-26 05:30:00+00:00,S01,1,,S02,60.0,58.1,1,ACTIVE
MS001082,2026-08-26 05:30:05+00:00,S02,2,S01,S03,60.0,56.76,1,ACTIVE
MS001083,2026-08-26 05:30:10+00:00,S03,3,S02,S04,60.0,58.43,1,ACTIVE
MS001084,2026-08-26 05:30:15+00:00,S04,4,S03,S05,60.0,57.79,1,ACTIVE
MS001085,2026-08-26 05:30:20+00:00,S05,5,S04,S06,60.0,55.38,1,ACTIVE
MS001086,2026-08-26 05:30:25+00:00,S06,6,S05,S07,60.0,58.9,1,ACTIVE
MS001087,2026-08-26 05:30:30+00:00,S07,7,S06,S08,60.0,58.04,1,ACTIVE
MS001088,2026-08-26 05:30:35+00:00,S08,8,S07,S09,60.0,58.14,1,ACTIVE
MS001089,2026-08-26 05:30:40+00:00,S09,9,S08,S10,60.0,55.51,1,ACTIVE
MS001090,2026-08-26 05:30:45+00:00,S10,10,S09,S11,60.0,56.8,1,ACTIVE
MS001091,2026-08-26 05:30:50+00:00,S11,11,S10,S12,60.0,56.48,1,ACTIVE
MS001092,2026-08-26 05:30:55+00:00,S12,12,S11,,60.0,58.71,1,ACTIVE
MS001093,2026-08-26 05:31:00+00:00,S01,1,,S02,60.0,58.1,1,ACTIVE
MS001094,2026-08-26 05:31:05+00:00,S02,2,S01,S03,60.0,56.76,1,ACTIVE
MS001095,2026-08-26 05:31:10+00:00,S03,3,S02,S04,60.0,58.43,1,ACTIVE
MS001096,2026-08-26 05:31:15+00:00,S04,4,S03,S05,60.0,57.79,1,ACTIVE
MS001097,2026-08-26 05:31:20+00:00,S05,5,S04,S06,60.0,55.38,1,ACTIVE
MS001098,2026-08-26 05:31:25+00:00,S06,6,S05,S07,60.0,58.9,1,ACTIVE
MS001099,2026-08-26 05:31:30+00:00,S07,7,S06,S08,60.0,58.04,1,ACTIVE
MS001100,2026-08-26 05:31:35+00:00,S08,8,S07,S09,60.0,58.14,1,ACTIVE
MS001101,2026-08-26 05:31:40+00:00,S09,9,S08,S10,60.0,55.51,1,ACTIVE
MS001102,2026-08-26 05:31:45+00:00,S10,10,S09,S11,60.0,56.8,1,ACTIVE
MS001103,2026-08-26 05:31:50+00:00,S11,11,S10,S12,60.0,56.48,1,ACTIVE
MS001104,2026-08-26 05:31:55+00:00,S12,12,S11,,60.0,58.71,1,ACTIVE
MS001105,2026-08-26 05:32:00+00:00,S01,1,,S02,60.0,58.1,1,ACTIVE
MS001106,2026-08-26 05:32:05+00:00,S02,2,S01,S03,60.0,56.76,1,ACTIVE
MS001107,2026-08-26 05:32:10+00:00,S03,3,S02,S04,60.0,58.43,1,ACTIVE
MS001108,2026-08-26 05:32:15+00:00,S04,4,S03,S05,60.0,57.79,1,ACTIVE
MS001109,2026-08-26 05:32:20+00:00,S05,5,S04,S06,60.0,55.38,1,ACTIVE
MS001110,2026-08-26 05:32:25+00:00,S06,6,S05,S07,60.0,58.9,1,ACTIVE
MS001111,2026-08-26 05:32:30+00:00,S07,7,S06,S08,60.0,58.04,1,ACTIVE
MS001112,2026-08-26 05:32:35+00:00,S08,8,S07,S09,60.0,58.14,1,ACTIVE
MS001113,2026-08-26 05:32:40+00:00,S09,9,S08,S10,60.0,55.51,1,ACTIVE
MS001114,2026-08-26 05:32:45+00:00,S10,10,S09,S11,60.0,56.8,1,ACTIVE
MS001115,2026-08-26 05:32:50+00:00,S11,11,S10,S12,60.0,56.48,1,ACTIVE
MS001116,2026-08-26 05:32:55+00:00,S12,12,S11,,60.0,58.71,1,ACTIVE
MS001117,2026-08-26 05:33:00+00:00,S01,1,,S02,60.0,58.1,1,ACTIVE
MS001118,2026-08-26 05:33:05+00:00,S02,2,S01,S03,60.0,56.76,1,ACTIVE
MS001119,2026-08-26 05:33:10+00:00,S03,3,S02,S04,60.0,58.43,1,ACTIVE
MS001120,2026-08-26 05:33:15+00:00,S04,4,S03,S05,60.0,57.79,1,ACTIVE
MS001121,2026-08-26 05:33:20+00:00,S05,5,S04,S06,60.0,55.38,1,ACTIVE
MS001122,2026-08-26 05:33:25+00:00,S06,6,S05,S07,60.0,58.9,1,ACTIVE
MS001123,2026-08-26 05:33:30+00:00,S07,7,S06,S08,60.0,58.04,1,ACTIVE
MS001124,2026-08-26 05:33:35+00:00,S08,8,S07,S09,60.0,58.14,1,ACTIVE
MS001125,2026-08-26 05:33:40+00:00,S09,9,S08,S10,60.0,55.51,1,ACTIVE
MS001126,2026-08-26 05:33:45+00:00,S10,10,S09,S11,60.0,56.8,1,ACTIVE
MS001127,2026-08-26 05:33:50+00:00,S11,11,S10,S12,60.0,56.48,1,ACTIVE
MS001128,2026-08-26 05:33:55+00:00,S12,12,S11,,60.0,58.71,1,ACTIVE
MS001129,2026-08-26 05:34:00+00:00,S01,1,,S02,60.0,58.1,1,ACTIVE
MS001130,2026-08-26 05:34:05+00:00,S02,2,S01,S03,60.0,56.76,1,ACTIVE
MS001131,2026-08-26 05:34:10+00:00,S03,3,S02,S04,60.0,58.43,1,ACTIVE
MS001132,2026-08-26 05:34:15+00:00,S04,4,S03,S05,60.0,57.79,1,ACTIVE
MS001133,2026-08-26 05:34:20+00:00,S05,5,S04,S06,60.0,55.38,1,ACTIVE
MS001134,2026-08-26 05:34:25+00:00,S06,6,S05,S07,60.0,58.9,1,ACTIVE
MS001135,2026-08-26 05:34:30+00:00,S07,7,S06,S08,60.0,58.04,1,ACTIVE
MS001136,2026-08-26 05:34:35+00:00,S08,8,S07,S09,60.0,58.14,1,ACTIVE
MS001137,2026-08-26 05:34:40+00:00,S09,9,S08,S10,60.0,55.51,1,ACTIVE
MS001138,2026-08-26 05:34:45+00:00,S10,10,S09,S11,60.0,56.8,1,ACTIVE
MS001139,2026-08-26 05:34:50+00:00,S11,11,S10,S12,60.0,56.48,1,ACTIVE
MS001140,2026-08-26 05:34:55+00:00,S12,12,S11,,60.0,58.71,1,ACTIVE
MS001141,2026-08-26 05:35:00+00:00,S01,1,,S02,60.0,58.1,1,ACTIVE
MS001142,2026-08-26 05:35:05+00:00,S02,2,S01,S03,60.0,56.76,1,ACTIVE
MS001143,2026-08-26 05:35:10+00:00,S03,3,S02,S04,60.0,58.43,1,ACTIVE
MS001144,2026-08-26 05:35:15+00:00,S04,4,S03,S05,60.0,57.79,1,ACTIVE
MS001145,2026-08-26 05:35:20+00:00,S05,5,S04,S06,60.0,55.38,1,ACTIVE
MS001146,2026-08-26 05:35:25+00:00,S06,6,S05,S07,60.0,58.9,1,ACTIVE
MS001147,2026-08-26 05:35:30+00:00,S07,7,S06,S08,60.0,58.04,1,ACTIVE
MS001148,2026-08-26 05:35:35+00:00,S08,8,S07,S09,60.0,58.14,1,ACTIVE
MS001149,2026-08-26 05:35:40+00:00,S09,9,S08,S10,60.0,55.51,1,ACTIVE
MS001150,2026-08-26 05:35:45+00:00,S10,10,S09,S11,60.0,56.8,1,ACTIVE
MS001151,2026-08-26 05:35:50+00:00,S11,11,S10,S12,60.0,56.48,1,ACTIVE
MS001152,2026-08-26 05:35:55+00:00,S12,12,S11,,60.0,58.71,1,ACTIVE
MS001153,2026-08-26 05:36:00+00:00,S01,1,,S02,60.0,58.1,1,ACTIVE
MS001154,2026-08-26 05:36:05+00:00,S02,2,S01,S03,60.0,56.76,1,ACTIVE
MS001155,2026-08-26 05:36:10+00:00,S03,3,S02,S04,60.0,58.43,1,ACTIVE
MS001156,2026-08-26 05:36:15+00:00,S04,4,S03,S05,60.0,57.79,1,ACTIVE
MS001157,2026-08-26 05:36:20+00:00,S05,5,S04,S06,60.0,55.38,1,ACTIVE
MS001158,2026-08-26 05:36:25+00:00,S06,6,S05,S07,60.0,58.9,1,ACTIVE
MS001159,2026-08-26 05:36:30+00:00,S07,7,S06,S08,60.0,58.04,1,ACTIVE
MS001160,2026-08-26 05:36:35+00:00,S08,8,S07,S09,60.0,58.14,1,ACTIVE
MS001161,2026-08-26 05:36:40+00:00,S09,9,S08,S10,60.0,55.51,1,ACTIVE
MS001162,2026-08-26 05:36:45+00:00,S10,10,S09,S11,60.0,56.8,1,ACTIVE
MS001163,2026-08-26 05:36:50+00:00,S11,11,S10,S12,60.0,56.48,1,ACTIVE
MS001164,2026-08-26 05:36:55+00:00,S12,12,S11,,60.0,58.71,1,ACTIVE
MS001165,2026-08-26 05:37:00+00:00,S01,1,,S02,60.0,58.1,1,ACTIVE
MS001166,2026-08-26 05:37:05+00:00,S02,2,S01,S03,60.0,56.76,1,ACTIVE
MS001167,2026-08-26 05:37:10+00:00,S03,3,S02,S04,60.0,58.43,1,ACTIVE
MS001168,2026-08-26 05:37:15+00:00,S04,4,S03,S05,60.0,57.79,1,ACTIVE
MS001169,2026-08-26 05:37:20+00:00,S05,5,S04,S06,60.0,55.38,1,ACTIVE
MS001170,2026-08-26 05:37:25+00:00,S06,6,S05,S07,60.0,58.9,1,ACTIVE
MS001171,2026-08-26 05:37:30+00:00,S07,7,S06,S08,60.0,58.04,1,ACTIVE
MS001172,2026-08-26 05:37:35+00:00,S08,8,S07,S09,60.0,58.14,1,ACTIVE
MS001173,2026-08-26 05:37:40+00:00,S09,9,S08,S10,60.0,55.51,1,ACTIVE
MS001174,2026-08-26 05:37:45+00:00,S10,10,S09,S11,60.0,56.8,1,ACTIVE
MS001175,2026-08-26 05:37:50+00:00,S11,11,S10,S12,60.0,56.48,1,ACTIVE
MS001176,2026-08-26 05:37:55+00:00,S12,12,S11,,60.0,58.71,1,ACTIVE
MS001177,2026-08-26 05:38:00+00:00,S01,1,,S02,60.0,58.1,1,ACTIVE
MS001178,2026-08-26 05:38:05+00:00,S02,2,S01,S03,60.0,56.76,1,ACTIVE
MS001179,2026-08-26 05:38:10+00:00,S03,3,S02,S04,60.0,58.43,1,ACTIVE
MS001180,2026-08-26 05:38:15+00:00,S04,4,S03,S05,60.0,57.79,1,ACTIVE
MS001181,2026-08-26 05:38:20+00:00,S05,5,S04,S06,60.0,55.38,1,ACTIVE
MS001182,2026-08-26 05:38:25+00:00,S06,6,S05,S07,60.0,58.9,1,ACTIVE
MS001183,2026-08-26 05:38:30+00:00,S07,7,S06,S08,60.0,58.04,1,ACTIVE
MS001184,2026-08-26 05:38:35+00:00,S08,8,S07,S09,60.0,58.14,1,ACTIVE
MS001185,2026-08-26 05:38:40+00:00,S09,9,S08,S10,60.0,55.51,1,ACTIVE
MS001186,2026-08-26 05:38:45+00:00,S10,10,S09,S11,60.0,56.8,1,ACTIVE
MS001187,2026-08-26 05:38:50+00:00,S11,11,S10,S12,60.0,56.48,1,ACTIVE
MS001188,2026-08-26 05:38:55+00:00,S12,12,S11,,60.0,58.71,1,ACTIVE
MS001189,2026-08-26 05:39:00+00:00,S01,1,,S02,60.0,58.1,1,ACTIVE
MS001190,2026-08-26 05:39:05+00:00,S02,2,S01,S03,60.0,56.76,1,ACTIVE
MS001191,2026-08-26 05:39:10+00:00,S03,3,S02,S04,60.0,58.43,1,ACTIVE
MS001192,2026-08-26 05:39:15+00:00,S04,4,S03,S05,60.0,57.79,1,ACTIVE
MS001193,2026-08-26 05:39:20+00:00,S05,5,S04,S06,60.0,55.38,1,ACTIVE
MS001194,2026-08-26 05:39:25+00:00,S06,6,S05,S07,60.0,58.9,1,ACTIVE
MS001195,2026-08-26 05:39:30+00:00,S07,7,S06,S08,60.0,58.04,1,ACTIVE
MS001196,2026-08-26 05:39:35+00:00,S08,8,S07,S09,60.0,58.14,1,ACTIVE
MS001197,2026-08-26 05:39:40+00:00,S09,9,S08,S10,60.0,55.51,1,ACTIVE
MS001198,2026-08-26 05:39:45+00:00,S10,10,S09,S11,60.0,56.8,1,ACTIVE
MS001199,2026-08-26 05:39:50+00:00,S11,11,S10,S12,60.0,56.48,1,ACTIVE
MS001200,2026-08-26 05:39:55+00:00,S12,12,S11,,60.0,58.71,1,ACTIVE
MS001201,2026-08-26 05:40:00+00:00,S01,1,,S02,60.0,58.1,1,ACTIVE
MS001202,2026-08-26 05:40:05+00:00,S02,2,S01,S03,60.0,56.76,1,ACTIVE
MS001203,2026-08-26 05:40:10+00:00,S03,3,S02,S04,60.0,58.43,1,ACTIVE
MS001204,2026-08-26 05:40:15+00:00,S04,4,S03,S05,60.0,57.79,1,ACTIVE
MS001205,2026-08-26 05:40:20+00:00,S05,5,S04,S06,60.0,55.38,1,ACTIVE
MS001206,2026-08-26 05:40:25+00:00,S06,6,S05,S07,60.0,58.9,1,ACTIVE
MS001207,2026-08-26 05:40:30+00:00,S07,7,S06,S08,60.0,58.04,1,ACTIVE
MS001208,2026-08-26 05:40:35+00:00,S08,8,S07,S09,60.0,58.14,1,ACTIVE
MS001209,2026-08-26 05:40:40+00:00,S09,9,S08,S10,60.0,55.51,1,ACTIVE
MS001210,2026-08-26 05:40:45+00:00,S10,10,S09,S11,60.0,56.8,1,ACTIVE
MS001211,2026-08-26 05:40:50+00:00,S11,11,S10,S12,60.0,56.48,1,ACTIVE
MS001212,2026-08-26 05:40:55+00:00,S12,12,S11,,60.0,58.71,1,ACTIVE
MS001213,2026-08-26 05:41:00+00:00,S01,1,,S02,60.0,58.1,1,ACTIVE
MS001214,2026-08-26 05:41:05+00:00,S02,2,S01,S03,60.0,56.76,1,ACTIVE
MS001215,2026-08-26 05:41:10+00:00,S03,3,S02,S04,60.0,58.43,1,ACTIVE
MS001216,2026-08-26 05:41:15+00:00,S04,4,S03,S05,60.0,57.79,1,ACTIVE
MS001217,2026-08-26 05:41:20+00:00,S05,5,S04,S06,60.0,55.38,1,ACTIVE
MS001218,2026-08-26 05:41:25+00:00,S06,6,S05,S07,60.0,58.9,1,ACTIVE
MS001219,2026-08-26 05:41:30+00:00,S07,7,S06,S08,60.0,58.04,1,ACTIVE
MS001220,2026-08-26 05:41:35+00:00,S08,8,S07,S09,60.0,58.14,1,ACTIVE
MS001221,2026-08-26 05:41:40+00:00,S09,9,S08,S10,60.0,55.51,1,ACTIVE
MS001222,2026-08-26 05:41:45+00:00,S10,10,S09,S11,60.0,56.8,1,ACTIVE
MS001223,2026-08-26 05:41:50+00:00,S11,11,S10,S12,60.0,56.48,1,ACTIVE
MS001224,2026-08-26 05:41:55+00:00,S12,12,S11,,60.0,58.71,1,ACTIVE
MS001225,2026-08-26 05:42:00+00:00,S01,1,,S02,60.0,58.1,1,ACTIVE
MS001226,2026-08-26 05:42:05+00:00,S02,2,S01,S03,60.0,56.76,1,ACTIVE
MS001227,2026-08-26 05:42:10+00:00,S03,3,S02,S04,60.0,58.43,1,ACTIVE
MS001228,2026-08-26 05:42:15+00:00,S04,4,S03,S05,60.0,57.79,1,ACTIVE
MS001229,2026-08-26 05:42:20+00:00,S05,5,S04,S06,60.0,55.38,1,ACTIVE
MS001230,2026-08-26 05:42:25+00:00,S06,6,S05,S07,60.0,58.9,1,ACTIVE
MS001231,2026-08-26 05:42:30+00:00,S07,7,S06,S08,60.0,58.04,1,ACTIVE
MS001232,2026-08-26 05:42:35+00:00,S08,8,S07,S09,60.0,58.14,1,ACTIVE
MS001233,2026-08-26 05:42:40+00:00,S09,9,S08,S10,60.0,55.51,1,ACTIVE
MS001234,2026-08-26 05:42:45+00:00,S10,10,S09,S11,60.0,56.8,1,ACTIVE
MS001235,2026-08-26 05:42:50+00:00,S11,11,S10,S12,60.0,56.48,1,ACTIVE
MS001236,2026-08-26 05:42:55+00:00,S12,12,S11,,60.0,58.71,1,ACTIVE
MS001237,2026-08-26 05:43:00+00:00,S01,1,,S02,60.0,58.1,1,ACTIVE
MS001238,2026-08-26 05:43:05+00:00,S02,2,S01,S03,60.0,56.76,1,ACTIVE
MS001239,2026-08-26 05:43:10+00:00,S03,3,S02,S04,60.0,58.43,1,ACTIVE
MS001240,2026-08-26 05:43:15+00:00,S04,4,S03,S05,60.0,57.79,1,ACTIVE
MS001241,2026-08-26 05:43:20+00:00,S05,5,S04,S06,60.0,55.38,1,ACTIVE
MS001242,2026-08-26 05:43:25+00:00,S06,6,S05,S07,60.0,58.9,1,ACTIVE
MS001243,2026-08-26 05:43:30+00:00,S07,7,S06,S08,60.0,58.04,1,ACTIVE
MS001244,2026-08-26 05:43:35+00:00,S08,8,S07,S09,60.0,58.14,1,ACTIVE
MS001245,2026-08-26 05:43:40+00:00,S09,9,S08,S10,60.0,55.51,1,ACTIVE
MS001246,2026-08-26 05:43:45+00:00,S10,10,S09,S11,60.0,56.8,1,ACTIVE
MS001247,2026-08-26 05:43:50+00:00,S11,11,S10,S12,60.0,56.48,1,ACTIVE
MS001248,2026-08-26 05:43:55+00:00,S12,12,S11,,60.0,58.71,1,ACTIVE
MS001249,2026-08-26 05:44:00+00:00,S01,1,,S02,60.0,58.1,1,ACTIVE
MS001250,2026-08-26 05:44:05+00:00,S02,2,S01,S03,60.0,56.76,1,ACTIVE
MS001251,2026-08-26 05:44:10+00:00,S03,3,S02,S04,60.0,58.43,1,ACTIVE
MS001252,2026-08-26 05:44:15+00:00,S04,4,S03,S05,60.0,57.79,1,ACTIVE
MS001253,2026-08-26 05:44:20+00:00,S05,5,S04,S06,60.0,55.38,1,ACTIVE
MS001254,2026-08-26 05:44:25+00:00,S06,6,S05,S07,60.0,58.9,1,ACTIVE
MS001255,2026-08-26 05:44:30+00:00,S07,7,S06,S08,60.0,58.04,1,ACTIVE
MS001256,2026-08-26 05:44:35+00:00,S08,8,S07,S09,60.0,58.14,1,ACTIVE
MS001257,2026-08-26 05:44:40+00:00,S09,9,S08,S10,60.0,55.51,1,ACTIVE
MS001258,2026-08-26 05:44:45+00:00,S10,10,S09,S11,60.0,56.8,1,ACTIVE
MS001259,2026-08-26 05:44:50+00:00,S11,11,S10,S12,60.0,56.48,1,ACTIVE
MS001260,2026-08-26 05:44:55+00:00,S12,12,S11,,60.0,58.71,1,ACTIVE
MS001261,2026-08-26 05:45:00+00:00,S01,1,,S02,60.0,58.1,1,ACTIVE
MS001262,2026-08-26 05:45:05+00:00,S02,2,S01,S03,60.0,56.76,1,ACTIVE
MS001263,2026-08-26 05:45:10+00:00,S03,3,S02,S04,60.0,58.43,1,ACTIVE
MS001264,2026-08-26 05:45:15+00:00,S04,4,S03,S05,60.0,57.79,1,ACTIVE
MS001265,2026-08-26 05:45:20+00:00,S05,5,S04,S06,60.0,55.38,1,ACTIVE
MS001266,2026-08-26 05:45:25+00:00,S06,6,S05,S07,60.0,58.9,1,ACTIVE
MS001267,2026-08-26 05:45:30+00:00,S07,7,S06,S08,60.0,58.04,1,ACTIVE
MS001268,2026-08-26 05:45:35+00:00,S08,8,S07,S09,60.0,58.14,1,ACTIVE
MS001269,2026-08-26 05:45:40+00:00,S09,9,S08,S10,60.0,55.51,1,ACTIVE
MS001270,2026-08-26 05:45:45+00:00,S10,10,S09,S11,60.0,56.8,1,ACTIVE
MS001271,2026-08-26 05:45:50+00:00,S11,11,S10,S12,60.0,56.48,1,ACTIVE
MS001272,2026-08-26 05:45:55+00:00,S12,12,S11,,60.0,58.71,1,ACTIVE
MS001273,2026-08-26 05:46:00+00:00,S01,1,,S02,60.0,58.1,1,ACTIVE
MS001274,2026-08-26 05:46:05+00:00,S02,2,S01,S03,60.0,56.76,1,ACTIVE
MS001275,2026-08-26 05:46:10+00:00,S03,3,S02,S04,60.0,58.43,1,ACTIVE
MS001276,2026-08-26 05:46:15+00:00,S04,4,S03,S05,60.0,57.79,1,ACTIVE
MS001277,2026-08-26 05:46:20+00:00,S05,5,S04,S06,60.0,55.38,1,ACTIVE
MS001278,2026-08-26 05:46:25+00:00,S06,6,S05,S07,60.0,58.9,1,ACTIVE
MS001279,2026-08-26 05:46:30+00:00,S07,7,S06,S08,60.0,58.04,1,ACTIVE
MS001280,2026-08-26 05:46:35+00:00,S08,8,S07,S09,60.0,58.14,1,ACTIVE
MS001281,2026-08-26 05:46:40+00:00,S09,9,S08,S10,60.0,55.51,1,ACTIVE
MS001282,2026-08-26 05:46:45+00:00,S10,10,S09,S11,60.0,56.8,1,ACTIVE
MS001283,2026-08-26 05:46:50+00:00,S11,11,S10,S12,60.0,56.48,1,ACTIVE
MS001284,2026-08-26 05:46:55+00:00,S12,12,S11,,60.0,58.71,1,ACTIVE
MS001285,2026-08-26 05:47:00+00:00,S01,1,,S02,60.0,58.1,1,ACTIVE
MS001286,2026-08-26 05:47:05+00:00,S02,2,S01,S03,60.0,56.76,1,ACTIVE
MS001287,2026-08-26 05:47:10+00:00,S03,3,S02,S04,60.0,58.43,1,ACTIVE
MS001288,2026-08-26 05:47:15+00:00,S04,4,S03,S05,60.0,57.79,1,ACTIVE
MS001289,2026-08-26 05:47:20+00:00,S05,5,S04,S06,60.0,55.38,1,ACTIVE
MS001290,2026-08-26 05:47:25+00:00,S06,6,S05,S07,60.0,58.9,1,ACTIVE
MS001291,2026-08-26 05:47:30+00:00,S07,7,S06,S08,60.0,58.04,1,ACTIVE
MS001292,2026-08-26 05:47:35+00:00,S08,8,S07,S09,60.0,58.14,1,ACTIVE
MS001293,2026-08-26 05:47:40+00:00,S09,9,S08,S10,60.0,55.51,1,ACTIVE
MS001294,2026-08-26 05:47:45+00:00,S10,10,S09,S11,60.0,56.8,1,ACTIVE
MS001295,2026-08-26 05:47:50+00:00,S11,11,S10,S12,60.0,56.48,1,ACTIVE
MS001296,2026-08-26 05:47:55+00:00,S12,12,S11,,60.0,58.71,1,ACTIVE
MS001297,2026-08-26 05:48:00+00:00,S01,1,,S02,60.0,58.1,1,ACTIVE
MS001298,2026-08-26 05:48:05+00:00,S02,2,S01,S03,60.0,56.76,1,ACTIVE
MS001299,2026-08-26 05:48:10+00:00,S03,3,S02,S04,60.0,58.43,1,ACTIVE
MS001300,2026-08-26 05:48:15+00:00,S04,4,S03,S05,60.0,57.79,1,ACTIVE
MS001301,2026-08-26 05:48:20+00:00,S05,5,S04,S06,60.0,55.38,1,ACTIVE
MS001302,2026-08-26 05:48:25+00:00,S06,6,S05,S07,60.0,58.9,1,ACTIVE
MS001303,2026-08-26 05:48:30+00:00,S07,7,S06,S08,60.0,58.04,1,ACTIVE
MS001304,2026-08-26 05:48:35+00:00,S08,8,S07,S09,60.0,58.14,1,ACTIVE
MS001305,2026-08-26 05:48:40+00:00,S09,9,S08,S10,60.0,55.51,1,ACTIVE
MS001306,2026-08-26 05:48:45+00:00,S10,10,S09,S11,60.0,56.8,1,ACTIVE
MS001307,2026-08-26 05:48:50+00:00,S11,11,S10,S12,60.0,56.48,1,ACTIVE
MS001308,2026-08-26 05:48:55+00:00,S12,12,S11,,60.0,58.71,1,ACTIVE
MS001309,2026-08-26 05:49:00+00:00,S01,1,,S02,60.0,58.1,1,ACTIVE
MS001310,2026-08-26 05:49:05+00:00,S02,2,S01,S03,60.0,56.76,1,ACTIVE
MS001311,2026-08-26 05:49:10+00:00,S03,3,S02,S04,60.0,58.43,1,ACTIVE
MS001312,2026-08-26 05:49:15+00:00,S04,4,S03,S05,60.0,57.79,1,ACTIVE
MS001313,2026-08-26 05:49:20+00:00,S05,5,S04,S06,60.0,55.38,1,ACTIVE
MS001314,2026-08-26 05:49:25+00:00,S06,6,S05,S07,60.0,58.9,1,ACTIVE
MS001315,2026-08-26 05:49:30+00:00,S07,7,S06,S08,60.0,58.04,1,ACTIVE
MS001316,2026-08-26 05:49:35+00:00,S08,8,S07,S09,60.0,58.14,1,ACTIVE
MS001317,2026-08-26 05:49:40+00:00,S09,9,S08,S10,60.0,55.51,1,ACTIVE
MS001318,2026-08-26 05:49:45+00:00,S10,10,S09,S11,60.0,56.8,1,ACTIVE
MS001319,2026-08-26 05:49:50+00:00,S11,11,S10,S12,60.0,56.48,1,ACTIVE
MS001320,2026-08-26 05:49:55+00:00,S12,12,S11,,60.0,58.71,1,ACTIVE
MS001321,2026-08-26 05:50:00+00:00,S01,1,,S02,60.0,58.1,1,ACTIVE
MS001322,2026-08-26 05:50:05+00:00,S02,2,S01,S03,60.0,56.76,1,ACTIVE
MS001323,2026-08-26 05:50:10+00:00,S03,3,S02,S04,60.0,58.43,1,ACTIVE
MS001324,2026-08-26 05:50:15+00:00,S04,4,S03,S05,60.0,57.79,1,ACTIVE
MS001325,2026-08-26 05:50:20+00:00,S05,5,S04,S06,60.0,55.38,1,ACTIVE
MS001326,2026-08-26 05:50:25+00:00,S06,6,S05,S07,60.0,58.9,1,ACTIVE
MS001327,2026-08-26 05:50:30+00:00,S07,7,S06,S08,60.0,58.04,1,ACTIVE
MS001328,2026-08-26 05:50:35+00:00,S08,8,S07,S09,60.0,58.14,1,ACTIVE
MS001329,2026-08-26 05:50:40+00:00,S09,9,S08,S10,60.0,55.51,1,ACTIVE
MS001330,2026-08-26 05:50:45+00:00,S10,10,S09,S11,60.0,56.8,1,ACTIVE
MS001331,2026-08-26 05:50:50+00:00,S11,11,S10,S12,60.0,56.48,1,ACTIVE
MS001332,2026-08-26 05:50:55+00:00,S12,12,S11,,60.0,58.71,1,ACTIVE
MS001333,2026-08-26 05:51:00+00:00,S01,1,,S02,60.0,58.1,1,ACTIVE
MS001334,2026-08-26 05:51:05+00:00,S02,2,S01,S03,60.0,56.76,1,ACTIVE
MS001335,2026-08-26 05:51:10+00:00,S03,3,S02,S04,60.0,58.43,1,ACTIVE
MS001336,2026-08-26 05:51:15+00:00,S04,4,S03,S05,60.0,57.79,1,ACTIVE
MS001337,2026-08-26 05:51:20+00:00,S05,5,S04,S06,60.0,55.38,1,ACTIVE
MS001338,2026-08-26 05:51:25+00:00,S06,6,S05,S07,60.0,58.9,1,ACTIVE
MS001339,2026-08-26 05:51:30+00:00,S07,7,S06,S08,60.0,58.04,1,ACTIVE
MS001340,2026-08-26 05:51:35+00:00,S08,8,S07,S09,60.0,58.14,1,ACTIVE
MS001341,2026-08-26 05:51:40+00:00,S09,9,S08,S10,60.0,55.51,1,ACTIVE
MS001342,2026-08-26 05:51:45+00:00,S10,10,S09,S11,60.0,56.8,1,ACTIVE
MS001343,2026-08-26 05:51:50+00:00,S11,11,S10,S12,60.0,56.48,1,ACTIVE
MS001344,2026-08-26 05:51:55+00:00,S12,12,S11,,60.0,58.71,1,ACTIVE
MS001345,2026-08-26 05:52:00+00:00,S01,1,,S02,60.0,58.1,1,ACTIVE
MS001346,2026-08-26 05:52:05+00:00,S02,2,S01,S03,60.0,56.76,1,ACTIVE
MS001347,2026-08-26 05:52:10+00:00,S03,3,S02,S04,60.0,58.43,1,ACTIVE
MS001348,2026-08-26 05:52:15+00:00,S04,4,S03,S05,60.0,57.79,1,ACTIVE
MS001349,2026-08-26 05:52:20+00:00,S05,5,S04,S06,60.0,55.38,1,ACTIVE
MS001350,2026-08-26 05:52:25+00:00,S06,6,S05,S07,60.0,58.9,1,ACTIVE
MS001351,2026-08-26 05:52:30+00:00,S07,7,S06,S08,60.0,58.04,1,ACTIVE
MS001352,2026-08-26 05:52:35+00:00,S08,8,S07,S09,60.0,58.14,1,ACTIVE
MS001353,2026-08-26 05:52:40+00:00,S09,9,S08,S10,60.0,55.51,1,ACTIVE
MS001354,2026-08-26 05:52:45+00:00,S10,10,S09,S11,60.0,56.8,1,ACTIVE
MS001355,2026-08-26 05:52:50+00:00,S11,11,S10,S12,60.0,56.48,1,ACTIVE
MS001356,2026-08-26 05:52:55+00:00,S12,12,S11,,60.0,58.71,1,ACTIVE
MS001357,2026-08-26 05:53:00+00:00,S01,1,,S02,60.0,58.1,1,ACTIVE
MS001358,2026-08-26 05:53:05+00:00,S02,2,S01,S03,60.0,56.76,1,ACTIVE
MS001359,2026-08-26 05:53:10+00:00,S03,3,S02,S04,60.0,58.43,1,ACTIVE
MS001360,2026-08-26 05:53:15+00:00,S04,4,S03,S05,60.0,57.79,1,ACTIVE
MS001361,2026-08-26 05:53:20+00:00,S05,5,S04,S06,60.0,55.38,1,ACTIVE
MS001362,2026-08-26 05:53:25+00:00,S06,6,S05,S07,60.0,58.9,1,ACTIVE
MS001363,2026-08-26 05:53:30+00:00,S07,7,S06,S08,60.0,58.04,1,ACTIVE
MS001364,2026-08-26 05:53:35+00:00,S08,8,S07,S09,60.0,58.14,1,ACTIVE
MS001365,2026-08-26 05:53:40+00:00,S09,9,S08,S10,60.0,55.51,1,ACTIVE
MS001366,2026-08-26 05:53:45+00:00,S10,10,S09,S11,60.0,56.8,1,ACTIVE
MS001367,2026-08-26 05:53:50+00:00,S11,11,S10,S12,60.0,56.48,1,ACTIVE
MS001368,2026-08-26 05:53:55+00:00,S12,12,S11,,60.0,58.71,1,ACTIVE
MS001369,2026-08-26 05:54:00+00:00,S01,1,,S02,60.0,58.1,1,ACTIVE
MS001370,2026-08-26 05:54:05+00:00,S02,2,S01,S03,60.0,56.76,1,ACTIVE
MS001371,2026-08-26 05:54:10+00:00,S03,3,S02,S04,60.0,58.43,1,ACTIVE
MS001372,2026-08-26 05:54:15+00:00,S04,4,S03,S05,60.0,57.79,1,ACTIVE
MS001373,2026-08-26 05:54:20+00:00,S05,5,S04,S06,60.0,55.38,1,ACTIVE
MS001374,2026-08-26 05:54:25+00:00,S06,6,S05,S07,60.0,58.9,1,ACTIVE
MS001375,2026-08-26 05:54:30+00:00,S07,7,S06,S08,60.0,58.04,1,ACTIVE
MS001376,2026-08-26 05:54:35+00:00,S08,8,S07,S09,60.0,58.14,1,ACTIVE
MS001377,2026-08-26 05:54:40+00:00,S09,9,S08,S10,60.0,55.51,1,ACTIVE
MS001378,2026-08-26 05:54:45+00:00,S10,10,S09,S11,60.0,56.8,1,ACTIVE
MS001379,2026-08-26 05:54:50+00:00,S11,11,S10,S12,60.0,56.48,1,ACTIVE
MS001380,2026-08-26 05:54:55+00:00,S12,12,S11,,60.0,58.71,1,ACTIVE
MS001381,2026-08-26 05:55:00+00:00,S01,1,,S02,60.0,58.1,1,ACTIVE
MS001382,2026-08-26 05:55:05+00:00,S02,2,S01,S03,60.0,56.76,1,ACTIVE
MS001383,2026-08-26 05:55:10+00:00,S03,3,S02,S04,60.0,58.43,1,ACTIVE
MS001384,2026-08-26 05:55:15+00:00,S04,4,S03,S05,60.0,57.79,1,ACTIVE
MS001385,2026-08-26 05:55:20+00:00,S05,5,S04,S06,60.0,55.38,1,ACTIVE
MS001386,2026-08-26 05:55:25+00:00,S06,6,S05,S07,60.0,58.9,1,ACTIVE
MS001387,2026-08-26 05:55:30+00:00,S07,7,S06,S08,60.0,58.04,1,ACTIVE
MS001388,2026-08-26 05:55:35+00:00,S08,8,S07,S09,60.0,58.14,1,ACTIVE
MS001389,2026-08-26 05:55:40+00:00,S09,9,S08,S10,60.0,55.51,1,ACTIVE
MS001390,2026-08-26 05:55:45+00:00,S10,10,S09,S11,60.0,56.8,1,ACTIVE
MS001391,2026-08-26 05:55:50+00:00,S11,11,S10,S12,60.0,56.48,1,ACTIVE
MS001392,2026-08-26 05:55:55+00:00,S12,12,S11,,60.0,58.71,1,ACTIVE
MS001393,2026-08-26 05:56:00+00:00,S01,1,,S02,60.0,58.1,1,ACTIVE
MS001394,2026-08-26 05:56:05+00:00,S02,2,S01,S03,60.0,56.76,1,ACTIVE
MS001395,2026-08-26 05:56:10+00:00,S03,3,S02,S04,60.0,58.43,1,ACTIVE
MS001396,2026-08-26 05:56:15+00:00,S04,4,S03,S05,60.0,57.79,1,ACTIVE
MS001397,2026-08-26 05:56:20+00:00,S05,5,S04,S06,60.0,55.38,1,ACTIVE
MS001398,2026-08-26 05:56:25+00:00,S06,6,S05,S07,60.0,58.9,1,ACTIVE
MS001399,2026-08-26 05:56:30+00:00,S07,7,S06,S08,60.0,58.04,1,ACTIVE
MS001400,2026-08-26 05:56:35+00:00,S08,8,S07,S09,60.0,58.14,1,ACTIVE
MS001401,2026-08-26 05:56:40+00:00,S09,9,S08,S10,60.0,55.51,1,ACTIVE
MS001402,2026-08-26 05:56:45+00:00,S10,10,S09,S11,60.0,56.8,1,ACTIVE
MS001403,2026-08-26 05:56:50+00:00,S11,11,S10,S12,60.0,56.48,1,ACTIVE
MS001404,2026-08-26 05:56:55+00:00,S12,12,S11,,60.0,58.71,1,ACTIVE
MS001405,2026-08-26 05:57:00+00:00,S01,1,,S02,60.0,58.1,1,ACTIVE
MS001406,2026-08-26 05:57:05+00:00,S02,2,S01,S03,60.0,56.76,1,ACTIVE
MS001407,2026-08-26 05:57:10+00:00,S03,3,S02,S04,60.0,58.43,1,ACTIVE
MS001408,2026-08-26 05:57:15+00:00,S04,4,S03,S05,60.0,57.79,1,ACTIVE
MS001409,2026-08-26 05:57:20+00:00,S05,5,S04,S06,60.0,55.38,1,ACTIVE
MS001410,2026-08-26 05:57:25+00:00,S06,6,S05,S07,60.0,58.9,1,ACTIVE
MS001411,2026-08-26 05:57:30+00:00,S07,7,S06,S08,60.0,58.04,1,ACTIVE
MS001412,2026-08-26 05:57:35+00:00,S08,8,S07,S09,60.0,58.14,1,ACTIVE
MS001413,2026-08-26 05:57:40+00:00,S09,9,S08,S10,60.0,55.51,1,ACTIVE
MS001414,2026-08-26 05:57:45+00:00,S10,10,S09,S11,60.0,56.8,1,ACTIVE
MS001415,2026-08-26 05:57:50+00:00,S11,11,S10,S12,60.0,56.48,1,ACTIVE
MS001416,2026-08-26 05:57:55+00:00,S12,12,S11,,60.0,58.71,1,ACTIVE
MS001417,2026-08-26 05:58:00+00:00,S01,1,,S02,60.0,58.1,1,ACTIVE
MS001418,2026-08-26 05:58:05+00:00,S02,2,S01,S03,60.0,56.76,1,ACTIVE
MS001419,2026-08-26 05:58:10+00:00,S03,3,S02,S04,60.0,58.43,1,ACTIVE
MS001420,2026-08-26 05:58:15+00:00,S04,4,S03,S05,60.0,57.79,1,ACTIVE
MS001421,2026-08-26 05:58:20+00:00,S05,5,S04,S06,60.0,55.38,1,ACTIVE
MS001422,2026-08-26 05:58:25+00:00,S06,6,S05,S07,60.0,58.9,1,ACTIVE
MS001423,2026-08-26 05:58:30+00:00,S07,7,S06,S08,60.0,58.04,1,ACTIVE
MS001424,2026-08-26 05:58:35+00:00,S08,8,S07,S09,60.0,58.14,1,ACTIVE
MS001425,2026-08-26 05:58:40+00:00,S09,9,S08,S10,60.0,55.51,1,ACTIVE
MS001426,2026-08-26 05:58:45+00:00,S10,10,S09,S11,60.0,56.8,1,ACTIVE
MS001427,2026-08-26 05:58:50+00:00,S11,11,S10,S12,60.0,56.48,1,ACTIVE
MS001428,2026-08-26 05:58:55+00:00,S12,12,S11,,60.0,58.71,1,ACTIVE
MS001429,2026-08-26 05:59:00+00:00,S01,1,,S02,60.0,58.1,1,ACTIVE
MS001430,2026-08-26 05:59:05+00:00,S02,2,S01,S03,60.0,56.76,1,ACTIVE
MS001431,2026-08-26 05:59:10+00:00,S03,3,S02,S04,60.0,58.43,1,ACTIVE
MS001432,2026-08-26 05:59:15+00:00,S04,4,S03,S05,60.0,57.79,1,ACTIVE
MS001433,2026-08-26 05:59:20+00:00,S05,5,S04,S06,60.0,55.38,1,ACTIVE
MS001434,2026-08-26 05:59:25+00:00,S06,6,S05,S07,60.0,58.9,1,ACTIVE
MS001435,2026-08-26 05:59:30+00:00,S07,7,S06,S08,60.0,58.04,1,ACTIVE
MS001436,2026-08-26 05:59:35+00:00,S08,8,S07,S09,60.0,58.14,1,ACTIVE
MS001437,2026-08-26 05:59:40+00:00,S09,9,S08,S10,60.0,55.51,1,ACTIVE
MS001438,2026-08-26 05:59:45+00:00,S10,10,S09,S11,60.0,56.8,1,ACTIVE
MS001439,2026-08-26 05:59:50+00:00,S11,11,S10,S12,60.0,56.48,1,ACTIVE
MS001440,2026-08-26 05:59:55+00:00,S12,12,S11,,60.0,58.71,1,ACTIVE
MS001441,2026-08-26 06:00:00+00:00,S01,1,,S02,60.0,58.1,1,ACTIVE
MS001442,2026-08-26 06:00:05+00:00,S02,2,S01,S03,60.0,56.76,1,ACTIVE
MS001443,2026-08-26 06:00:10+00:00,S03,3,S02,S04,60.0,58.43,1,ACTIVE
MS001444,2026-08-26 06:00:15+00:00,S04,4,S03,S05,60.0,57.79,1,ACTIVE
MS001445,2026-08-26 06:00:20+00:00,S05,5,S04,S06,60.0,55.38,1,ACTIVE
MS001446,2026-08-26 06:00:25+00:00,S06,6,S05,S07,60.0,58.9,1,ACTIVE
MS001447,2026-08-26 06:00:30+00:00,S07,7,S06,S08,60.0,58.04,1,ACTIVE
MS001448,2026-08-26 06:00:35+00:00,S08,8,S07,S09,60.0,58.14,1,ACTIVE
MS001449,2026-08-26 06:00:40+00:00,S09,9,S08,S10,60.0,55.51,1,ACTIVE
MS001450,2026-08-26 06:00:45+00:00,S10,10,S09,S11,60.0,56.8,1,ACTIVE
MS001451,2026-08-26 06:00:50+00:00,S11,11,S10,S12,60.0,56.48,1,ACTIVE
MS001452,2026-08-26 06:00:55+00:00,S12,12,S11,,60.0,58.71,1,ACTIVE
MS001453,2026-08-26 06:01:00+00:00,S01,1,,S02,60.0,58.1,1,ACTIVE
MS001454,2026-08-26 06:01:05+00:00,S02,2,S01,S03,60.0,56.76,1,ACTIVE
MS001455,2026-08-26 06:01:10+00:00,S03,3,S02,S04,60.0,58.43,1,ACTIVE
MS001456,2026-08-26 06:01:15+00:00,S04,4,S03,S05,60.0,57.79,1,ACTIVE
MS001457,2026-08-26 06:01:20+00:00,S05,5,S04,S06,60.0,55.38,1,ACTIVE
MS001458,2026-08-26 06:01:25+00:00,S06,6,S05,S07,60.0,58.9,1,ACTIVE
MS001459,2026-08-26 06:01:30+00:00,S07,7,S06,S08,60.0,58.04,1,ACTIVE
MS001460,2026-08-26 06:01:35+00:00,S08,8,S07,S09,60.0,58.14,1,ACTIVE
MS001461,2026-08-26 06:01:40+00:00,S09,9,S08,S10,60.0,55.51,1,ACTIVE
MS001462,2026-08-26 06:01:45+00:00,S10,10,S09,S11,60.0,56.8,1,ACTIVE
MS001463,2026-08-26 06:01:50+00:00,S11,11,S10,S12,60.0,56.48,1,ACTIVE
MS001464,2026-08-26 06:01:55+00:00,S12,12,S11,,60.0,58.71,1,ACTIVE
MS001465,2026-08-26 06:02:00+00:00,S01,1,,S02,60.0,58.1,1,ACTIVE
MS001466,2026-08-26 06:02:05+00:00,S02,2,S01,S03,60.0,56.76,1,ACTIVE
MS001467,2026-08-26 06:02:10+00:00,S03,3,S02,S04,60.0,58.43,1,ACTIVE
MS001468,2026-08-26 06:02:15+00:00,S04,4,S03,S05,60.0,57.79,1,ACTIVE
MS001469,2026-08-26 06:02:20+00:00,S05,5,S04,S06,60.0,55.38,1,ACTIVE
MS001470,2026-08-26 06:02:25+00:00,S06,6,S05,S07,60.0,58.9,1,ACTIVE
MS001471,2026-08-26 06:02:30+00:00,S07,7,S06,S08,60.0,58.04,1,ACTIVE
MS001472,2026-08-26 06:02:35+00:00,S08,8,S07,S09,60.0,58.14,1,ACTIVE
MS001473,2026-08-26 06:02:40+00:00,S09,9,S08,S10,60.0,55.51,1,ACTIVE
MS001474,2026-08-26 06:02:45+00:00,S10,10,S09,S11,60.0,56.8,1,ACTIVE
MS001475,2026-08-26 06:02:50+00:00,S11,11,S10,S12,60.0,56.48,1,ACTIVE
MS001476,2026-08-26 06:02:55+00:00,S12,12,S11,,60.0,58.71,1,ACTIVE
MS001477,2026-08-26 06:03:00+00:00,S01,1,,S02,60.0,58.1,1,ACTIVE
MS001478,2026-08-26 06:03:05+00:00,S02,2,S01,S03,60.0,56.76,1,ACTIVE
MS001479,2026-08-26 06:03:10+00:00,S03,3,S02,S04,60.0,58.43,1,ACTIVE
MS001480,2026-08-26 06:03:15+00:00,S04,4,S03,S05,60.0,57.79,1,ACTIVE
MS001481,2026-08-26 06:03:20+00:00,S05,5,S04,S06,60.0,55.38,1,ACTIVE
MS001482,2026-08-26 06:03:25+00:00,S06,6,S05,S07,60.0,58.9,1,ACTIVE
MS001483,2026-08-26 06:03:30+00:00,S07,7,S06,S08,60.0,58.04,1,ACTIVE
MS001484,2026-08-26 06:03:35+00:00,S08,8,S07,S09,60.0,58.14,1,ACTIVE
MS001485,2026-08-26 06:03:40+00:00,S09,9,S08,S10,60.0,55.51,1,ACTIVE
MS001486,2026-08-26 06:03:45+00:00,S10,10,S09,S11,60.0,56.8,1,ACTIVE
MS001487,2026-08-26 06:03:50+00:00,S11,11,S10,S12,60.0,56.48,1,ACTIVE
MS001488,2026-08-26 06:03:55+00:00,S12,12,S11,,60.0,58.71,1,ACTIVE
MS001489,2026-08-26 06:04:00+00:00,S01,1,,S02,60.0,58.1,1,ACTIVE
MS001490,2026-08-26 06:04:05+00:00,S02,2,S01,S03,60.0,56.76,1,ACTIVE
MS001491,2026-08-26 06:04:10+00:00,S03,3,S02,S04,60.0,58.43,1,ACTIVE
MS001492,2026-08-26 06:04:15+00:00,S04,4,S03,S05,60.0,57.79,1,ACTIVE
MS001493,2026-08-26 06:04:20+00:00,S05,5,S04,S06,60.0,55.38,1,ACTIVE
MS001494,2026-08-26 06:04:25+00:00,S06,6,S05,S07,60.0,58.9,1,ACTIVE
MS001495,2026-08-26 06:04:30+00:00,S07,7,S06,S08,60.0,58.04,1,ACTIVE
MS001496,2026-08-26 06:04:35+00:00,S08,8,S07,S09,60.0,58.14,1,ACTIVE
MS001497,2026-08-26 06:04:40+00:00,S09,9,S08,S10,60.0,55.51,1,ACTIVE
MS001498,2026-08-26 06:04:45+00:00,S10,10,S09,S11,60.0,56.8,1,ACTIVE
MS001499,2026-08-26 06:04:50+00:00,S11,11,S10,S12,60.0,56.48,1,ACTIVE
MS001500,2026-08-26 06:04:55+00:00,S12,12,S11,,60.0,58.71,1,ACTIVE
MS001501,2026-08-26 06:05:00+00:00,S01,1,,S02,60.0,58.1,1,ACTIVE
MS001502,2026-08-26 06:05:05+00:00,S02,2,S01,S03,60.0,56.76,1,ACTIVE
MS001503,2026-08-26 06:05:10+00:00,S03,3,S02,S04,60.0,58.43,1,ACTIVE
MS001504,2026-08-26 06:05:15+00:00,S04,4,S03,S05,60.0,57.79,1,ACTIVE
MS001505,2026-08-26 06:05:20+00:00,S05,5,S04,S06,60.0,55.38,1,ACTIVE
MS001506,2026-08-26 06:05:25+00:00,S06,6,S05,S07,60.0,58.9,1,ACTIVE
MS001507,2026-08-26 06:05:30+00:00,S07,7,S06,S08,60.0,58.04,1,ACTIVE
MS001508,2026-08-26 06:05:35+00:00,S08,8,S07,S09,60.0,58.14,1,ACTIVE
MS001509,2026-08-26 06:05:40+00:00,S09,9,S08,S10,60.0,55.51,1,ACTIVE
MS001510,2026-08-26 06:05:45+00:00,S10,10,S09,S11,60.0,56.8,1,ACTIVE
MS001511,2026-08-26 06:05:50+00:00,S11,11,S10,S12,60.0,56.48,1,ACTIVE
MS001512,2026-08-26 06:05:55+00:00,S12,12,S11,,60.0,58.71,1,ACTIVE
MS001513,2026-08-26 06:06:00+00:00,S01,1,,S02,60.0,58.1,1,ACTIVE
MS001514,2026-08-26 06:06:05+00:00,S02,2,S01,S03,60.0,56.76,1,ACTIVE
MS001515,2026-08-26 06:06:10+00:00,S03,3,S02,S04,60.0,58.43,1,ACTIVE
MS001516,2026-08-26 06:06:15+00:00,S04,4,S03,S05,60.0,57.79,1,ACTIVE
MS001517,2026-08-26 06:06:20+00:00,S05,5,S04,S06,60.0,55.38,1,ACTIVE
MS001518,2026-08-26 06:06:25+00:00,S06,6,S05,S07,60.0,58.9,1,ACTIVE
MS001519,2026-08-26 06:06:30+00:00,S07,7,S06,S08,60.0,58.04,1,ACTIVE
MS001520,2026-08-26 06:06:35+00:00,S08,8,S07,S09,60.0,58.14,1,ACTIVE
MS001521,2026-08-26 06:06:40+00:00,S09,9,S08,S10,60.0,55.51,1,ACTIVE
MS001522,2026-08-26 06:06:45+00:00,S10,10,S09,S11,60.0,56.8,1,ACTIVE
MS001523,2026-08-26 06:06:50+00:00,S11,11,S10,S12,60.0,56.48,1,ACTIVE
MS001524,2026-08-26 06:06:55+00:00,S12,12,S11,,60.0,58.71,1,ACTIVE
MS001525,2026-08-26 06:07:00+00:00,S01,1,,S02,60.0,58.1,1,ACTIVE
MS001526,2026-08-26 06:07:05+00:00,S02,2,S01,S03,60.0,56.76,1,ACTIVE
MS001527,2026-08-26 06:07:10+00:00,S03,3,S02,S04,60.0,58.43,1,ACTIVE
MS001528,2026-08-26 06:07:15+00:00,S04,4,S03,S05,60.0,57.79,1,ACTIVE
MS001529,2026-08-26 06:07:20+00:00,S05,5,S04,S06,60.0,55.38,1,ACTIVE
MS001530,2026-08-26 06:07:25+00:00,S06,6,S05,S07,60.0,58.9,1,ACTIVE
MS001531,2026-08-26 06:07:30+00:00,S07,7,S06,S08,60.0,58.04,1,ACTIVE
MS001532,2026-08-26 06:07:35+00:00,S08,8,S07,S09,60.0,58.14,1,ACTIVE
MS001533,2026-08-26 06:07:40+00:00,S09,9,S08,S10,60.0,55.51,1,ACTIVE
MS001534,2026-08-26 06:07:45+00:00,S10,10,S09,S11,60.0,56.8,1,ACTIVE
MS001535,2026-08-26 06:07:50+00:00,S11,11,S10,S12,60.0,56.48,1,ACTIVE
MS001536,2026-08-26 06:07:55+00:00,S12,12,S11,,60.0,58.71,1,ACTIVE
MS001537,2026-08-26 06:08:00+00:00,S01,1,,S02,60.0,58.1,1,ACTIVE
MS001538,2026-08-26 06:08:05+00:00,S02,2,S01,S03,60.0,56.76,1,ACTIVE
MS001539,2026-08-26 06:08:10+00:00,S03,3,S02,S04,60.0,58.43,1,ACTIVE
MS001540,2026-08-26 06:08:15+00:00,S04,4,S03,S05,60.0,57.79,1,ACTIVE
MS001541,2026-08-26 06:08:20+00:00,S05,5,S04,S06,60.0,55.38,1,ACTIVE
MS001542,2026-08-26 06:08:25+00:00,S06,6,S05,S07,60.0,58.9,1,ACTIVE
MS001543,2026-08-26 06:08:30+00:00,S07,7,S06,S08,60.0,58.04,1,ACTIVE
MS001544,2026-08-26 06:08:35+00:00,S08,8,S07,S09,60.0,58.14,1,ACTIVE
MS001545,2026-08-26 06:08:40+00:00,S09,9,S08,S10,60.0,55.51,1,ACTIVE
MS001546,2026-08-26 06:08:45+00:00,S10,10,S09,S11,60.0,56.8,1,ACTIVE
MS001547,2026-08-26 06:08:50+00:00,S11,11,S10,S12,60.0,56.48,1,ACTIVE
MS001548,2026-08-26 06:08:55+00:00,S12,12,S11,,60.0,58.71,1,ACTIVE
MS001549,2026-08-26 06:09:00+00:00,S01,1,,S02,60.0,58.1,1,ACTIVE
MS001550,2026-08-26 06:09:05+00:00,S02,2,S01,S03,60.0,56.76,1,ACTIVE
MS001551,2026-08-26 06:09:10+00:00,S03,3,S02,S04,60.0,58.43,1,ACTIVE
MS001552,2026-08-26 06:09:15+00:00,S04,4,S03,S05,60.0,57.79,1,ACTIVE
MS001553,2026-08-26 06:09:20+00:00,S05,5,S04,S06,60.0,55.38,1,ACTIVE
MS001554,2026-08-26 06:09:25+00:00,S06,6,S05,S07,60.0,58.9,1,ACTIVE
MS001555,2026-08-26 06:09:30+00:00,S07,7,S06,S08,60.0,58.04,1,ACTIVE
MS001556,2026-08-26 06:09:35+00:00,S08,8,S07,S09,60.0,58.14,1,ACTIVE
MS001557,2026-08-26 06:09:40+00:00,S09,9,S08,S10,60.0,55.51,1,ACTIVE
MS001558,2026-08-26 06:09:45+00:00,S10,10,S09,S11,60.0,56.8,1,ACTIVE
MS001559,2026-08-26 06:09:50+00:00,S11,11,S10,S12,60.0,56.48,1,ACTIVE
MS001560,2026-08-26 06:09:55+00:00,S12,12,S11,,60.0,58.71,1,ACTIVE
MS001561,2026-08-26 06:10:00+00:00,S01,1,,S02,60.0,58.1,1,ACTIVE
MS001562,2026-08-26 06:10:05+00:00,S02,2,S01,S03,60.0,56.76,1,ACTIVE
MS001563,2026-08-26 06:10:10+00:00,S03,3,S02,S04,60.0,58.43,1,ACTIVE
MS001564,2026-08-26 06:10:15+00:00,S04,4,S03,S05,60.0,57.79,1,ACTIVE
MS001565,2026-08-26 06:10:20+00:00,S05,5,S04,S06,60.0,55.38,1,ACTIVE
MS001566,2026-08-26 06:10:25+00:00,S06,6,S05,S07,60.0,58.9,1,ACTIVE
MS001567,2026-08-26 06:10:30+00:00,S07,7,S06,S08,60.0,58.04,1,ACTIVE
MS001568,2026-08-26 06:10:35+00:00,S08,8,S07,S09,60.0,58.14,1,ACTIVE
MS001569,2026-08-26 06:10:40+00:00,S09,9,S08,S10,60.0,55.51,1,ACTIVE
MS001570,2026-08-26 06:10:45+00:00,S10,10,S09,S11,60.0,56.8,1,ACTIVE
MS001571,2026-08-26 06:10:50+00:00,S11,11,S10,S12,60.0,56.48,1,ACTIVE
MS001572,2026-08-26 06:10:55+00:00,S12,12,S11,,60.0,58.71,1,ACTIVE
MS001573,2026-08-26 06:11:00+00:00,S01,1,,S02,60.0,58.1,1,ACTIVE
MS001574,2026-08-26 06:11:05+00:00,S02,2,S01,S03,60.0,56.76,1,ACTIVE
MS001575,2026-08-26 06:11:10+00:00,S03,3,S02,S04,60.0,58.43,1,ACTIVE
MS001576,2026-08-26 06:11:15+00:00,S04,4,S03,S05,60.0,57.79,1,ACTIVE
MS001577,2026-08-26 06:11:20+00:00,S05,5,S04,S06,60.0,55.38,1,ACTIVE
MS001578,2026-08-26 06:11:25+00:00,S06,6,S05,S07,60.0,58.9,1,ACTIVE
MS001579,2026-08-26 06:11:30+00:00,S07,7,S06,S08,60.0,58.04,1,ACTIVE
MS001580,2026-08-26 06:11:35+00:00,S08,8,S07,S09,60.0,58.14,1,ACTIVE
MS001581,2026-08-26 06:11:40+00:00,S09,9,S08,S10,60.0,55.51,1,ACTIVE
MS001582,2026-08-26 06:11:45+00:00,S10,10,S09,S11,60.0,56.8,1,ACTIVE
MS001583,2026-08-26 06:11:50+00:00,S11,11,S10,S12,60.0,56.48,1,ACTIVE
MS001584,2026-08-26 06:11:55+00:00,S12,12,S11,,60.0,58.71,1,ACTIVE
MS001585,2026-08-26 06:12:00+00:00,S01,1,,S02,60.0,58.1,1,ACTIVE
MS001586,2026-08-26 06:12:05+00:00,S02,2,S01,S03,60.0,56.76,1,ACTIVE
MS001587,2026-08-26 06:12:10+00:00,S03,3,S02,S04,60.0,58.43,1,ACTIVE
MS001588,2026-08-26 06:12:15+00:00,S04,4,S03,S05,60.0,57.79,1,ACTIVE
MS001589,2026-08-26 06:12:20+00:00,S05,5,S04,S06,60.0,55.38,1,ACTIVE
MS001590,2026-08-26 06:12:25+00:00,S06,6,S05,S07,60.0,58.9,1,ACTIVE
MS001591,2026-08-26 06:12:30+00:00,S07,7,S06,S08,60.0,58.04,1,ACTIVE
MS001592,2026-08-26 06:12:35+00:00,S08,8,S07,S09,60.0,58.14,1,ACTIVE
MS001593,2026-08-26 06:12:40+00:00,S09,9,S08,S10,60.0,55.51,1,ACTIVE
MS001594,2026-08-26 06:12:45+00:00,S10,10,S09,S11,60.0,56.8,1,ACTIVE
MS001595,2026-08-26 06:12:50+00:00,S11,11,S10,S12,60.0,56.48,1,ACTIVE
MS001596,2026-08-26 06:12:55+00:00,S12,12,S11,,60.0,58.71,1,ACTIVE
MS001597,2026-08-26 06:13:00+00:00,S01,1,,S02,60.0,58.1,1,ACTIVE
MS001598,2026-08-26 06:13:05+00:00,S02,2,S01,S03,60.0,56.76,1,ACTIVE
MS001599,2026-08-26 06:13:10+00:00,S03,3,S02,S04,60.0,58.43,1,ACTIVE
MS001600,2026-08-26 06:13:15+00:00,S04,4,S03,S05,60.0,57.79,1,ACTIVE
MS001601,2026-08-26 06:13:20+00:00,S05,5,S04,S06,60.0,55.38,1,ACTIVE
MS001602,2026-08-26 06:13:25+00:00,S06,6,S05,S07,60.0,58.9,1,ACTIVE
MS001603,2026-08-26 06:13:30+00:00,S07,7,S06,S08,60.0,58.04,1,ACTIVE
MS001604,2026-08-26 06:13:35+00:00,S08,8,S07,S09,60.0,58.14,1,ACTIVE
MS001605,2026-08-26 06:13:40+00:00,S09,9,S08,S10,60.0,55.51,1,ACTIVE
MS001606,2026-08-26 06:13:45+00:00,S10,10,S09,S11,60.0,56.8,1,ACTIVE
MS001607,2026-08-26 06:13:50+00:00,S11,11,S10,S12,60.0,56.48,1,ACTIVE
MS001608,2026-08-26 06:13:55+00:00,S12,12,S11,,60.0,58.71,1,ACTIVE
MS001609,2026-08-26 06:14:00+00:00,S01,1,,S02,60.0,58.1,1,ACTIVE
MS001610,2026-08-26 06:14:05+00:00,S02,2,S01,S03,60.0,56.76,1,ACTIVE
MS001611,2026-08-26 06:14:10+00:00,S03,3,S02,S04,60.0,58.43,1,ACTIVE
MS001612,2026-08-26 06:14:15+00:00,S04,4,S03,S05,60.0,57.79,1,ACTIVE
MS001613,2026-08-26 06:14:20+00:00,S05,5,S04,S06,60.0,55.38,1,ACTIVE
MS001614,2026-08-26 06:14:25+00:00,S06,6,S05,S07,60.0,58.9,1,ACTIVE
MS001615,2026-08-26 06:14:30+00:00,S07,7,S06,S08,60.0,58.04,1,ACTIVE
MS001616,2026-08-26 06:14:35+00:00,S08,8,S07,S09,60.0,58.14,1,ACTIVE
MS001617,2026-08-26 06:14:40+00:00,S09,9,S08,S10,60.0,55.51,1,ACTIVE
MS001618,2026-08-26 06:14:45+00:00,S10,10,S09,S11,60.0,56.8,1,ACTIVE
MS001619,2026-08-26 06:14:50+00:00,S11,11,S10,S12,60.0,56.48,1,ACTIVE
MS001620,2026-08-26 06:14:55+00:00,S12,12,S11,,60.0,58.71,1,ACTIVE
MS001621,2026-08-26 06:15:00+00:00,S01,1,,S02,60.0,58.1,1,ACTIVE
MS001622,2026-08-26 06:15:05+00:00,S02,2,S01,S03,60.0,56.76,1,ACTIVE
MS001623,2026-08-26 06:15:10+00:00,S03,3,S02,S04,60.0,58.43,1,ACTIVE
MS001624,2026-08-26 06:15:15+00:00,S04,4,S03,S05,60.0,57.79,1,ACTIVE
MS001625,2026-08-26 06:15:20+00:00,S05,5,S04,S06,60.0,55.38,1,ACTIVE
MS001626,2026-08-26 06:15:25+00:00,S06,6,S05,S07,60.0,58.9,1,ACTIVE
MS001627,2026-08-26 06:15:30+00:00,S07,7,S06,S08,60.0,58.04,1,ACTIVE
MS001628,2026-08-26 06:15:35+00:00,S08,8,S07,S09,60.0,58.14,1,ACTIVE
MS001629,2026-08-26 06:15:40+00:00,S09,9,S08,S10,60.0,55.51,1,ACTIVE
MS001630,2026-08-26 06:15:45+00:00,S10,10,S09,S11,60.0,56.8,1,ACTIVE
MS001631,2026-08-26 06:15:50+00:00,S11,11,S10,S12,60.0,56.48,1,ACTIVE
MS001632,2026-08-26 06:15:55+00:00,S12,12,S11,,60.0,58.71,1,ACTIVE
MS001633,2026-08-26 06:16:00+00:00,S01,1,,S02,60.0,58.1,1,ACTIVE
MS001634,2026-08-26 06:16:05+00:00,S02,2,S01,S03,60.0,56.76,1,ACTIVE
MS001635,2026-08-26 06:16:10+00:00,S03,3,S02,S04,60.0,58.43,1,ACTIVE
MS001636,2026-08-26 06:16:15+00:00,S04,4,S03,S05,60.0,57.79,1,ACTIVE
MS001637,2026-08-26 06:16:20+00:00,S05,5,S04,S06,60.0,55.38,1,ACTIVE
MS001638,2026-08-26 06:16:25+00:00,S06,6,S05,S07,60.0,58.9,1,ACTIVE
MS001639,2026-08-26 06:16:30+00:00,S07,7,S06,S08,60.0,58.04,1,ACTIVE
MS001640,2026-08-26 06:16:35+00:00,S08,8,S07,S09,60.0,58.14,1,ACTIVE
MS001641,2026-08-26 06:16:40+00:00,S09,9,S08,S10,60.0,55.51,1,ACTIVE
MS001642,2026-08-26 06:16:45+00:00,S10,10,S09,S11,60.0,56.8,1,ACTIVE
MS001643,2026-08-26 06:16:50+00:00,S11,11,S10,S12,60.0,56.48,1,ACTIVE
MS001644,2026-08-26 06:16:55+00:00,S12,12,S11,,60.0,58.71,1,ACTIVE
MS001645,2026-08-26 06:17:00+00:00,S01,1,,S02,60.0,58.1,1,ACTIVE
MS001646,2026-08-26 06:17:05+00:00,S02,2,S01,S03,60.0,56.76,1,ACTIVE
MS001647,2026-08-26 06:17:10+00:00,S03,3,S02,S04,60.0,58.43,1,ACTIVE
MS001648,2026-08-26 06:17:15+00:00,S04,4,S03,S05,60.0,57.79,1,ACTIVE
MS001649,2026-08-26 06:17:20+00:00,S05,5,S04,S06,60.0,55.38,1,ACTIVE
MS001650,2026-08-26 06:17:25+00:00,S06,6,S05,S07,60.0,58.9,1,ACTIVE
MS001651,2026-08-26 06:17:30+00:00,S07,7,S06,S08,60.0,58.04,1,ACTIVE
MS001652,2026-08-26 06:17:35+00:00,S08,8,S07,S09,60.0,58.14,1,ACTIVE
MS001653,2026-08-26 06:17:40+00:00,S09,9,S08,S10,60.0,55.51,1,ACTIVE
MS001654,2026-08-26 06:17:45+00:00,S10,10,S09,S11,60.0,56.8,1,ACTIVE
MS001655,2026-08-26 06:17:50+00:00,S11,11,S10,S12,60.0,56.48,1,ACTIVE
MS001656,2026-08-26 06:17:55+00:00,S12,12,S11,,60.0,58.71,1,ACTIVE
MS001657,2026-08-26 06:18:00+00:00,S01,1,,S02,60.0,58.1,1,ACTIVE
MS001658,2026-08-26 06:18:05+00:00,S02,2,S01,S03,60.0,56.76,1,ACTIVE
MS001659,2026-08-26 06:18:10+00:00,S03,3,S02,S04,60.0,58.43,1,ACTIVE
MS001660,2026-08-26 06:18:15+00:00,S04,4,S03,S05,60.0,57.79,1,ACTIVE
MS001661,2026-08-26 06:18:20+00:00,S05,5,S04,S06,60.0,55.38,1,ACTIVE
MS001662,2026-08-26 06:18:25+00:00,S06,6,S05,S07,60.0,58.9,1,ACTIVE
MS001663,2026-08-26 06:18:30+00:00,S07,7,S06,S08,60.0,58.04,1,ACTIVE
MS001664,2026-08-26 06:18:35+00:00,S08,8,S07,S09,60.0,58.14,1,ACTIVE
MS001665,2026-08-26 06:18:40+00:00,S09,9,S08,S10,60.0,55.51,1,ACTIVE
MS001666,2026-08-26 06:18:45+00:00,S10,10,S09,S11,60.0,56.8,1,ACTIVE
MS001667,2026-08-26 06:18:50+00:00,S11,11,S10,S12,60.0,56.48,1,ACTIVE
MS001668,2026-08-26 06:18:55+00:00,S12,12,S11,,60.0,58.71,1,ACTIVE
MS001669,2026-08-26 06:19:00+00:00,S01,1,,S02,60.0,58.1,1,ACTIVE
MS001670,2026-08-26 06:19:05+00:00,S02,2,S01,S03,60.0,56.76,1,ACTIVE
MS001671,2026-08-26 06:19:10+00:00,S03,3,S02,S04,60.0,58.43,1,ACTIVE
MS001672,2026-08-26 06:19:15+00:00,S04,4,S03,S05,60.0,57.79,1,ACTIVE
MS001673,2026-08-26 06:19:20+00:00,S05,5,S04,S06,60.0,55.38,1,ACTIVE
MS001674,2026-08-26 06:19:25+00:00,S06,6,S05,S07,60.0,58.9,1,ACTIVE
MS001675,2026-08-26 06:19:30+00:00,S07,7,S06,S08,60.0,58.04,1,ACTIVE
MS001676,2026-08-26 06:19:35+00:00,S08,8,S07,S09,60.0,58.14,1,ACTIVE
MS001677,2026-08-26 06:19:40+00:00,S09,9,S08,S10,60.0,55.51,1,ACTIVE
MS001678,2026-08-26 06:19:45+00:00,S10,10,S09,S11,60.0,56.8,1,ACTIVE
MS001679,2026-08-26 06:19:50+00:00,S11,11,S10,S12,60.0,56.48,1,ACTIVE
MS001680,2026-08-26 06:19:55+00:00,S12,12,S11,,60.0,58.71,1,ACTIVE
MS001681,2026-08-26 06:20:00+00:00,S01,1,,S02,60.0,58.1,1,ACTIVE
MS001682,2026-08-26 06:20:05+00:00,S02,2,S01,S03,60.0,56.76,1,ACTIVE
MS001683,2026-08-26 06:20:10+00:00,S03,3,S02,S04,60.0,58.43,1,ACTIVE
MS001684,2026-08-26 06:20:15+00:00,S04,4,S03,S05,60.0,57.79,1,ACTIVE
MS001685,2026-08-26 06:20:20+00:00,S05,5,S04,S06,60.0,55.38,1,ACTIVE
MS001686,2026-08-26 06:20:25+00:00,S06,6,S05,S07,60.0,58.9,1,ACTIVE
MS001687,2026-08-26 06:20:30+00:00,S07,7,S06,S08,60.0,58.04,1,ACTIVE
MS001688,2026-08-26 06:20:35+00:00,S08,8,S07,S09,60.0,58.14,1,ACTIVE
MS001689,2026-08-26 06:20:40+00:00,S09,9,S08,S10,60.0,55.51,1,ACTIVE
MS001690,2026-08-26 06:20:45+00:00,S10,10,S09,S11,60.0,56.8,1,ACTIVE
MS001691,2026-08-26 06:20:50+00:00,S11,11,S10,S12,60.0,56.48,1,ACTIVE
MS001692,2026-08-26 06:20:55+00:00,S12,12,S11,,60.0,58.71,1,ACTIVE
MS001693,2026-08-26 06:21:00+00:00,S01,1,,S02,60.0,58.1,1,ACTIVE
MS001694,2026-08-26 06:21:05+00:00,S02,2,S01,S03,60.0,56.76,1,ACTIVE
MS001695,2026-08-26 06:21:10+00:00,S03,3,S02,S04,60.0,58.43,1,ACTIVE
MS001696,2026-08-26 06:21:15+00:00,S04,4,S03,S05,60.0,57.79,1,ACTIVE
MS001697,2026-08-26 06:21:20+00:00,S05,5,S04,S06,60.0,55.38,1,ACTIVE
MS001698,2026-08-26 06:21:25+00:00,S06,6,S05,S07,60.0,58.9,1,ACTIVE
MS001699,2026-08-26 06:21:30+00:00,S07,7,S06,S08,60.0,58.04,1,ACTIVE
MS001700,2026-08-26 06:21:35+00:00,S08,8,S07,S09,60.0,58.14,1,ACTIVE
MS001701,2026-08-26 06:21:40+00:00,S09,9,S08,S10,60.0,55.51,1,ACTIVE
MS001702,2026-08-26 06:21:45+00:00,S10,10,S09,S11,60.0,56.8,1,ACTIVE
MS001703,2026-08-26 06:21:50+00:00,S11,11,S10,S12,60.0,56.48,1,ACTIVE
MS001704,2026-08-26 06:21:55+00:00,S12,12,S11,,60.0,58.71,1,ACTIVE
MS001705,2026-08-26 06:22:00+00:00,S01,1,,S02,60.0,58.1,1,ACTIVE
MS001706,2026-08-26 06:22:05+00:00,S02,2,S01,S03,60.0,56.76,1,ACTIVE
MS001707,2026-08-26 06:22:10+00:00,S03,3,S02,S04,60.0,58.43,1,ACTIVE
MS001708,2026-08-26 06:22:15+00:00,S04,4,S03,S05,60.0,57.79,1,ACTIVE
MS001709,2026-08-26 06:22:20+00:00,S05,5,S04,S06,60.0,55.38,1,ACTIVE
MS001710,2026-08-26 06:22:25+00:00,S06,6,S05,S07,60.0,58.9,1,ACTIVE
MS001711,2026-08-26 06:22:30+00:00,S07,7,S06,S08,60.0,58.04,1,ACTIVE
MS001712,2026-08-26 06:22:35+00:00,S08,8,S07,S09,60.0,58.14,1,ACTIVE
MS001713,2026-08-26 06:22:40+00:00,S09,9,S08,S10,60.0,55.51,1,ACTIVE
MS001714,2026-08-26 06:22:45+00:00,S10,10,S09,S11,60.0,56.8,1,ACTIVE
MS001715,2026-08-26 06:22:50+00:00,S11,11,S10,S12,60.0,56.48,1,ACTIVE
MS001716,2026-08-26 06:22:55+00:00,S12,12,S11,,60.0,58.71,1,ACTIVE
MS001717,2026-08-26 06:23:00+00:00,S01,1,,S02,60.0,58.1,1,ACTIVE
MS001718,2026-08-26 06:23:05+00:00,S02,2,S01,S03,60.0,56.76,1,ACTIVE
MS001719,2026-08-26 06:23:10+00:00,S03,3,S02,S04,60.0,58.43,1,ACTIVE
MS001720,2026-08-26 06:23:15+00:00,S04,4,S03,S05,60.0,57.79,1,ACTIVE
MS001721,2026-08-26 06:23:20+00:00,S05,5,S04,S06,60.0,55.38,1,ACTIVE
MS001722,2026-08-26 06:23:25+00:00,S06,6,S05,S07,60.0,58.9,1,ACTIVE
MS001723,2026-08-26 06:23:30+00:00,S07,7,S06,S08,60.0,58.04,1,ACTIVE
MS001724,2026-08-26 06:23:35+00:00,S08,8,S07,S09,60.0,58.14,1,ACTIVE
MS001725,2026-08-26 06:23:40+00:00,S09,9,S08,S10,60.0,55.51,1,ACTIVE
MS001726,2026-08-26 06:23:45+00:00,S10,10,S09,S11,60.0,56.8,1,ACTIVE
MS001727,2026-08-26 06:23:50+00:00,S11,11,S10,S12,60.0,56.48,1,ACTIVE
MS001728,2026-08-26 06:23:55+00:00,S12,12,S11,,60.0,58.71,1,ACTIVE
MS001729,2026-08-26 06:24:00+00:00,S01,1,,S02,60.0,58.1,1,ACTIVE
MS001730,2026-08-26 06:24:05+00:00,S02,2,S01,S03,60.0,56.76,1,ACTIVE
MS001731,2026-08-26 06:24:10+00:00,S03,3,S02,S04,60.0,58.43,1,ACTIVE
MS001732,2026-08-26 06:24:15+00:00,S04,4,S03,S05,60.0,57.79,1,ACTIVE
MS001733,2026-08-26 06:24:20+00:00,S05,5,S04,S06,60.0,55.38,1,ACTIVE
MS001734,2026-08-26 06:24:25+00:00,S06,6,S05,S07,60.0,58.9,1,ACTIVE
MS001735,2026-08-26 06:24:30+00:00,S07,7,S06,S08,60.0,58.04,1,ACTIVE
MS001736,2026-08-26 06:24:35+00:00,S08,8,S07,S09,60.0,58.14,1,ACTIVE
MS001737,2026-08-26 06:24:40+00:00,S09,9,S08,S10,60.0,55.51,1,ACTIVE
MS001738,2026-08-26 06:24:45+00:00,S10,10,S09,S11,60.0,56.8,1,ACTIVE
MS001739,2026-08-26 06:24:50+00:00,S11,11,S10,S12,60.0,56.48,1,ACTIVE
MS001740,2026-08-26 06:24:55+00:00,S12,12,S11,,60.0,58.71,1,ACTIVE
MS001741,2026-08-26 06:25:00+00:00,S01,1,,S02,60.0,58.1,1,ACTIVE
MS001742,2026-08-26 06:25:05+00:00,S02,2,S01,S03,60.0,56.76,1,ACTIVE
MS001743,2026-08-26 06:25:10+00:00,S03,3,S02,S04,60.0,58.43,1,ACTIVE
MS001744,2026-08-26 06:25:15+00:00,S04,4,S03,S05,60.0,57.79,1,ACTIVE
MS001745,2026-08-26 06:25:20+00:00,S05,5,S04,S06,60.0,55.38,1,ACTIVE
MS001746,2026-08-26 06:25:25+00:00,S06,6,S05,S07,60.0,58.9,1,ACTIVE
MS001747,2026-08-26 06:25:30+00:00,S07,7,S06,S08,60.0,58.04,1,ACTIVE
MS001748,2026-08-26 06:25:35+00:00,S08,8,S07,S09,60.0,58.14,1,ACTIVE
MS001749,2026-08-26 06:25:40+00:00,S09,9,S08,S10,60.0,55.51,1,ACTIVE
MS001750,2026-08-26 06:25:45+00:00,S10,10,S09,S11,60.0,56.8,1,ACTIVE
MS001751,2026-08-26 06:25:50+00:00,S11,11,S10,S12,60.0,56.48,1,ACTIVE
MS001752,2026-08-26 06:25:55+00:00,S12,12,S11,,60.0,58.71,1,ACTIVE
MS001753,2026-08-26 06:26:00+00:00,S01,1,,S02,60.0,58.1,1,ACTIVE
MS001754,2026-08-26 06:26:05+00:00,S02,2,S01,S03,60.0,56.76,1,ACTIVE
MS001755,2026-08-26 06:26:10+00:00,S03,3,S02,S04,60.0,58.43,1,ACTIVE
MS001756,2026-08-26 06:26:15+00:00,S04,4,S03,S05,60.0,57.79,1,ACTIVE
MS001757,2026-08-26 06:26:20+00:00,S05,5,S04,S06,60.0,55.38,1,ACTIVE
MS001758,2026-08-26 06:26:25+00:00,S06,6,S05,S07,60.0,58.9,1,ACTIVE
MS001759,2026-08-26 06:26:30+00:00,S07,7,S06,S08,60.0,58.04,1,ACTIVE
MS001760,2026-08-26 06:26:35+00:00,S08,8,S07,S09,60.0,58.14,1,ACTIVE
MS001761,2026-08-26 06:26:40+00:00,S09,9,S08,S10,60.0,55.51,1,ACTIVE
MS001762,2026-08-26 06:26:45+00:00,S10,10,S09,S11,60.0,56.8,1,ACTIVE
MS001763,2026-08-26 06:26:50+00:00,S11,11,S10,S12,60.0,56.48,1,ACTIVE
MS001764,2026-08-26 06:26:55+00:00,S12,12,S11,,60.0,58.71,1,ACTIVE
MS001765,2026-08-26 06:27:00+00:00,S01,1,,S02,60.0,58.1,1,ACTIVE
MS001766,2026-08-26 06:27:05+00:00,S02,2,S01,S03,60.0,56.76,1,ACTIVE
MS001767,2026-08-26 06:27:10+00:00,S03,3,S02,S04,60.0,58.43,1,ACTIVE
MS001768,2026-08-26 06:27:15+00:00,S04,4,S03,S05,60.0,57.79,1,ACTIVE
MS001769,2026-08-26 06:27:20+00:00,S05,5,S04,S06,60.0,55.38,1,ACTIVE
MS001770,2026-08-26 06:27:25+00:00,S06,6,S05,S07,60.0,58.9,1,ACTIVE
MS001771,2026-08-26 06:27:30+00:00,S07,7,S06,S08,60.0,58.04,1,ACTIVE
MS001772,2026-08-26 06:27:35+00:00,S08,8,S07,S09,60.0,58.14,1,ACTIVE
MS001773,2026-08-26 06:27:40+00:00,S09,9,S08,S10,60.0,55.51,1,ACTIVE
MS001774,2026-08-26 06:27:45+00:00,S10,10,S09,S11,60.0,56.8,1,ACTIVE
MS001775,2026-08-26 06:27:50+00:00,S11,11,S10,S12,60.0,56.48,1,ACTIVE
MS001776,2026-08-26 06:27:55+00:00,S12,12,S11,,60.0,58.71,1,ACTIVE
MS001777,2026-08-26 06:28:00+00:00,S01,1,,S02,60.0,58.1,1,ACTIVE
MS001778,2026-08-26 06:28:05+00:00,S02,2,S01,S03,60.0,56.76,1,ACTIVE
MS001779,2026-08-26 06:28:10+00:00,S03,3,S02,S04,60.0,58.43,1,ACTIVE
MS001780,2026-08-26 06:28:15+00:00,S04,4,S03,S05,60.0,57.79,1,ACTIVE
MS001781,2026-08-26 06:28:20+00:00,S05,5,S04,S06,60.0,55.38,1,ACTIVE
MS001782,2026-08-26 06:28:25+00:00,S06,6,S05,S07,60.0,58.9,1,ACTIVE
MS001783,2026-08-26 06:28:30+00:00,S07,7,S06,S08,60.0,58.04,1,ACTIVE
MS001784,2026-08-26 06:28:35+00:00,S08,8,S07,S09,60.0,58.14,1,ACTIVE
MS001785,2026-08-26 06:28:40+00:00,S09,9,S08,S10,60.0,55.51,1,ACTIVE
MS001786,2026-08-26 06:28:45+00:00,S10,10,S09,S11,60.0,56.8,1,ACTIVE
MS001787,2026-08-26 06:28:50+00:00,S11,11,S10,S12,60.0,56.48,1,ACTIVE
MS001788,2026-08-26 06:28:55+00:00,S12,12,S11,,60.0,58.71,1,ACTIVE
MS001789,2026-08-26 06:29:00+00:00,S01,1,,S02,60.0,58.1,1,ACTIVE
MS001790,2026-08-26 06:29:05+00:00,S02,2,S01,S03,60.0,56.76,1,ACTIVE
MS001791,2026-08-26 06:29:10+00:00,S03,3,S02,S04,60.0,58.43,1,ACTIVE
MS001792,2026-08-26 06:29:15+00:00,S04,4,S03,S05,60.0,57.79,1,ACTIVE
MS001793,2026-08-26 06:29:20+00:00,S05,5,S04,S06,60.0,55.38,1,ACTIVE
MS001794,2026-08-26 06:29:25+00:00,S06,6,S05,S07,60.0,58.9,1,ACTIVE
MS001795,2026-08-26 06:29:30+00:00,S07,7,S06,S08,60.0,58.04,1,ACTIVE
MS001796,2026-08-26 06:29:35+00:00,S08,8,S07,S09,60.0,58.14,1,ACTIVE
MS001797,2026-08-26 06:29:40+00:00,S09,9,S08,S10,60.0,55.51,1,ACTIVE
MS001798,2026-08-26 06:29:45+00:00,S10,10,S09,S11,60.0,56.8,1,ACTIVE
MS001799,2026-08-26 06:29:50+00:00,S11,11,S10,S12,60.0,56.48,1,ACTIVE
MS001800,2026-08-26 06:29:55+00:00,S12,12,S11,,60.0,58.71,1,ACTIVE
MS001801,2026-08-26 06:30:00+00:00,S01,1,,S02,60.0,58.1,1,ACTIVE
MS001802,2026-08-26 06:30:05+00:00,S02,2,S01,S03,60.0,56.76,1,ACTIVE
MS001803,2026-08-26 06:30:10+00:00,S03,3,S02,S04,60.0,58.43,1,ACTIVE
MS001804,2026-08-26 06:30:15+00:00,S04,4,S03,S05,60.0,57.79,1,ACTIVE
MS001805,2026-08-26 06:30:20+00:00,S05,5,S04,S06,60.0,55.38,1,ACTIVE
MS001806,2026-08-26 06:30:25+00:00,S06,6,S05,S07,60.0,58.9,1,ACTIVE
MS001807,2026-08-26 06:30:30+00:00,S07,7,S06,S08,60.0,58.04,1,ACTIVE
MS001808,2026-08-26 06:30:35+00:00,S08,8,S07,S09,60.0,58.14,1,ACTIVE
MS001809,2026-08-26 06:30:40+00:00,S09,9,S08,S10,60.0,55.51,1,ACTIVE
MS001810,2026-08-26 06:30:45+00:00,S10,10,S09,S11,60.0,56.8,1,ACTIVE
MS001811,2026-08-26 06:30:50+00:00,S11,11,S10,S12,60.0,56.48,1,ACTIVE
MS001812,2026-08-26 06:30:55+00:00,S12,12,S11,,60.0,58.71,1,ACTIVE
MS001813,2026-08-26 06:31:00+00:00,S01,1,,S02,60.0,58.1,1,ACTIVE
MS001814,2026-08-26 06:31:05+00:00,S02,2,S01,S03,60.0,56.76,1,ACTIVE
MS001815,2026-08-26 06:31:10+00:00,S03,3,S02,S04,60.0,58.43,1,ACTIVE
MS001816,2026-08-26 06:31:15+00:00,S04,4,S03,S05,60.0,57.79,1,ACTIVE
MS001817,2026-08-26 06:31:20+00:00,S05,5,S04,S06,60.0,55.38,1,ACTIVE
MS001818,2026-08-26 06:31:25+00:00,S06,6,S05,S07,60.0,58.9,1,ACTIVE
MS001819,2026-08-26 06:31:30+00:00,S07,7,S06,S08,60.0,58.04,1,ACTIVE
MS001820,2026-08-26 06:31:35+00:00,S08,8,S07,S09,60.0,58.14,1,ACTIVE
MS001821,2026-08-26 06:31:40+00:00,S09,9,S08,S10,60.0,55.51,1,ACTIVE
MS001822,2026-08-26 06:31:45+00:00,S10,10,S09,S11,60.0,56.8,1,ACTIVE
MS001823,2026-08-26 06:31:50+00:00,S11,11,S10,S12,60.0,56.48,1,ACTIVE
MS001824,2026-08-26 06:31:55+00:00,S12,12,S11,,60.0,58.71,1,ACTIVE
MS001825,2026-08-26 06:32:00+00:00,S01,1,,S02,60.0,58.1,1,ACTIVE
MS001826,2026-08-26 06:32:05+00:00,S02,2,S01,S03,60.0,56.76,1,ACTIVE
MS001827,2026-08-26 06:32:10+00:00,S03,3,S02,S04,60.0,58.43,1,ACTIVE
MS001828,2026-08-26 06:32:15+00:00,S04,4,S03,S05,60.0,57.79,1,ACTIVE
MS001829,2026-08-26 06:32:20+00:00,S05,5,S04,S06,60.0,55.38,1,ACTIVE
MS001830,2026-08-26 06:32:25+00:00,S06,6,S05,S07,60.0,58.9,1,ACTIVE
MS001831,2026-08-26 06:32:30+00:00,S07,7,S06,S08,60.0,58.04,1,ACTIVE
MS001832,2026-08-26 06:32:35+00:00,S08,8,S07,S09,60.0,58.14,1,ACTIVE
MS001833,2026-08-26 06:32:40+00:00,S09,9,S08,S10,60.0,55.51,1,ACTIVE
MS001834,2026-08-26 06:32:45+00:00,S10,10,S09,S11,60.0,56.8,1,ACTIVE
MS001835,2026-08-26 06:32:50+00:00,S11,11,S10,S12,60.0,56.48,1,ACTIVE
MS001836,2026-08-26 06:32:55+00:00,S12,12,S11,,60.0,58.71,1,ACTIVE
MS001837,2026-08-26 06:33:00+00:00,S01,1,,S02,60.0,58.1,1,ACTIVE
MS001838,2026-08-26 06:33:05+00:00,S02,2,S01,S03,60.0,56.76,1,ACTIVE
MS001839,2026-08-26 06:33:10+00:00,S03,3,S02,S04,60.0,58.43,1,ACTIVE
MS001840,2026-08-26 06:33:15+00:00,S04,4,S03,S05,60.0,57.79,1,ACTIVE
MS001841,2026-08-26 06:33:20+00:00,S05,5,S04,S06,60.0,55.38,1,ACTIVE
MS001842,2026-08-26 06:33:25+00:00,S06,6,S05,S07,60.0,58.9,1,ACTIVE
MS001843,2026-08-26 06:33:30+00:00,S07,7,S06,S08,60.0,58.04,1,ACTIVE
MS001844,2026-08-26 06:33:35+00:00,S08,8,S07,S09,60.0,58.14,1,ACTIVE
MS001845,2026-08-26 06:33:40+00:00,S09,9,S08,S10,60.0,55.51,1,ACTIVE
MS001846,2026-08-26 06:33:45+00:00,S10,10,S09,S11,60.0,56.8,1,ACTIVE
MS001847,2026-08-26 06:33:50+00:00,S11,11,S10,S12,60.0,56.48,1,ACTIVE
MS001848,2026-08-26 06:33:55+00:00,S12,12,S11,,60.0,58.71,1,ACTIVE
MS001849,2026-08-26 06:34:00+00:00,S01,1,,S02,60.0,58.1,1,ACTIVE
MS001850,2026-08-26 06:34:05+00:00,S02,2,S01,S03,60.0,56.76,1,ACTIVE
MS001851,2026-08-26 06:34:10+00:00,S03,3,S02,S04,60.0,58.43,1,ACTIVE
MS001852,2026-08-26 06:34:15+00:00,S04,4,S03,S05,60.0,57.79,1,ACTIVE
MS001853,2026-08-26 06:34:20+00:00,S05,5,S04,S06,60.0,55.38,1,ACTIVE
MS001854,2026-08-26 06:34:25+00:00,S06,6,S05,S07,60.0,58.9,1,ACTIVE
MS001855,2026-08-26 06:34:30+00:00,S07,7,S06,S08,60.0,58.04,1,ACTIVE
MS001856,2026-08-26 06:34:35+00:00,S08,8,S07,S09,60.0,58.14,1,ACTIVE
MS001857,2026-08-26 06:34:40+00:00,S09,9,S08,S10,60.0,55.51,1,ACTIVE
MS001858,2026-08-26 06:34:45+00:00,S10,10,S09,S11,60.0,56.8,1,ACTIVE
MS001859,2026-08-26 06:34:50+00:00,S11,11,S10,S12,60.0,56.48,1,ACTIVE
MS001860,2026-08-26 06:34:55+00:00,S12,12,S11,,60.0,58.71,1,ACTIVE
MS001861,2026-08-26 06:35:00+00:00,S01,1,,S02,60.0,58.1,1,ACTIVE
MS001862,2026-08-26 06:35:05+00:00,S02,2,S01,S03,60.0,56.76,1,ACTIVE
MS001863,2026-08-26 06:35:10+00:00,S03,3,S02,S04,60.0,58.43,1,ACTIVE
MS001864,2026-08-26 06:35:15+00:00,S04,4,S03,S05,60.0,57.79,1,ACTIVE
MS001865,2026-08-26 06:35:20+00:00,S05,5,S04,S06,60.0,55.38,1,ACTIVE
MS001866,2026-08-26 06:35:25+00:00,S06,6,S05,S07,60.0,58.9,1,ACTIVE
MS001867,2026-08-26 06:35:30+00:00,S07,7,S06,S08,60.0,58.04,1,ACTIVE
MS001868,2026-08-26 06:35:35+00:00,S08,8,S07,S09,60.0,58.14,1,ACTIVE
MS001869,2026-08-26 06:35:40+00:00,S09,9,S08,S10,60.0,55.51,1,ACTIVE
MS001870,2026-08-26 06:35:45+00:00,S10,10,S09,S11,60.0,56.8,1,ACTIVE
MS001871,2026-08-26 06:35:50+00:00,S11,11,S10,S12,60.0,56.48,1,ACTIVE
MS001872,2026-08-26 06:35:55+00:00,S12,12,S11,,60.0,58.71,1,ACTIVE
MS001873,2026-08-26 06:36:00+00:00,S01,1,,S02,60.0,58.1,1,ACTIVE
MS001874,2026-08-26 06:36:05+00:00,S02,2,S01,S03,60.0,56.76,1,ACTIVE
MS001875,2026-08-26 06:36:10+00:00,S03,3,S02,S04,60.0,58.43,1,ACTIVE
MS001876,2026-08-26 06:36:15+00:00,S04,4,S03,S05,60.0,57.79,1,ACTIVE
MS001877,2026-08-26 06:36:20+00:00,S05,5,S04,S06,60.0,55.38,1,ACTIVE
MS001878,2026-08-26 06:36:25+00:00,S06,6,S05,S07,60.0,58.9,1,ACTIVE
MS001879,2026-08-26 06:36:30+00:00,S07,7,S06,S08,60.0,58.04,1,ACTIVE
MS001880,2026-08-26 06:36:35+00:00,S08,8,S07,S09,60.0,58.14,1,ACTIVE
MS001881,2026-08-26 06:36:40+00:00,S09,9,S08,S10,60.0,55.51,1,ACTIVE
MS001882,2026-08-26 06:36:45+00:00,S10,10,S09,S11,60.0,56.8,1,ACTIVE
MS001883,2026-08-26 06:36:50+00:00,S11,11,S10,S12,60.0,56.48,1,ACTIVE
MS001884,2026-08-26 06:36:55+00:00,S12,12,S11,,60.0,58.71,1,ACTIVE
MS001885,2026-08-26 06:37:00+00:00,S01,1,,S02,60.0,58.1,1,ACTIVE
MS001886,2026-08-26 06:37:05+00:00,S02,2,S01,S03,60.0,56.76,1,ACTIVE
MS001887,2026-08-26 06:37:10+00:00,S03,3,S02,S04,60.0,58.43,1,ACTIVE
MS001888,2026-08-26 06:37:15+00:00,S04,4,S03,S05,60.0,57.79,1,ACTIVE
MS001889,2026-08-26 06:37:20+00:00,S05,5,S04,S06,60.0,55.38,1,ACTIVE
MS001890,2026-08-26 06:37:25+00:00,S06,6,S05,S07,60.0,58.9,1,ACTIVE
MS001891,2026-08-26 06:37:30+00:00,S07,7,S06,S08,60.0,58.04,1,ACTIVE
MS001892,2026-08-26 06:37:35+00:00,S08,8,S07,S09,60.0,58.14,1,ACTIVE
MS001893,2026-08-26 06:37:40+00:00,S09,9,S08,S10,60.0,55.51,1,ACTIVE
MS001894,2026-08-26 06:37:45+00:00,S10,10,S09,S11,60.0,56.8,1,ACTIVE
MS001895,2026-08-26 06:37:50+00:00,S11,11,S10,S12,60.0,56.48,1,ACTIVE
MS001896,2026-08-26 06:37:55+00:00,S12,12,S11,,60.0,58.71,1,ACTIVE
MS001897,2026-08-26 06:38:00+00:00,S01,1,,S02,60.0,58.1,1,ACTIVE
MS001898,2026-08-26 06:38:05+00:00,S02,2,S01,S03,60.0,56.76,1,ACTIVE
MS001899,2026-08-26 06:38:10+00:00,S03,3,S02,S04,60.0,58.43,1,ACTIVE
MS001900,2026-08-26 06:38:15+00:00,S04,4,S03,S05,60.0,57.79,1,ACTIVE
MS001901,2026-08-26 06:38:20+00:00,S05,5,S04,S06,60.0,55.38,1,ACTIVE
MS001902,2026-08-26 06:38:25+00:00,S06,6,S05,S07,60.0,58.9,1,ACTIVE
MS001903,2026-08-26 06:38:30+00:00,S07,7,S06,S08,60.0,58.04,1,ACTIVE
MS001904,2026-08-26 06:38:35+00:00,S08,8,S07,S09,60.0,58.14,1,ACTIVE
MS001905,2026-08-26 06:38:40+00:00,S09,9,S08,S10,60.0,55.51,1,ACTIVE
MS001906,2026-08-26 06:38:45+00:00,S10,10,S09,S11,60.0,56.8,1,ACTIVE
MS001907,2026-08-26 06:38:50+00:00,S11,11,S10,S12,60.0,56.48,1,ACTIVE
MS001908,2026-08-26 06:38:55+00:00,S12,12,S11,,60.0,58.71,1,ACTIVE
MS001909,2026-08-26 06:39:00+00:00,S01,1,,S02,60.0,58.1,1,ACTIVE
MS001910,2026-08-26 06:39:05+00:00,S02,2,S01,S03,60.0,56.76,1,ACTIVE
MS001911,2026-08-26 06:39:10+00:00,S03,3,S02,S04,60.0,58.43,1,ACTIVE
MS001912,2026-08-26 06:39:15+00:00,S04,4,S03,S05,60.0,57.79,1,ACTIVE
MS001913,2026-08-26 06:39:20+00:00,S05,5,S04,S06,60.0,55.38,1,ACTIVE
MS001914,2026-08-26 06:39:25+00:00,S06,6,S05,S07,60.0,58.9,1,ACTIVE
MS001915,2026-08-26 06:39:30+00:00,S07,7,S06,S08,60.0,58.04,1,ACTIVE
MS001916,2026-08-26 06:39:35+00:00,S08,8,S07,S09,60.0,58.14,1,ACTIVE
MS001917,2026-08-26 06:39:40+00:00,S09,9,S08,S10,60.0,55.51,1,ACTIVE
MS001918,2026-08-26 06:39:45+00:00,S10,10,S09,S11,60.0,56.8,1,ACTIVE
MS001919,2026-08-26 06:39:50+00:00,S11,11,S10,S12,60.0,56.48,1,ACTIVE
MS001920,2026-08-26 06:39:55+00:00,S12,12,S11,,60.0,58.71,1,ACTIVE
MS001921,2026-08-26 06:40:00+00:00,S01,1,,S02,60.0,58.1,1,ACTIVE
MS001922,2026-08-26 06:40:05+00:00,S02,2,S01,S03,60.0,56.76,1,ACTIVE
MS001923,2026-08-26 06:40:10+00:00,S03,3,S02,S04,60.0,58.43,1,ACTIVE
MS001924,2026-08-26 06:40:15+00:00,S04,4,S03,S05,60.0,57.79,1,ACTIVE
MS001925,2026-08-26 06:40:20+00:00,S05,5,S04,S06,60.0,55.38,1,ACTIVE
MS001926,2026-08-26 06:40:25+00:00,S06,6,S05,S07,60.0,58.9,1,ACTIVE
MS001927,2026-08-26 06:40:30+00:00,S07,7,S06,S08,60.0,58.04,1,ACTIVE
MS001928,2026-08-26 06:40:35+00:00,S08,8,S07,S09,60.0,58.14,1,ACTIVE
MS001929,2026-08-26 06:40:40+00:00,S09,9,S08,S10,60.0,55.51,1,ACTIVE
MS001930,2026-08-26 06:40:45+00:00,S10,10,S09,S11,60.0,56.8,1,ACTIVE
MS001931,2026-08-26 06:40:50+00:00,S11,11,S10,S12,60.0,56.48,1,ACTIVE
MS001932,2026-08-26 06:40:55+00:00,S12,12,S11,,60.0,58.71,1,ACTIVE
MS001933,2026-08-26 06:41:00+00:00,S01,1,,S02,60.0,58.1,1,ACTIVE
MS001934,2026-08-26 06:41:05+00:00,S02,2,S01,S03,60.0,56.76,1,ACTIVE
MS001935,2026-08-26 06:41:10+00:00,S03,3,S02,S04,60.0,58.43,1,ACTIVE
MS001936,2026-08-26 06:41:15+00:00,S04,4,S03,S05,60.0,57.79,1,ACTIVE
MS001937,2026-08-26 06:41:20+00:00,S05,5,S04,S06,60.0,55.38,1,ACTIVE
MS001938,2026-08-26 06:41:25+00:00,S06,6,S05,S07,60.0,58.9,1,ACTIVE
MS001939,2026-08-26 06:41:30+00:00,S07,7,S06,S08,60.0,58.04,1,ACTIVE
MS001940,2026-08-26 06:41:35+00:00,S08,8,S07,S09,60.0,58.14,1,ACTIVE
MS001941,2026-08-26 06:41:40+00:00,S09,9,S08,S10,60.0,55.51,1,ACTIVE
MS001942,2026-08-26 06:41:45+00:00,S10,10,S09,S11,60.0,56.8,1,ACTIVE
MS001943,2026-08-26 06:41:50+00:00,S11,11,S10,S12,60.0,56.48,1,ACTIVE
MS001944,2026-08-26 06:41:55+00:00,S12,12,S11,,60.0,58.71,1,ACTIVE
MS001945,2026-08-26 06:42:00+00:00,S01,1,,S02,60.0,58.1,1,ACTIVE
MS001946,2026-08-26 06:42:05+00:00,S02,2,S01,S03,60.0,56.76,1,ACTIVE
MS001947,2026-08-26 06:42:10+00:00,S03,3,S02,S04,60.0,58.43,1,ACTIVE
MS001948,2026-08-26 06:42:15+00:00,S04,4,S03,S05,60.0,57.79,1,ACTIVE
MS001949,2026-08-26 06:42:20+00:00,S05,5,S04,S06,60.0,55.38,1,ACTIVE
MS001950,2026-08-26 06:42:25+00:00,S06,6,S05,S07,60.0,58.9,1,ACTIVE
MS001951,2026-08-26 06:42:30+00:00,S07,7,S06,S08,60.0,58.04,1,ACTIVE
MS001952,2026-08-26 06:42:35+00:00,S08,8,S07,S09,60.0,58.14,1,ACTIVE
MS001953,2026-08-26 06:42:40+00:00,S09,9,S08,S10,60.0,55.51,1,ACTIVE
MS001954,2026-08-26 06:42:45+00:00,S10,10,S09,S11,60.0,56.8,1,ACTIVE
MS001955,2026-08-26 06:42:50+00:00,S11,11,S10,S12,60.0,56.48,1,ACTIVE
MS001956,2026-08-26 06:42:55+00:00,S12,12,S11,,60.0,58.71,1,ACTIVE
MS001957,2026-08-26 06:43:00+00:00,S01,1,,S02,60.0,58.1,1,ACTIVE
MS001958,2026-08-26 06:43:05+00:00,S02,2,S01,S03,60.0,56.76,1,ACTIVE
MS001959,2026-08-26 06:43:10+00:00,S03,3,S02,S04,60.0,58.43,1,ACTIVE
MS001960,2026-08-26 06:43:15+00:00,S04,4,S03,S05,60.0,57.79,1,ACTIVE
MS001961,2026-08-26 06:43:20+00:00,S05,5,S04,S06,60.0,55.38,1,ACTIVE
MS001962,2026-08-26 06:43:25+00:00,S06,6,S05,S07,60.0,58.9,1,ACTIVE
MS001963,2026-08-26 06:43:30+00:00,S07,7,S06,S08,60.0,58.04,1,ACTIVE
MS001964,2026-08-26 06:43:35+00:00,S08,8,S07,S09,60.0,58.14,1,ACTIVE
MS001965,2026-08-26 06:43:40+00:00,S09,9,S08,S10,60.0,55.51,1,ACTIVE
MS001966,2026-08-26 06:43:45+00:00,S10,10,S09,S11,60.0,56.8,1,ACTIVE
MS001967,2026-08-26 06:43:50+00:00,S11,11,S10,S12,60.0,56.48,1,ACTIVE
MS001968,2026-08-26 06:43:55+00:00,S12,12,S11,,60.0,58.71,1,ACTIVE
MS001969,2026-08-26 06:44:00+00:00,S01,1,,S02,60.0,58.1,1,ACTIVE
MS001970,2026-08-26 06:44:05+00:00,S02,2,S01,S03,60.0,56.76,1,ACTIVE
MS001971,2026-08-26 06:44:10+00:00,S03,3,S02,S04,60.0,58.43,1,ACTIVE
MS001972,2026-08-26 06:44:15+00:00,S04,4,S03,S05,60.0,57.79,1,ACTIVE
MS001973,2026-08-26 06:44:20+00:00,S05,5,S04,S06,60.0,55.38,1,ACTIVE
MS001974,2026-08-26 06:44:25+00:00,S06,6,S05,S07,60.0,58.9,1,ACTIVE
MS001975,2026-08-26 06:44:30+00:00,S07,7,S06,S08,60.0,58.04,1,ACTIVE
MS001976,2026-08-26 06:44:35+00:00,S08,8,S07,S09,60.0,58.14,1,ACTIVE
MS001977,2026-08-26 06:44:40+00:00,S09,9,S08,S10,60.0,55.51,1,ACTIVE
MS001978,2026-08-26 06:44:45+00:00,S10,10,S09,S11,60.0,56.8,1,ACTIVE
MS001979,2026-08-26 06:44:50+00:00,S11,11,S10,S12,60.0,56.48,1,ACTIVE
MS001980,2026-08-26 06:44:55+00:00,S12,12,S11,,60.0,58.71,1,ACTIVE
MS001981,2026-08-26 06:45:00+00:00,S01,1,,S02,60.0,58.1,1,ACTIVE
MS001982,2026-08-26 06:45:05+00:00,S02,2,S01,S03,60.0,56.76,1,ACTIVE
MS001983,2026-08-26 06:45:10+00:00,S03,3,S02,S04,60.0,58.43,1,ACTIVE
MS001984,2026-08-26 06:45:15+00:00,S04,4,S03,S05,60.0,57.79,1,ACTIVE
MS001985,2026-08-26 06:45:20+00:00,S05,5,S04,S06,60.0,55.38,1,ACTIVE
MS001986,2026-08-26 06:45:25+00:00,S06,6,S05,S07,60.0,58.9,1,ACTIVE
MS001987,2026-08-26 06:45:30+00:00,S07,7,S06,S08,60.0,58.04,1,ACTIVE
MS001988,2026-08-26 06:45:35+00:00,S08,8,S07,S09,60.0,58.14,1,ACTIVE
MS001989,2026-08-26 06:45:40+00:00,S09,9,S08,S10,60.0,55.51,1,ACTIVE
MS001990,2026-08-26 06:45:45+00:00,S10,10,S09,S11,60.0,56.8,1,ACTIVE
MS001991,2026-08-26 06:45:50+00:00,S11,11,S10,S12,60.0,56.48,1,ACTIVE
MS001992,2026-08-26 06:45:55+00:00,S12,12,S11,,60.0,58.71,1,ACTIVE
MS001993,2026-08-26 06:46:00+00:00,S01,1,,S02,60.0,58.1,1,ACTIVE
MS001994,2026-08-26 06:46:05+00:00,S02,2,S01,S03,60.0,56.76,1,ACTIVE
MS001995,2026-08-26 06:46:10+00:00,S03,3,S02,S04,60.0,58.43,1,ACTIVE
MS001996,2026-08-26 06:46:15+00:00,S04,4,S03,S05,60.0,57.79,1,ACTIVE
MS001997,2026-08-26 06:46:20+00:00,S05,5,S04,S06,60.0,55.38,1,ACTIVE
MS001998,2026-08-26 06:46:25+00:00,S06,6,S05,S07,60.0,58.9,1,ACTIVE
MS001999,2026-08-26 06:46:30+00:00,S07,7,S06,S08,60.0,58.04,1,ACTIVE
MS002000,2026-08-26 06:46:35+00:00,S08,8,S07,S09,60.0,58.14,1,ACTIVE
MS002001,2026-08-26 06:46:40+00:00,S09,9,S08,S10,60.0,55.51,1,ACTIVE
MS002002,2026-08-26 06:46:45+00:00,S10,10,S09,S11,60.0,56.8,1,ACTIVE
MS002003,2026-08-26 06:46:50+00:00,S11,11,S10,S12,60.0,56.48,1,ACTIVE
MS002004,2026-08-26 06:46:55+00:00,S12,12,S11,,60.0,58.71,1,ACTIVE
MS002005,2026-08-26 06:47:00+00:00,S01,1,,S02,60.0,58.1,1,ACTIVE
MS002006,2026-08-26 06:47:05+00:00,S02,2,S01,S03,60.0,56.76,1,ACTIVE
MS002007,2026-08-26 06:47:10+00:00,S03,3,S02,S04,60.0,58.43,1,ACTIVE
MS002008,2026-08-26 06:47:15+00:00,S04,4,S03,S05,60.0,57.79,1,ACTIVE
MS002009,2026-08-26 06:47:20+00:00,S05,5,S04,S06,60.0,55.38,1,ACTIVE
MS002010,2026-08-26 06:47:25+00:00,S06,6,S05,S07,60.0,58.9,1,ACTIVE
MS002011,2026-08-26 06:47:30+00:00,S07,7,S06,S08,60.0,58.04,1,ACTIVE
MS002012,2026-08-26 06:47:35+00:00,S08,8,S07,S09,60.0,58.14,1,ACTIVE
MS002013,2026-08-26 06:47:40+00:00,S09,9,S08,S10,60.0,55.51,1,ACTIVE
MS002014,2026-08-26 06:47:45+00:00,S10,10,S09,S11,60.0,56.8,1,ACTIVE
MS002015,2026-08-26 06:47:50+00:00,S11,11,S10,S12,60.0,56.48,1,ACTIVE
MS002016,2026-08-26 06:47:55+00:00,S12,12,S11,,60.0,58.71,1,ACTIVE
MS002017,2026-08-26 06:48:00+00:00,S01,1,,S02,60.0,58.1,1,ACTIVE
MS002018,2026-08-26 06:48:05+00:00,S02,2,S01,S03,60.0,56.76,1,ACTIVE
MS002019,2026-08-26 06:48:10+00:00,S03,3,S02,S04,60.0,58.43,1,ACTIVE
MS002020,2026-08-26 06:48:15+00:00,S04,4,S03,S05,60.0,57.79,1,ACTIVE
MS002021,2026-08-26 06:48:20+00:00,S05,5,S04,S06,60.0,55.38,1,ACTIVE
MS002022,2026-08-26 06:48:25+00:00,S06,6,S05,S07,60.0,58.9,1,ACTIVE
MS002023,2026-08-26 06:48:30+00:00,S07,7,S06,S08,60.0,58.04,1,ACTIVE
MS002024,2026-08-26 06:48:35+00:00,S08,8,S07,S09,60.0,58.14,1,ACTIVE
MS002025,2026-08-26 06:48:40+00:00,S09,9,S08,S10,60.0,55.51,1,ACTIVE
MS002026,2026-08-26 06:48:45+00:00,S10,10,S09,S11,60.0,56.8,1,ACTIVE
MS002027,2026-08-26 06:48:50+00:00,S11,11,S10,S12,60.0,56.48,1,ACTIVE
MS002028,2026-08-26 06:48:55+00:00,S12,12,S11,,60.0,58.71,1,ACTIVE
MS002029,2026-08-26 06:49:00+00:00,S01,1,,S02,60.0,58.1,1,ACTIVE
MS002030,2026-08-26 06:49:05+00:00,S02,2,S01,S03,60.0,56.76,1,ACTIVE
MS002031,2026-08-26 06:49:10+00:00,S03,3,S02,S04,60.0,58.43,1,ACTIVE
MS002032,2026-08-26 06:49:15+00:00,S04,4,S03,S05,60.0,57.79,1,ACTIVE
MS002033,2026-08-26 06:49:20+00:00,S05,5,S04,S06,60.0,55.38,1,ACTIVE
MS002034,2026-08-26 06:49:25+00:00,S06,6,S05,S07,60.0,58.9,1,ACTIVE
MS002035,2026-08-26 06:49:30+00:00,S07,7,S06,S08,60.0,58.04,1,ACTIVE
MS002036,2026-08-26 06:49:35+00:00,S08,8,S07,S09,60.0,58.14,1,ACTIVE
MS002037,2026-08-26 06:49:40+00:00,S09,9,S08,S10,60.0,55.51,1,ACTIVE
MS002038,2026-08-26 06:49:45+00:00,S10,10,S09,S11,60.0,56.8,1,ACTIVE
MS002039,2026-08-26 06:49:50+00:00,S11,11,S10,S12,60.0,56.48,1,ACTIVE
MS002040,2026-08-26 06:49:55+00:00,S12,12,S11,,60.0,58.71,1,ACTIVE
MS002041,2026-08-26 06:50:00+00:00,S01,1,,S02,60.0,58.1,1,ACTIVE
MS002042,2026-08-26 06:50:05+00:00,S02,2,S01,S03,60.0,56.76,1,ACTIVE
MS002043,2026-08-26 06:50:10+00:00,S03,3,S02,S04,60.0,58.43,1,ACTIVE
MS002044,2026-08-26 06:50:15+00:00,S04,4,S03,S05,60.0,57.79,1,ACTIVE
MS002045,2026-08-26 06:50:20+00:00,S05,5,S04,S06,60.0,55.38,1,ACTIVE
MS002046,2026-08-26 06:50:25+00:00,S06,6,S05,S07,60.0,58.9,1,ACTIVE
MS002047,2026-08-26 06:50:30+00:00,S07,7,S06,S08,60.0,58.04,1,ACTIVE
MS002048,2026-08-26 06:50:35+00:00,S08,8,S07,S09,60.0,58.14,1,ACTIVE
MS002049,2026-08-26 06:50:40+00:00,S09,9,S08,S10,60.0,55.51,1,ACTIVE
MS002050,2026-08-26 06:50:45+00:00,S10,10,S09,S11,60.0,56.8,1,ACTIVE
MS002051,2026-08-26 06:50:50+00:00,S11,11,S10,S12,60.0,56.48,1,ACTIVE
MS002052,2026-08-26 06:50:55+00:00,S12,12,S11,,60.0,58.71,1,ACTIVE
MS002053,2026-08-26 06:51:00+00:00,S01,1,,S02,60.0,58.1,1,ACTIVE
MS002054,2026-08-26 06:51:05+00:00,S02,2,S01,S03,60.0,56.76,1,ACTIVE
MS002055,2026-08-26 06:51:10+00:00,S03,3,S02,S04,60.0,58.43,1,ACTIVE
MS002056,2026-08-26 06:51:15+00:00,S04,4,S03,S05,60.0,57.79,1,ACTIVE
MS002057,2026-08-26 06:51:20+00:00,S05,5,S04,S06,60.0,55.38,1,ACTIVE
MS002058,2026-08-26 06:51:25+00:00,S06,6,S05,S07,60.0,58.9,1,ACTIVE
MS002059,2026-08-26 06:51:30+00:00,S07,7,S06,S08,60.0,58.04,1,ACTIVE
MS002060,2026-08-26 06:51:35+00:00,S08,8,S07,S09,60.0,58.14,1,ACTIVE
MS002061,2026-08-26 06:51:40+00:00,S09,9,S08,S10,60.0,55.51,1,ACTIVE
MS002062,2026-08-26 06:51:45+00:00,S10,10,S09,S11,60.0,56.8,1,ACTIVE
MS002063,2026-08-26 06:51:50+00:00,S11,11,S10,S12,60.0,56.48,1,ACTIVE
MS002064,2026-08-26 06:51:55+00:00,S12,12,S11,,60.0,58.71,1,ACTIVE
MS002065,2026-08-26 06:52:00+00:00,S01,1,,S02,60.0,58.1,1,ACTIVE
MS002066,2026-08-26 06:52:05+00:00,S02,2,S01,S03,60.0,56.76,1,ACTIVE
MS002067,2026-08-26 06:52:10+00:00,S03,3,S02,S04,60.0,58.43,1,ACTIVE
MS002068,2026-08-26 06:52:15+00:00,S04,4,S03,S05,60.0,57.79,1,ACTIVE
MS002069,2026-08-26 06:52:20+00:00,S05,5,S04,S06,60.0,55.38,1,ACTIVE
MS002070,2026-08-26 06:52:25+00:00,S06,6,S05,S07,60.0,58.9,1,ACTIVE
MS002071,2026-08-26 06:52:30+00:00,S07,7,S06,S08,60.0,58.04,1,ACTIVE
MS002072,2026-08-26 06:52:35+00:00,S08,8,S07,S09,60.0,58.14,1,ACTIVE
MS002073,2026-08-26 06:52:40+00:00,S09,9,S08,S10,60.0,55.51,1,ACTIVE
MS002074,2026-08-26 06:52:45+00:00,S10,10,S09,S11,60.0,56.8,1,ACTIVE
MS002075,2026-08-26 06:52:50+00:00,S11,11,S10,S12,60.0,56.48,1,ACTIVE
MS002076,2026-08-26 06:52:55+00:00,S12,12,S11,,60.0,58.71,1,ACTIVE
MS002077,2026-08-26 06:53:00+00:00,S01,1,,S02,60.0,58.1,1,ACTIVE
MS002078,2026-08-26 06:53:05+00:00,S02,2,S01,S03,60.0,56.76,1,ACTIVE
MS002079,2026-08-26 06:53:10+00:00,S03,3,S02,S04,60.0,58.43,1,ACTIVE
MS002080,2026-08-26 06:53:15+00:00,S04,4,S03,S05,60.0,57.79,1,ACTIVE
MS002081,2026-08-26 06:53:20+00:00,S05,5,S04,S06,60.0,55.38,1,ACTIVE
MS002082,2026-08-26 06:53:25+00:00,S06,6,S05,S07,60.0,58.9,1,ACTIVE
MS002083,2026-08-26 06:53:30+00:00,S07,7,S06,S08,60.0,58.04,1,ACTIVE
MS002084,2026-08-26 06:53:35+00:00,S08,8,S07,S09,60.0,58.14,1,ACTIVE
MS002085,2026-08-26 06:53:40+00:00,S09,9,S08,S10,60.0,55.51,1,ACTIVE
MS002086,2026-08-26 06:53:45+00:00,S10,10,S09,S11,60.0,56.8,1,ACTIVE
MS002087,2026-08-26 06:53:50+00:00,S11,11,S10,S12,60.0,56.48,1,ACTIVE
MS002088,2026-08-26 06:53:55+00:00,S12,12,S11,,60.0,58.71,1,ACTIVE
MS002089,2026-08-26 06:54:00+00:00,S01,1,,S02,60.0,58.1,1,ACTIVE
MS002090,2026-08-26 06:54:05+00:00,S02,2,S01,S03,60.0,56.76,1,ACTIVE
MS002091,2026-08-26 06:54:10+00:00,S03,3,S02,S04,60.0,58.43,1,ACTIVE
MS002092,2026-08-26 06:54:15+00:00,S04,4,S03,S05,60.0,57.79,1,ACTIVE
MS002093,2026-08-26 06:54:20+00:00,S05,5,S04,S06,60.0,55.38,1,ACTIVE
MS002094,2026-08-26 06:54:25+00:00,S06,6,S05,S07,60.0,58.9,1,ACTIVE
MS002095,2026-08-26 06:54:30+00:00,S07,7,S06,S08,60.0,58.04,1,ACTIVE
MS002096,2026-08-26 06:54:35+00:00,S08,8,S07,S09,60.0,58.14,1,ACTIVE
MS002097,2026-08-26 06:54:40+00:00,S09,9,S08,S10,60.0,55.51,1,ACTIVE
MS002098,2026-08-26 06:54:45+00:00,S10,10,S09,S11,60.0,56.8,1,ACTIVE
MS002099,2026-08-26 06:54:50+00:00,S11,11,S10,S12,60.0,56.48,1,ACTIVE
MS002100,2026-08-26 06:54:55+00:00,S12,12,S11,,60.0,58.71,1,ACTIVE
MS002101,2026-08-26 06:55:00+00:00,S01,1,,S02,60.0,58.1,1,ACTIVE
MS002102,2026-08-26 06:55:05+00:00,S02,2,S01,S03,60.0,56.76,1,ACTIVE
MS002103,2026-08-26 06:55:10+00:00,S03,3,S02,S04,60.0,58.43,1,ACTIVE
MS002104,2026-08-26 06:55:15+00:00,S04,4,S03,S05,60.0,57.79,1,ACTIVE
MS002105,2026-08-26 06:55:20+00:00,S05,5,S04,S06,60.0,55.38,1,ACTIVE
MS002106,2026-08-26 06:55:25+00:00,S06,6,S05,S07,60.0,58.9,1,ACTIVE
MS002107,2026-08-26 06:55:30+00:00,S07,7,S06,S08,60.0,58.04,1,ACTIVE
MS002108,2026-08-26 06:55:35+00:00,S08,8,S07,S09,60.0,58.14,1,ACTIVE
MS002109,2026-08-26 06:55:40+00:00,S09,9,S08,S10,60.0,55.51,1,ACTIVE
MS002110,2026-08-26 06:55:45+00:00,S10,10,S09,S11,60.0,56.8,1,ACTIVE
MS002111,2026-08-26 06:55:50+00:00,S11,11,S10,S12,60.0,56.48,1,ACTIVE
MS002112,2026-08-26 06:55:55+00:00,S12,12,S11,,60.0,58.71,1,ACTIVE
MS002113,2026-08-26 06:56:00+00:00,S01,1,,S02,60.0,58.1,1,ACTIVE
MS002114,2026-08-26 06:56:05+00:00,S02,2,S01,S03,60.0,56.76,1,ACTIVE
MS002115,2026-08-26 06:56:10+00:00,S03,3,S02,S04,60.0,58.43,1,ACTIVE
MS002116,2026-08-26 06:56:15+00:00,S04,4,S03,S05,60.0,57.79,1,ACTIVE
MS002117,2026-08-26 06:56:20+00:00,S05,5,S04,S06,60.0,55.38,1,ACTIVE
MS002118,2026-08-26 06:56:25+00:00,S06,6,S05,S07,60.0,58.9,1,ACTIVE
MS002119,2026-08-26 06:56:30+00:00,S07,7,S06,S08,60.0,58.04,1,ACTIVE
MS002120,2026-08-26 06:56:35+00:00,S08,8,S07,S09,60.0,58.14,1,ACTIVE
MS002121,2026-08-26 06:56:40+00:00,S09,9,S08,S10,60.0,55.51,1,ACTIVE
MS002122,2026-08-26 06:56:45+00:00,S10,10,S09,S11,60.0,56.8,1,ACTIVE
MS002123,2026-08-26 06:56:50+00:00,S11,11,S10,S12,60.0,56.48,1,ACTIVE
MS002124,2026-08-26 06:56:55+00:00,S12,12,S11,,60.0,58.71,1,ACTIVE
MS002125,2026-08-26 06:57:00+00:00,S01,1,,S02,60.0,58.1,1,ACTIVE
MS002126,2026-08-26 06:57:05+00:00,S02,2,S01,S03,60.0,56.76,1,ACTIVE
MS002127,2026-08-26 06:57:10+00:00,S03,3,S02,S04,60.0,58.43,1,ACTIVE
MS002128,2026-08-26 06:57:15+00:00,S04,4,S03,S05,60.0,57.79,1,ACTIVE
MS002129,2026-08-26 06:57:20+00:00,S05,5,S04,S06,60.0,55.38,1,ACTIVE
MS002130,2026-08-26 06:57:25+00:00,S06,6,S05,S07,60.0,58.9,1,ACTIVE
MS002131,2026-08-26 06:57:30+00:00,S07,7,S06,S08,60.0,58.04,1,ACTIVE
MS002132,2026-08-26 06:57:35+00:00,S08,8,S07,S09,60.0,58.14,1,ACTIVE
MS002133,2026-08-26 06:57:40+00:00,S09,9,S08,S10,60.0,55.51,1,ACTIVE
MS002134,2026-08-26 06:57:45+00:00,S10,10,S09,S11,60.0,56.8,1,ACTIVE
MS002135,2026-08-26 06:57:50+00:00,S11,11,S10,S12,60.0,56.48,1,ACTIVE
MS002136,2026-08-26 06:57:55+00:00,S12,12,S11,,60.0,58.71,1,ACTIVE
MS002137,2026-08-26 06:58:00+00:00,S01,1,,S02,60.0,58.1,1,ACTIVE
MS002138,2026-08-26 06:58:05+00:00,S02,2,S01,S03,60.0,56.76,1,ACTIVE
MS002139,2026-08-26 06:58:10+00:00,S03,3,S02,S04,60.0,58.43,1,ACTIVE
MS002140,2026-08-26 06:58:15+00:00,S04,4,S03,S05,60.0,57.79,1,ACTIVE
MS002141,2026-08-26 06:58:20+00:00,S05,5,S04,S06,60.0,55.38,1,ACTIVE
MS002142,2026-08-26 06:58:25+00:00,S06,6,S05,S07,60.0,58.9,1,ACTIVE
MS002143,2026-08-26 06:58:30+00:00,S07,7,S06,S08,60.0,58.04,1,ACTIVE
MS002144,2026-08-26 06:58:35+00:00,S08,8,S07,S09,60.0,58.14,1,ACTIVE
MS002145,2026-08-26 06:58:40+00:00,S09,9,S08,S10,60.0,55.51,1,ACTIVE
MS002146,2026-08-26 06:58:45+00:00,S10,10,S09,S11,60.0,56.8,1,ACTIVE
MS002147,2026-08-26 06:58:50+00:00,S11,11,S10,S12,60.0,56.48,1,ACTIVE
MS002148,2026-08-26 06:58:55+00:00,S12,12,S11,,60.0,58.71,1,ACTIVE
MS002149,2026-08-26 06:59:00+00:00,S01,1,,S02,60.0,58.1,1,ACTIVE
MS002150,2026-08-26 06:59:05+00:00,S02,2,S01,S03,60.0,56.76,1,ACTIVE
MS002151,2026-08-26 06:59:10+00:00,S03,3,S02,S04,60.0,58.43,1,ACTIVE
MS002152,2026-08-26 06:59:15+00:00,S04,4,S03,S05,60.0,57.79,1,ACTIVE
MS002153,2026-08-26 06:59:20+00:00,S05,5,S04,S06,60.0,55.38,1,ACTIVE
MS002154,2026-08-26 06:59:25+00:00,S06,6,S05,S07,60.0,58.9,1,ACTIVE
MS002155,2026-08-26 06:59:30+00:00,S07,7,S06,S08,60.0,58.04,1,ACTIVE
MS002156,2026-08-26 06:59:35+00:00,S08,8,S07,S09,60.0,58.14,1,ACTIVE
MS002157,2026-08-26 06:59:40+00:00,S09,9,S08,S10,60.0,55.51,1,ACTIVE
MS002158,2026-08-26 06:59:45+00:00,S10,10,S09,S11,60.0,56.8,1,ACTIVE
MS002159,2026-08-26 06:59:50+00:00,S11,11,S10,S12,60.0,56.48,1,ACTIVE
MS002160,2026-08-26 06:59:55+00:00,S12,12,S11,,60.0,58.71,1,ACTIVE
MS002161,2026-08-26 07:00:00+00:00,S01,1,,S02,60.0,58.1,1,ACTIVE
MS002162,2026-08-26 07:00:05+00:00,S02,2,S01,S03,60.0,56.76,1,ACTIVE
MS002163,2026-08-26 07:00:10+00:00,S03,3,S02,S04,60.0,58.43,1,ACTIVE
MS002164,2026-08-26 07:00:15+00:00,S04,4,S03,S05,60.0,57.79,1,ACTIVE
MS002165,2026-08-26 07:00:20+00:00,S05,5,S04,S06,60.0,55.38,1,ACTIVE
MS002166,2026-08-26 07:00:25+00:00,S06,6,S05,S07,60.0,58.9,1,ACTIVE
MS002167,2026-08-26 07:00:30+00:00,S07,7,S06,S08,60.0,58.04,1,ACTIVE
MS002168,2026-08-26 07:00:35+00:00,S08,8,S07,S09,60.0,58.14,1,ACTIVE
MS002169,2026-08-26 07:00:40+00:00,S09,9,S08,S10,60.0,55.51,1,ACTIVE
MS002170,2026-08-26 07:00:45+00:00,S10,10,S09,S11,60.0,56.8,1,ACTIVE
MS002171,2026-08-26 07:00:50+00:00,S11,11,S10,S12,60.0,56.48,1,ACTIVE
MS002172,2026-08-26 07:00:55+00:00,S12,12,S11,,60.0,58.71,1,ACTIVE
MS002173,2026-08-26 07:01:00+00:00,S01,1,,S02,60.0,58.1,1,ACTIVE
MS002174,2026-08-26 07:01:05+00:00,S02,2,S01,S03,60.0,56.76,1,ACTIVE
MS002175,2026-08-26 07:01:10+00:00,S03,3,S02,S04,60.0,58.43,1,ACTIVE
MS002176,2026-08-26 07:01:15+00:00,S04,4,S03,S05,60.0,57.79,1,ACTIVE
MS002177,2026-08-26 07:01:20+00:00,S05,5,S04,S06,60.0,55.38,1,ACTIVE
MS002178,2026-08-26 07:01:25+00:00,S06,6,S05,S07,60.0,58.9,1,ACTIVE
MS002179,2026-08-26 07:01:30+00:00,S07,7,S06,S08,60.0,58.04,1,ACTIVE
MS002180,2026-08-26 07:01:35+00:00,S08,8,S07,S09,60.0,58.14,1,ACTIVE
MS002181,2026-08-26 07:01:40+00:00,S09,9,S08,S10,60.0,55.51,1,ACTIVE
MS002182,2026-08-26 07:01:45+00:00,S10,10,S09,S11,60.0,56.8,1,ACTIVE
MS002183,2026-08-26 07:01:50+00:00,S11,11,S10,S12,60.0,56.48,1,ACTIVE
MS002184,2026-08-26 07:01:55+00:00,S12,12,S11,,60.0,58.71,1,ACTIVE
MS002185,2026-08-26 07:02:00+00:00,S01,1,,S02,60.0,58.1,1,ACTIVE
MS002186,2026-08-26 07:02:05+00:00,S02,2,S01,S03,60.0,56.76,1,ACTIVE
MS002187,2026-08-26 07:02:10+00:00,S03,3,S02,S04,60.0,58.43,1,ACTIVE
MS002188,2026-08-26 07:02:15+00:00,S04,4,S03,S05,60.0,57.79,1,ACTIVE
MS002189,2026-08-26 07:02:20+00:00,S05,5,S04,S06,60.0,55.38,1,ACTIVE
MS002190,2026-08-26 07:02:25+00:00,S06,6,S05,S07,60.0,58.9,1,ACTIVE
MS002191,2026-08-26 07:02:30+00:00,S07,7,S06,S08,60.0,58.04,1,ACTIVE
MS002192,2026-08-26 07:02:35+00:00,S08,8,S07,S09,60.0,58.14,1,ACTIVE
MS002193,2026-08-26 07:02:40+00:00,S09,9,S08,S10,60.0,55.51,1,ACTIVE
MS002194,2026-08-26 07:02:45+00:00,S10,10,S09,S11,60.0,56.8,1,ACTIVE
MS002195,2026-08-26 07:02:50+00:00,S11,11,S10,S12,60.0,56.48,1,ACTIVE
MS002196,2026-08-26 07:02:55+00:00,S12,12,S11,,60.0,58.71,1,ACTIVE
MS002197,2026-08-26 07:03:00+00:00,S01,1,,S02,60.0,58.1,1,ACTIVE
MS002198,2026-08-26 07:03:05+00:00,S02,2,S01,S03,60.0,56.76,1,ACTIVE
MS002199,2026-08-26 07:03:10+00:00,S03,3,S02,S04,60.0,58.43,1,ACTIVE
MS002200,2026-08-26 07:03:15+00:00,S04,4,S03,S05,60.0,57.79,1,ACTIVE
MS002201,2026-08-26 07:03:20+00:00,S05,5,S04,S06,60.0,55.38,1,ACTIVE
MS002202,2026-08-26 07:03:25+00:00,S06,6,S05,S07,60.0,58.9,1,ACTIVE
MS002203,2026-08-26 07:03:30+00:00,S07,7,S06,S08,60.0,58.04,1,ACTIVE
MS002204,2026-08-26 07:03:35+00:00,S08,8,S07,S09,60.0,58.14,1,ACTIVE
MS002205,2026-08-26 07:03:40+00:00,S09,9,S08,S10,60.0,55.51,1,ACTIVE
MS002206,2026-08-26 07:03:45+00:00,S10,10,S09,S11,60.0,56.8,1,ACTIVE
MS002207,2026-08-26 07:03:50+00:00,S11,11,S10,S12,60.0,56.48,1,ACTIVE
MS002208,2026-08-26 07:03:55+00:00,S12,12,S11,,60.0,58.71,1,ACTIVE
MS002209,2026-08-26 07:04:00+00:00,S01,1,,S02,60.0,58.1,1,ACTIVE
MS002210,2026-08-26 07:04:05+00:00,S02,2,S01,S03,60.0,56.76,1,ACTIVE
MS002211,2026-08-26 07:04:10+00:00,S03,3,S02,S04,60.0,58.43,1,ACTIVE
MS002212,2026-08-26 07:04:15+00:00,S04,4,S03,S05,60.0,57.79,1,ACTIVE
MS002213,2026-08-26 07:04:20+00:00,S05,5,S04,S06,60.0,55.38,1,ACTIVE
MS002214,2026-08-26 07:04:25+00:00,S06,6,S05,S07,60.0,58.9,1,ACTIVE
MS002215,2026-08-26 07:04:30+00:00,S07,7,S06,S08,60.0,58.04,1,ACTIVE
MS002216,2026-08-26 07:04:35+00:00,S08,8,S07,S09,60.0,58.14,1,ACTIVE
MS002217,2026-08-26 07:04:40+00:00,S09,9,S08,S10,60.0,55.51,1,ACTIVE
MS002218,2026-08-26 07:04:45+00:00,S10,10,S09,S11,60.0,56.8,1,ACTIVE
MS002219,2026-08-26 07:04:50+00:00,S11,11,S10,S12,60.0,56.48,1,ACTIVE
MS002220,2026-08-26 07:04:55+00:00,S12,12,S11,,60.0,58.71,1,ACTIVE
MS002221,2026-08-26 07:05:00+00:00,S01,1,,S02,60.0,58.1,1,ACTIVE
MS002222,2026-08-26 07:05:05+00:00,S02,2,S01,S03,60.0,56.76,1,ACTIVE
MS002223,2026-08-26 07:05:10+00:00,S03,3,S02,S04,60.0,58.43,1,ACTIVE
MS002224,2026-08-26 07:05:15+00:00,S04,4,S03,S05,60.0,57.79,1,ACTIVE
MS002225,2026-08-26 07:05:20+00:00,S05,5,S04,S06,60.0,55.38,1,ACTIVE
MS002226,2026-08-26 07:05:25+00:00,S06,6,S05,S07,60.0,58.9,1,ACTIVE
MS002227,2026-08-26 07:05:30+00:00,S07,7,S06,S08,60.0,58.04,1,ACTIVE
MS002228,2026-08-26 07:05:35+00:00,S08,8,S07,S09,60.0,58.14,1,ACTIVE
MS002229,2026-08-26 07:05:40+00:00,S09,9,S08,S10,60.0,55.51,1,ACTIVE
MS002230,2026-08-26 07:05:45+00:00,S10,10,S09,S11,60.0,56.8,1,ACTIVE
MS002231,2026-08-26 07:05:50+00:00,S11,11,S10,S12,60.0,56.48,1,ACTIVE
MS002232,2026-08-26 07:05:55+00:00,S12,12,S11,,60.0,58.71,1,ACTIVE
MS002233,2026-08-26 07:06:00+00:00,S01,1,,S02,60.0,58.1,1,ACTIVE
MS002234,2026-08-26 07:06:05+00:00,S02,2,S01,S03,60.0,56.76,1,ACTIVE
MS002235,2026-08-26 07:06:10+00:00,S03,3,S02,S04,60.0,58.43,1,ACTIVE
MS002236,2026-08-26 07:06:15+00:00,S04,4,S03,S05,60.0,57.79,1,ACTIVE
MS002237,2026-08-26 07:06:20+00:00,S05,5,S04,S06,60.0,55.38,1,ACTIVE
MS002238,2026-08-26 07:06:25+00:00,S06,6,S05,S07,60.0,58.9,1,ACTIVE
MS002239,2026-08-26 07:06:30+00:00,S07,7,S06,S08,60.0,58.04,1,ACTIVE
MS002240,2026-08-26 07:06:35+00:00,S08,8,S07,S09,60.0,58.14,1,ACTIVE
MS002241,2026-08-26 07:06:40+00:00,S09,9,S08,S10,60.0,55.51,1,ACTIVE
MS002242,2026-08-26 07:06:45+00:00,S10,10,S09,S11,60.0,56.8,1,ACTIVE
MS002243,2026-08-26 07:06:50+00:00,S11,11,S10,S12,60.0,56.48,1,ACTIVE
MS002244,2026-08-26 07:06:55+00:00,S12,12,S11,,60.0,58.71,1,ACTIVE
MS002245,2026-08-26 07:07:00+00:00,S01,1,,S02,60.0,58.1,1,ACTIVE
MS002246,2026-08-26 07:07:05+00:00,S02,2,S01,S03,60.0,56.76,1,ACTIVE
MS002247,2026-08-26 07:07:10+00:00,S03,3,S02,S04,60.0,58.43,1,ACTIVE
MS002248,2026-08-26 07:07:15+00:00,S04,4,S03,S05,60.0,57.79,1,ACTIVE
MS002249,2026-08-26 07:07:20+00:00,S05,5,S04,S06,60.0,55.38,1,ACTIVE
MS002250,2026-08-26 07:07:25+00:00,S06,6,S05,S07,60.0,58.9,1,ACTIVE
MS002251,2026-08-26 07:07:30+00:00,S07,7,S06,S08,60.0,58.04,1,ACTIVE
MS002252,2026-08-26 07:07:35+00:00,S08,8,S07,S09,60.0,58.14,1,ACTIVE
MS002253,2026-08-26 07:07:40+00:00,S09,9,S08,S10,60.0,55.51,1,ACTIVE
MS002254,2026-08-26 07:07:45+00:00,S10,10,S09,S11,60.0,56.8,1,ACTIVE
MS002255,2026-08-26 07:07:50+00:00,S11,11,S10,S12,60.0,56.48,1,ACTIVE
MS002256,2026-08-26 07:07:55+00:00,S12,12,S11,,60.0,58.71,1,ACTIVE
MS002257,2026-08-26 07:08:00+00:00,S01,1,,S02,60.0,58.1,1,ACTIVE
MS002258,2026-08-26 07:08:05+00:00,S02,2,S01,S03,60.0,56.76,1,ACTIVE
MS002259,2026-08-26 07:08:10+00:00,S03,3,S02,S04,60.0,58.43,1,ACTIVE
MS002260,2026-08-26 07:08:15+00:00,S04,4,S03,S05,60.0,57.79,1,ACTIVE
MS002261,2026-08-26 07:08:20+00:00,S05,5,S04,S06,60.0,55.38,1,ACTIVE
MS002262,2026-08-26 07:08:25+00:00,S06,6,S05,S07,60.0,58.9,1,ACTIVE
MS002263,2026-08-26 07:08:30+00:00,S07,7,S06,S08,60.0,58.04,1,ACTIVE
MS002264,2026-08-26 07:08:35+00:00,S08,8,S07,S09,60.0,58.14,1,ACTIVE
MS002265,2026-08-26 07:08:40+00:00,S09,9,S08,S10,60.0,55.51,1,ACTIVE
MS002266,2026-08-26 07:08:45+00:00,S10,10,S09,S11,60.0,56.8,1,ACTIVE
MS002267,2026-08-26 07:08:50+00:00,S11,11,S10,S12,60.0,56.48,1,ACTIVE
MS002268,2026-08-26 07:08:55+00:00,S12,12,S11,,60.0,58.71,1,ACTIVE
MS002269,2026-08-26 07:09:00+00:00,S01,1,,S02,60.0,58.1,1,ACTIVE
MS002270,2026-08-26 07:09:05+00:00,S02,2,S01,S03,60.0,56.76,1,ACTIVE
MS002271,2026-08-26 07:09:10+00:00,S03,3,S02,S04,60.0,58.43,1,ACTIVE
MS002272,2026-08-26 07:09:15+00:00,S04,4,S03,S05,60.0,57.79,1,ACTIVE
MS002273,2026-08-26 07:09:20+00:00,S05,5,S04,S06,60.0,55.38,1,ACTIVE
MS002274,2026-08-26 07:09:25+00:00,S06,6,S05,S07,60.0,58.9,1,ACTIVE
MS002275,2026-08-26 07:09:30+00:00,S07,7,S06,S08,60.0,58.04,1,ACTIVE
MS002276,2026-08-26 07:09:35+00:00,S08,8,S07,S09,60.0,58.14,1,ACTIVE
MS002277,2026-08-26 07:09:40+00:00,S09,9,S08,S10,60.0,55.51,1,ACTIVE
MS002278,2026-08-26 07:09:45+00:00,S10,10,S09,S11,60.0,56.8,1,ACTIVE
MS002279,2026-08-26 07:09:50+00:00,S11,11,S10,S12,60.0,56.48,1,ACTIVE
MS002280,2026-08-26 07:09:55+00:00,S12,12,S11,,60.0,58.71,1,ACTIVE
MS002281,2026-08-26 07:10:00+00:00,S01,1,,S02,60.0,58.1,1,ACTIVE
MS002282,2026-08-26 07:10:05+00:00,S02,2,S01,S03,60.0,56.76,1,ACTIVE
MS002283,2026-08-26 07:10:10+00:00,S03,3,S02,S04,60.0,58.43,1,ACTIVE
MS002284,2026-08-26 07:10:15+00:00,S04,4,S03,S05,60.0,57.79,1,ACTIVE
MS002285,2026-08-26 07:10:20+00:00,S05,5,S04,S06,60.0,55.38,1,ACTIVE
MS002286,2026-08-26 07:10:25+00:00,S06,6,S05,S07,60.0,58.9,1,ACTIVE
MS002287,2026-08-26 07:10:30+00:00,S07,7,S06,S08,60.0,58.04,1,ACTIVE
MS002288,2026-08-26 07:10:35+00:00,S08,8,S07,S09,60.0,58.14,1,ACTIVE
MS002289,2026-08-26 07:10:40+00:00,S09,9,S08,S10,60.0,55.51,1,ACTIVE
MS002290,2026-08-26 07:10:45+00:00,S10,10,S09,S11,60.0,56.8,1,ACTIVE
MS002291,2026-08-26 07:10:50+00:00,S11,11,S10,S12,60.0,56.48,1,ACTIVE
MS002292,2026-08-26 07:10:55+00:00,S12,12,S11,,60.0,58.71,1,ACTIVE
MS002293,2026-08-26 07:11:00+00:00,S01,1,,S02,60.0,58.1,1,ACTIVE
MS002294,2026-08-26 07:11:05+00:00,S02,2,S01,S03,60.0,56.76,1,ACTIVE
MS002295,2026-08-26 07:11:10+00:00,S03,3,S02,S04,60.0,58.43,1,ACTIVE
MS002296,2026-08-26 07:11:15+00:00,S04,4,S03,S05,60.0,57.79,1,ACTIVE
MS002297,2026-08-26 07:11:20+00:00,S05,5,S04,S06,60.0,55.38,1,ACTIVE
MS002298,2026-08-26 07:11:25+00:00,S06,6,S05,S07,60.0,58.9,1,ACTIVE
MS002299,2026-08-26 07:11:30+00:00,S07,7,S06,S08,60.0,58.04,1,ACTIVE
MS002300,2026-08-26 07:11:35+00:00,S08,8,S07,S09,60.0,58.14,1,ACTIVE
MS002301,2026-08-26 07:11:40+00:00,S09,9,S08,S10,60.0,55.51,1,ACTIVE
MS002302,2026-08-26 07:11:45+00:00,S10,10,S09,S11,60.0,56.8,1,ACTIVE
MS002303,2026-08-26 07:11:50+00:00,S11,11,S10,S12,60.0,56.48,1,ACTIVE
MS002304,2026-08-26 07:11:55+00:00,S12,12,S11,,60.0,58.71,1,ACTIVE
MS002305,2026-08-26 07:12:00+00:00,S01,1,,S02,60.0,58.1,1,ACTIVE
MS002306,2026-08-26 07:12:05+00:00,S02,2,S01,S03,60.0,56.76,1,ACTIVE
MS002307,2026-08-26 07:12:10+00:00,S03,3,S02,S04,60.0,58.43,1,ACTIVE
MS002308,2026-08-26 07:12:15+00:00,S04,4,S03,S05,60.0,57.79,1,ACTIVE
MS002309,2026-08-26 07:12:20+00:00,S05,5,S04,S06,60.0,55.38,1,ACTIVE
MS002310,2026-08-26 07:12:25+00:00,S06,6,S05,S07,60.0,58.9,1,ACTIVE
MS002311,2026-08-26 07:12:30+00:00,S07,7,S06,S08,60.0,58.04,1,ACTIVE
MS002312,2026-08-26 07:12:35+00:00,S08,8,S07,S09,60.0,58.14,1,ACTIVE
MS002313,2026-08-26 07:12:40+00:00,S09,9,S08,S10,60.0,55.51,1,ACTIVE
MS002314,2026-08-26 07:12:45+00:00,S10,10,S09,S11,60.0,56.8,1,ACTIVE
MS002315,2026-08-26 07:12:50+00:00,S11,11,S10,S12,60.0,56.48,1,ACTIVE
MS002316,2026-08-26 07:12:55+00:00,S12,12,S11,,60.0,58.71,1,ACTIVE
MS002317,2026-08-26 07:13:00+00:00,S01,1,,S02,60.0,58.1,1,ACTIVE
MS002318,2026-08-26 07:13:05+00:00,S02,2,S01,S03,60.0,56.76,1,ACTIVE
MS002319,2026-08-26 07:13:10+00:00,S03,3,S02,S04,60.0,58.43,1,ACTIVE
MS002320,2026-08-26 07:13:15+00:00,S04,4,S03,S05,60.0,57.79,1,ACTIVE
MS002321,2026-08-26 07:13:20+00:00,S05,5,S04,S06,60.0,55.38,1,ACTIVE
MS002322,2026-08-26 07:13:25+00:00,S06,6,S05,S07,60.0,58.9,1,ACTIVE
MS002323,2026-08-26 07:13:30+00:00,S07,7,S06,S08,60.0,58.04,1,ACTIVE
MS002324,2026-08-26 07:13:35+00:00,S08,8,S07,S09,60.0,58.14,1,ACTIVE
MS002325,2026-08-26 07:13:40+00:00,S09,9,S08,S10,60.0,55.51,1,ACTIVE
MS002326,2026-08-26 07:13:45+00:00,S10,10,S09,S11,60.0,56.8,1,ACTIVE
MS002327,2026-08-26 07:13:50+00:00,S11,11,S10,S12,60.0,56.48,1,ACTIVE
MS002328,2026-08-26 07:13:55+00:00,S12,12,S11,,60.0,58.71,1,ACTIVE
MS002329,2026-08-26 07:14:00+00:00,S01,1,,S02,60.0,58.1,1,ACTIVE
MS002330,2026-08-26 07:14:05+00:00,S02,2,S01,S03,60.0,56.76,1,ACTIVE
MS002331,2026-08-26 07:14:10+00:00,S03,3,S02,S04,60.0,58.43,1,ACTIVE
MS002332,2026-08-26 07:14:15+00:00,S04,4,S03,S05,60.0,57.79,1,ACTIVE
MS002333,2026-08-26 07:14:20+00:00,S05,5,S04,S06,60.0,55.38,1,ACTIVE
MS002334,2026-08-26 07:14:25+00:00,S06,6,S05,S07,60.0,58.9,1,ACTIVE
MS002335,2026-08-26 07:14:30+00:00,S07,7,S06,S08,60.0,58.04,1,ACTIVE
MS002336,2026-08-26 07:14:35+00:00,S08,8,S07,S09,60.0,58.14,1,ACTIVE
MS002337,2026-08-26 07:14:40+00:00,S09,9,S08,S10,60.0,55.51,1,ACTIVE
MS002338,2026-08-26 07:14:45+00:00,S10,10,S09,S11,60.0,56.8,1,ACTIVE
MS002339,2026-08-26 07:14:50+00:00,S11,11,S10,S12,60.0,56.48,1,ACTIVE
MS002340,2026-08-26 07:14:55+00:00,S12,12,S11,,60.0,58.71,1,ACTIVE
MS002341,2026-08-26 07:15:00+00:00,S01,1,,S02,60.0,58.1,1,ACTIVE
MS002342,2026-08-26 07:15:05+00:00,S02,2,S01,S03,60.0,56.76,1,ACTIVE
MS002343,2026-08-26 07:15:10+00:00,S03,3,S02,S04,60.0,58.43,1,ACTIVE
MS002344,2026-08-26 07:15:15+00:00,S04,4,S03,S05,60.0,57.79,1,ACTIVE
MS002345,2026-08-26 07:15:20+00:00,S05,5,S04,S06,60.0,55.38,1,ACTIVE
MS002346,2026-08-26 07:15:25+00:00,S06,6,S05,S07,60.0,58.9,1,ACTIVE
MS002347,2026-08-26 07:15:30+00:00,S07,7,S06,S08,60.0,58.04,1,ACTIVE
MS002348,2026-08-26 07:15:35+00:00,S08,8,S07,S09,60.0,58.14,1,ACTIVE
MS002349,2026-08-26 07:15:40+00:00,S09,9,S08,S10,60.0,55.51,1,ACTIVE
MS002350,2026-08-26 07:15:45+00:00,S10,10,S09,S11,60.0,56.8,1,ACTIVE
MS002351,2026-08-26 07:15:50+00:00,S11,11,S10,S12,60.0,56.48,1,ACTIVE
MS002352,2026-08-26 07:15:55+00:00,S12,12,S11,,60.0,58.71,1,ACTIVE
MS002353,2026-08-26 07:16:00+00:00,S01,1,,S02,60.0,58.1,1,ACTIVE
MS002354,2026-08-26 07:16:05+00:00,S02,2,S01,S03,60.0,56.76,1,ACTIVE
MS002355,2026-08-26 07:16:10+00:00,S03,3,S02,S04,60.0,58.43,1,ACTIVE
MS002356,2026-08-26 07:16:15+00:00,S04,4,S03,S05,60.0,57.79,1,ACTIVE
MS002357,2026-08-26 07:16:20+00:00,S05,5,S04,S06,60.0,55.38,1,ACTIVE
MS002358,2026-08-26 07:16:25+00:00,S06,6,S05,S07,60.0,58.9,1,ACTIVE
MS002359,2026-08-26 07:16:30+00:00,S07,7,S06,S08,60.0,58.04,1,ACTIVE
MS002360,2026-08-26 07:16:35+00:00,S08,8,S07,S09,60.0,58.14,1,ACTIVE
MS002361,2026-08-26 07:16:40+00:00,S09,9,S08,S10,60.0,55.51,1,ACTIVE
MS002362,2026-08-26 07:16:45+00:00,S10,10,S09,S11,60.0,56.8,1,ACTIVE
MS002363,2026-08-26 07:16:50+00:00,S11,11,S10,S12,60.0,56.48,1,ACTIVE
MS002364,2026-08-26 07:16:55+00:00,S12,12,S11,,60.0,58.71,1,ACTIVE
MS002365,2026-08-26 07:17:00+00:00,S01,1,,S02,60.0,58.1,1,ACTIVE
MS002366,2026-08-26 07:17:05+00:00,S02,2,S01,S03,60.0,56.76,1,ACTIVE
MS002367,2026-08-26 07:17:10+00:00,S03,3,S02,S04,60.0,58.43,1,ACTIVE
MS002368,2026-08-26 07:17:15+00:00,S04,4,S03,S05,60.0,57.79,1,ACTIVE
MS002369,2026-08-26 07:17:20+00:00,S05,5,S04,S06,60.0,55.38,1,ACTIVE
MS002370,2026-08-26 07:17:25+00:00,S06,6,S05,S07,60.0,58.9,1,ACTIVE
MS002371,2026-08-26 07:17:30+00:00,S07,7,S06,S08,60.0,58.04,1,ACTIVE
MS002372,2026-08-26 07:17:35+00:00,S08,8,S07,S09,60.0,58.14,1,ACTIVE
MS002373,2026-08-26 07:17:40+00:00,S09,9,S08,S10,60.0,55.51,1,ACTIVE
MS002374,2026-08-26 07:17:45+00:00,S10,10,S09,S11,60.0,56.8,1,ACTIVE
MS002375,2026-08-26 07:17:50+00:00,S11,11,S10,S12,60.0,56.48,1,ACTIVE
MS002376,2026-08-26 07:17:55+00:00,S12,12,S11,,60.0,58.71,1,ACTIVE
MS002377,2026-08-26 07:18:00+00:00,S01,1,,S02,60.0,58.1,1,ACTIVE
MS002378,2026-08-26 07:18:05+00:00,S02,2,S01,S03,60.0,56.76,1,ACTIVE
MS002379,2026-08-26 07:18:10+00:00,S03,3,S02,S04,60.0,58.43,1,ACTIVE
MS002380,2026-08-26 07:18:15+00:00,S04,4,S03,S05,60.0,57.79,1,ACTIVE
MS002381,2026-08-26 07:18:20+00:00,S05,5,S04,S06,60.0,55.38,1,ACTIVE
MS002382,2026-08-26 07:18:25+00:00,S06,6,S05,S07,60.0,58.9,1,ACTIVE
MS002383,2026-08-26 07:18:30+00:00,S07,7,S06,S08,60.0,58.04,1,ACTIVE
MS002384,2026-08-26 07:18:35+00:00,S08,8,S07,S09,60.0,58.14,1,ACTIVE
MS002385,2026-08-26 07:18:40+00:00,S09,9,S08,S10,60.0,55.51,1,ACTIVE
MS002386,2026-08-26 07:18:45+00:00,S10,10,S09,S11,60.0,56.8,1,ACTIVE
MS002387,2026-08-26 07:18:50+00:00,S11,11,S10,S12,60.0,56.48,1,ACTIVE
MS002388,2026-08-26 07:18:55+00:00,S12,12,S11,,60.0,58.71,1,ACTIVE
MS002389,2026-08-26 07:19:00+00:00,S01,1,,S02,60.0,58.1,1,ACTIVE
MS002390,2026-08-26 07:19:05+00:00,S02,2,S01,S03,60.0,56.76,1,ACTIVE
MS002391,2026-08-26 07:19:10+00:00,S03,3,S02,S04,60.0,58.43,1,ACTIVE
MS002392,2026-08-26 07:19:15+00:00,S04,4,S03,S05,60.0,57.79,1,ACTIVE
MS002393,2026-08-26 07:19:20+00:00,S05,5,S04,S06,60.0,55.38,1,ACTIVE
MS002394,2026-08-26 07:19:25+00:00,S06,6,S05,S07,60.0,58.9,1,ACTIVE
MS002395,2026-08-26 07:19:30+00:00,S07,7,S06,S08,60.0,58.04,1,ACTIVE
MS002396,2026-08-26 07:19:35+00:00,S08,8,S07,S09,60.0,58.14,1,ACTIVE
MS002397,2026-08-26 07:19:40+00:00,S09,9,S08,S10,60.0,55.51,1,ACTIVE
MS002398,2026-08-26 07:19:45+00:00,S10,10,S09,S11,60.0,56.8,1,ACTIVE
MS002399,2026-08-26 07:19:50+00:00,S11,11,S10,S12,60.0,56.48,1,ACTIVE
MS002400,2026-08-26 07:19:55+00:00,S12,12,S11,,60.0,58.71,1,ACTIVE
MS002401,2026-08-26 07:20:00+00:00,S01,1,,S02,60.0,58.1,1,ACTIVE
MS002402,2026-08-26 07:20:05+00:00,S02,2,S01,S03,60.0,56.76,1,ACTIVE
MS002403,2026-08-26 07:20:10+00:00,S03,3,S02,S04,60.0,58.43,1,ACTIVE
MS002404,2026-08-26 07:20:15+00:00,S04,4,S03,S05,60.0,57.79,1,ACTIVE
MS002405,2026-08-26 07:20:20+00:00,S05,5,S04,S06,60.0,55.38,1,ACTIVE
MS002406,2026-08-26 07:20:25+00:00,S06,6,S05,S07,60.0,58.9,1,ACTIVE
MS002407,2026-08-26 07:20:30+00:00,S07,7,S06,S08,60.0,58.04,1,ACTIVE
MS002408,2026-08-26 07:20:35+00:00,S08,8,S07,S09,60.0,58.14,1,ACTIVE
MS002409,2026-08-26 07:20:40+00:00,S09,9,S08,S10,60.0,55.51,1,ACTIVE
MS002410,2026-08-26 07:20:45+00:00,S10,10,S09,S11,60.0,56.8,1,ACTIVE
MS002411,2026-08-26 07:20:50+00:00,S11,11,S10,S12,60.0,56.48,1,ACTIVE
MS002412,2026-08-26 07:20:55+00:00,S12,12,S11,,60.0,58.71,1,ACTIVE
MS002413,2026-08-26 07:21:00+00:00,S01,1,,S02,60.0,58.1,1,ACTIVE
MS002414,2026-08-26 07:21:05+00:00,S02,2,S01,S03,60.0,56.76,1,ACTIVE
MS002415,2026-08-26 07:21:10+00:00,S03,3,S02,S04,60.0,58.43,1,ACTIVE
MS002416,2026-08-26 07:21:15+00:00,S04,4,S03,S05,60.0,57.79,1,ACTIVE
MS002417,2026-08-26 07:21:20+00:00,S05,5,S04,S06,60.0,55.38,1,ACTIVE
MS002418,2026-08-26 07:21:25+00:00,S06,6,S05,S07,60.0,58.9,1,ACTIVE
MS002419,2026-08-26 07:21:30+00:00,S07,7,S06,S08,60.0,58.04,1,ACTIVE
MS002420,2026-08-26 07:21:35+00:00,S08,8,S07,S09,60.0,58.14,1,ACTIVE
MS002421,2026-08-26 07:21:40+00:00,S09,9,S08,S10,60.0,55.51,1,ACTIVE
MS002422,2026-08-26 07:21:45+00:00,S10,10,S09,S11,60.0,56.8,1,ACTIVE
MS002423,2026-08-26 07:21:50+00:00,S11,11,S10,S12,60.0,56.48,1,ACTIVE
MS002424,2026-08-26 07:21:55+00:00,S12,12,S11,,60.0,58.71,1,ACTIVE
MS002425,2026-08-26 07:22:00+00:00,S01,1,,S02,60.0,58.1,1,ACTIVE
MS002426,2026-08-26 07:22:05+00:00,S02,2,S01,S03,60.0,56.76,1,ACTIVE
MS002427,2026-08-26 07:22:10+00:00,S03,3,S02,S04,60.0,58.43,1,ACTIVE
MS002428,2026-08-26 07:22:15+00:00,S04,4,S03,S05,60.0,57.79,1,ACTIVE
MS002429,2026-08-26 07:22:20+00:00,S05,5,S04,S06,60.0,55.38,1,ACTIVE
MS002430,2026-08-26 07:22:25+00:00,S06,6,S05,S07,60.0,58.9,1,ACTIVE
MS002431,2026-08-26 07:22:30+00:00,S07,7,S06,S08,60.0,58.04,1,ACTIVE
MS002432,2026-08-26 07:22:35+00:00,S08,8,S07,S09,60.0,58.14,1,ACTIVE
MS002433,2026-08-26 07:22:40+00:00,S09,9,S08,S10,60.0,55.51,1,ACTIVE
MS002434,2026-08-26 07:22:45+00:00,S10,10,S09,S11,60.0,56.8,1,ACTIVE
MS002435,2026-08-26 07:22:50+00:00,S11,11,S10,S12,60.0,56.48,1,ACTIVE
MS002436,2026-08-26 07:22:55+00:00,S12,12,S11,,60.0,58.71,1,ACTIVE
MS002437,2026-08-26 07:23:00+00:00,S01,1,,S02,60.0,58.1,1,ACTIVE
MS002438,2026-08-26 07:23:05+00:00,S02,2,S01,S03,60.0,56.76,1,ACTIVE
MS002439,2026-08-26 07:23:10+00:00,S03,3,S02,S04,60.0,58.43,1,ACTIVE
MS002440,2026-08-26 07:23:15+00:00,S04,4,S03,S05,60.0,57.79,1,ACTIVE
MS002441,2026-08-26 07:23:20+00:00,S05,5,S04,S06,60.0,55.38,1,ACTIVE
MS002442,2026-08-26 07:23:25+00:00,S06,6,S05,S07,60.0,58.9,1,ACTIVE
MS002443,2026-08-26 07:23:30+00:00,S07,7,S06,S08,60.0,58.04,1,ACTIVE
MS002444,2026-08-26 07:23:35+00:00,S08,8,S07,S09,60.0,58.14,1,ACTIVE
MS002445,2026-08-26 07:23:40+00:00,S09,9,S08,S10,60.0,55.51,1,ACTIVE
MS002446,2026-08-26 07:23:45+00:00,S10,10,S09,S11,60.0,56.8,1,ACTIVE
MS002447,2026-08-26 07:23:50+00:00,S11,11,S10,S12,60.0,56.48,1,ACTIVE
MS002448,2026-08-26 07:23:55+00:00,S12,12,S11,,60.0,58.71,1,ACTIVE
MS002449,2026-08-26 07:24:00+00:00,S01,1,,S02,60.0,58.1,1,ACTIVE
MS002450,2026-08-26 07:24:05+00:00,S02,2,S01,S03,60.0,56.76,1,ACTIVE
MS002451,2026-08-26 07:24:10+00:00,S03,3,S02,S04,60.0,58.43,1,ACTIVE
MS002452,2026-08-26 07:24:15+00:00,S04,4,S03,S05,60.0,57.79,1,ACTIVE
MS002453,2026-08-26 07:24:20+00:00,S05,5,S04,S06,60.0,55.38,1,ACTIVE
MS002454,2026-08-26 07:24:25+00:00,S06,6,S05,S07,60.0,58.9,1,ACTIVE
MS002455,2026-08-26 07:24:30+00:00,S07,7,S06,S08,60.0,58.04,1,ACTIVE
MS002456,2026-08-26 07:24:35+00:00,S08,8,S07,S09,60.0,58.14,1,ACTIVE
MS002457,2026-08-26 07:24:40+00:00,S09,9,S08,S10,60.0,55.51,1,ACTIVE
MS002458,2026-08-26 07:24:45+00:00,S10,10,S09,S11,60.0,56.8,1,ACTIVE
MS002459,2026-08-26 07:24:50+00:00,S11,11,S10,S12,60.0,56.48,1,ACTIVE
MS002460,2026-08-26 07:24:55+00:00,S12,12,S11,,60.0,58.71,1,ACTIVE
MS002461,2026-08-26 07:25:00+00:00,S01,1,,S02,60.0,58.1,1,ACTIVE
MS002462,2026-08-26 07:25:05+00:00,S02,2,S01,S03,60.0,56.76,1,ACTIVE
MS002463,2026-08-26 07:25:10+00:00,S03,3,S02,S04,60.0,58.43,1,ACTIVE
MS002464,2026-08-26 07:25:15+00:00,S04,4,S03,S05,60.0,57.79,1,ACTIVE
MS002465,2026-08-26 07:25:20+00:00,S05,5,S04,S06,60.0,55.38,1,ACTIVE
MS002466,2026-08-26 07:25:25+00:00,S06,6,S05,S07,60.0,58.9,1,ACTIVE
MS002467,2026-08-26 07:25:30+00:00,S07,7,S06,S08,60.0,58.04,1,ACTIVE
MS002468,2026-08-26 07:25:35+00:00,S08,8,S07,S09,60.0,58.14,1,ACTIVE
MS002469,2026-08-26 07:25:40+00:00,S09,9,S08,S10,60.0,55.51,1,ACTIVE
MS002470,2026-08-26 07:25:45+00:00,S10,10,S09,S11,60.0,56.8,1,ACTIVE
MS002471,2026-08-26 07:25:50+00:00,S11,11,S10,S12,60.0,56.48,1,ACTIVE
MS002472,2026-08-26 07:25:55+00:00,S12,12,S11,,60.0,58.71,1,ACTIVE
MS002473,2026-08-26 07:26:00+00:00,S01,1,,S02,60.0,58.1,1,ACTIVE
MS002474,2026-08-26 07:26:05+00:00,S02,2,S01,S03,60.0,56.76,1,ACTIVE
MS002475,2026-08-26 07:26:10+00:00,S03,3,S02,S04,60.0,58.43,1,ACTIVE
MS002476,2026-08-26 07:26:15+00:00,S04,4,S03,S05,60.0,57.79,1,ACTIVE
MS002477,2026-08-26 07:26:20+00:00,S05,5,S04,S06,60.0,55.38,1,ACTIVE
MS002478,2026-08-26 07:26:25+00:00,S06,6,S05,S07,60.0,58.9,1,ACTIVE
MS002479,2026-08-26 07:26:30+00:00,S07,7,S06,S08,60.0,58.04,1,ACTIVE
MS002480,2026-08-26 07:26:35+00:00,S08,8,S07,S09,60.0,58.14,1,ACTIVE
MS002481,2026-08-26 07:26:40+00:00,S09,9,S08,S10,60.0,55.51,1,ACTIVE
MS002482,2026-08-26 07:26:45+00:00,S10,10,S09,S11,60.0,56.8,1,ACTIVE
MS002483,2026-08-26 07:26:50+00:00,S11,11,S10,S12,60.0,56.48,1,ACTIVE
MS002484,2026-08-26 07:26:55+00:00,S12,12,S11,,60.0,58.71,1,ACTIVE
MS002485,2026-08-26 07:27:00+00:00,S01,1,,S02,60.0,58.1,1,ACTIVE
MS002486,2026-08-26 07:27:05+00:00,S02,2,S01,S03,60.0,56.76,1,ACTIVE
MS002487,2026-08-26 07:27:10+00:00,S03,3,S02,S04,60.0,58.43,1,ACTIVE
MS002488,2026-08-26 07:27:15+00:00,S04,4,S03,S05,60.0,57.79,1,ACTIVE
MS002489,2026-08-26 07:27:20+00:00,S05,5,S04,S06,60.0,55.38,1,ACTIVE
MS002490,2026-08-26 07:27:25+00:00,S06,6,S05,S07,60.0,58.9,1,ACTIVE
MS002491,2026-08-26 07:27:30+00:00,S07,7,S06,S08,60.0,58.04,1,ACTIVE
MS002492,2026-08-26 07:27:35+00:00,S08,8,S07,S09,60.0,58.14,1,ACTIVE
MS002493,2026-08-26 07:27:40+00:00,S09,9,S08,S10,60.0,55.51,1,ACTIVE
MS002494,2026-08-26 07:27:45+00:00,S10,10,S09,S11,60.0,56.8,1,ACTIVE
MS002495,2026-08-26 07:27:50+00:00,S11,11,S10,S12,60.0,56.48,1,ACTIVE
MS002496,2026-08-26 07:27:55+00:00,S12,12,S11,,60.0,58.71,1,ACTIVE
MS002497,2026-08-26 07:28:00+00:00,S01,1,,S02,60.0,58.1,1,ACTIVE
MS002498,2026-08-26 07:28:05+00:00,S02,2,S01,S03,60.0,56.76,1,ACTIVE
MS002499,2026-08-26 07:28:10+00:00,S03,3,S02,S04,60.0,58.43,1,ACTIVE
MS002500,2026-08-26 07:28:15+00:00,S04,4,S03,S05,60.0,57.79,1,ACTIVE
MS002501,2026-08-26 07:28:20+00:00,S05,5,S04,S06,60.0,55.38,1,ACTIVE
MS002502,2026-08-26 07:28:25+00:00,S06,6,S05,S07,60.0,58.9,1,ACTIVE
MS002503,2026-08-26 07:28:30+00:00,S07,7,S06,S08,60.0,58.04,1,ACTIVE
MS002504,2026-08-26 07:28:35+00:00,S08,8,S07,S09,60.0,58.14,1,ACTIVE
MS002505,2026-08-26 07:28:40+00:00,S09,9,S08,S10,60.0,55.51,1,ACTIVE
MS002506,2026-08-26 07:28:45+00:00,S10,10,S09,S11,60.0,56.8,1,ACTIVE
MS002507,2026-08-26 07:28:50+00:00,S11,11,S10,S12,60.0,56.48,1,ACTIVE
MS002508,2026-08-26 07:28:55+00:00,S12,12,S11,,60.0,58.71,1,ACTIVE
MS002509,2026-08-26 07:29:00+00:00,S01,1,,S02,60.0,58.1,1,ACTIVE
MS002510,2026-08-26 07:29:05+00:00,S02,2,S01,S03,60.0,56.76,1,ACTIVE
MS002511,2026-08-26 07:29:10+00:00,S03,3,S02,S04,60.0,58.43,1,ACTIVE
MS002512,2026-08-26 07:29:15+00:00,S04,4,S03,S05,60.0,57.79,1,ACTIVE
MS002513,2026-08-26 07:29:20+00:00,S05,5,S04,S06,60.0,55.38,1,ACTIVE
MS002514,2026-08-26 07:29:25+00:00,S06,6,S05,S07,60.0,58.9,1,ACTIVE
MS002515,2026-08-26 07:29:30+00:00,S07,7,S06,S08,60.0,58.04,1,ACTIVE
MS002516,2026-08-26 07:29:35+00:00,S08,8,S07,S09,60.0,58.14,1,ACTIVE
MS002517,2026-08-26 07:29:40+00:00,S09,9,S08,S10,60.0,55.51,1,ACTIVE
MS002518,2026-08-26 07:29:45+00:00,S10,10,S09,S11,60.0,56.8,1,ACTIVE
MS002519,2026-08-26 07:29:50+00:00,S11,11,S10,S12,60.0,56.48,1,ACTIVE
MS002520,2026-08-26 07:29:55+00:00,S12,12,S11,,60.0,58.71,1,ACTIVE
MS002521,2026-08-26 07:30:00+00:00,S01,1,,S02,60.0,58.1,1,ACTIVE
MS002522,2026-08-26 07:30:05+00:00,S02,2,S01,S03,60.0,56.76,1,ACTIVE
MS002523,2026-08-26 07:30:10+00:00,S03,3,S02,S04,60.0,58.43,1,ACTIVE
MS002524,2026-08-26 07:30:15+00:00,S04,4,S03,S05,60.0,57.79,1,ACTIVE
MS002525,2026-08-26 07:30:20+00:00,S05,5,S04,S06,60.0,55.38,1,ACTIVE
MS002526,2026-08-26 07:30:25+00:00,S06,6,S05,S07,60.0,58.9,1,ACTIVE
MS002527,2026-08-26 07:30:30+00:00,S07,7,S06,S08,60.0,58.04,1,ACTIVE
MS002528,2026-08-26 07:30:35+00:00,S08,8,S07,S09,60.0,58.14,1,ACTIVE
MS002529,2026-08-26 07:30:40+00:00,S09,9,S08,S10,60.0,55.51,1,ACTIVE
MS002530,2026-08-26 07:30:45+00:00,S10,10,S09,S11,60.0,56.8,1,ACTIVE
MS002531,2026-08-26 07:30:50+00:00,S11,11,S10,S12,60.0,56.48,1,ACTIVE
MS002532,2026-08-26 07:30:55+00:00,S12,12,S11,,60.0,58.71,1,ACTIVE
MS002533,2026-08-26 07:31:00+00:00,S01,1,,S02,60.0,58.1,1,ACTIVE
MS002534,2026-08-26 07:31:05+00:00,S02,2,S01,S03,60.0,56.76,1,ACTIVE
MS002535,2026-08-26 07:31:10+00:00,S03,3,S02,S04,60.0,58.43,1,ACTIVE
MS002536,2026-08-26 07:31:15+00:00,S04,4,S03,S05,60.0,57.79,1,ACTIVE
MS002537,2026-08-26 07:31:20+00:00,S05,5,S04,S06,60.0,55.38,1,ACTIVE
MS002538,2026-08-26 07:31:25+00:00,S06,6,S05,S07,60.0,58.9,1,ACTIVE
MS002539,2026-08-26 07:31:30+00:00,S07,7,S06,S08,60.0,58.04,1,ACTIVE
MS002540,2026-08-26 07:31:35+00:00,S08,8,S07,S09,60.0,58.14,1,ACTIVE
MS002541,2026-08-26 07:31:40+00:00,S09,9,S08,S10,60.0,55.51,1,ACTIVE
MS002542,2026-08-26 07:31:45+00:00,S10,10,S09,S11,60.0,56.8,1,ACTIVE
MS002543,2026-08-26 07:31:50+00:00,S11,11,S10,S12,60.0,56.48,1,ACTIVE
MS002544,2026-08-26 07:31:55+00:00,S12,12,S11,,60.0,58.71,1,ACTIVE
MS002545,2026-08-26 07:32:00+00:00,S01,1,,S02,60.0,58.1,1,ACTIVE
MS002546,2026-08-26 07:32:05+00:00,S02,2,S01,S03,60.0,56.76,1,ACTIVE
MS002547,2026-08-26 07:32:10+00:00,S03,3,S02,S04,60.0,58.43,1,ACTIVE
MS002548,2026-08-26 07:32:15+00:00,S04,4,S03,S05,60.0,57.79,1,ACTIVE
MS002549,2026-08-26 07:32:20+00:00,S05,5,S04,S06,60.0,55.38,1,ACTIVE
MS002550,2026-08-26 07:32:25+00:00,S06,6,S05,S07,60.0,58.9,1,ACTIVE
MS002551,2026-08-26 07:32:30+00:00,S07,7,S06,S08,60.0,58.04,1,ACTIVE
MS002552,2026-08-26 07:32:35+00:00,S08,8,S07,S09,60.0,58.14,1,ACTIVE
MS002553,2026-08-26 07:32:40+00:00,S09,9,S08,S10,60.0,55.51,1,ACTIVE
MS002554,2026-08-26 07:32:45+00:00,S10,10,S09,S11,60.0,56.8,1,ACTIVE
MS002555,2026-08-26 07:32:50+00:00,S11,11,S10,S12,60.0,56.48,1,ACTIVE
MS002556,2026-08-26 07:32:55+00:00,S12,12,S11,,60.0,58.71,1,ACTIVE
MS002557,2026-08-26 07:33:00+00:00,S01,1,,S02,60.0,58.1,1,ACTIVE
MS002558,2026-08-26 07:33:05+00:00,S02,2,S01,S03,60.0,56.76,1,ACTIVE
MS002559,2026-08-26 07:33:10+00:00,S03,3,S02,S04,60.0,58.43,1,ACTIVE
MS002560,2026-08-26 07:33:15+00:00,S04,4,S03,S05,60.0,57.79,1,ACTIVE
MS002561,2026-08-26 07:33:20+00:00,S05,5,S04,S06,60.0,55.38,1,ACTIVE
MS002562,2026-08-26 07:33:25+00:00,S06,6,S05,S07,60.0,58.9,1,ACTIVE
MS002563,2026-08-26 07:33:30+00:00,S07,7,S06,S08,60.0,58.04,1,ACTIVE
MS002564,2026-08-26 07:33:35+00:00,S08,8,S07,S09,60.0,58.14,1,ACTIVE
MS002565,2026-08-26 07:33:40+00:00,S09,9,S08,S10,60.0,55.51,1,ACTIVE
MS002566,2026-08-26 07:33:45+00:00,S10,10,S09,S11,60.0,56.8,1,ACTIVE
MS002567,2026-08-26 07:33:50+00:00,S11,11,S10,S12,60.0,56.48,1,ACTIVE
MS002568,2026-08-26 07:33:55+00:00,S12,12,S11,,60.0,58.71,1,ACTIVE
MS002569,2026-08-26 07:34:00+00:00,S01,1,,S02,60.0,58.1,1,ACTIVE
MS002570,2026-08-26 07:34:05+00:00,S02,2,S01,S03,60.0,56.76,1,ACTIVE
MS002571,2026-08-26 07:34:10+00:00,S03,3,S02,S04,60.0,58.43,1,ACTIVE
MS002572,2026-08-26 07:34:15+00:00,S04,4,S03,S05,60.0,57.79,1,ACTIVE
MS002573,2026-08-26 07:34:20+00:00,S05,5,S04,S06,60.0,55.38,1,ACTIVE
MS002574,2026-08-26 07:34:25+00:00,S06,6,S05,S07,60.0,58.9,1,ACTIVE
MS002575,2026-08-26 07:34:30+00:00,S07,7,S06,S08,60.0,58.04,1,ACTIVE
MS002576,2026-08-26 07:34:35+00:00,S08,8,S07,S09,60.0,58.14,1,ACTIVE
MS002577,2026-08-26 07:34:40+00:00,S09,9,S08,S10,60.0,55.51,1,ACTIVE
MS002578,2026-08-26 07:34:45+00:00,S10,10,S09,S11,60.0,56.8,1,ACTIVE
MS002579,2026-08-26 07:34:50+00:00,S11,11,S10,S12,60.0,56.48,1,ACTIVE
MS002580,2026-08-26 07:34:55+00:00,S12,12,S11,,60.0,58.71,1,ACTIVE
MS002581,2026-08-26 07:35:00+00:00,S01,1,,S02,60.0,58.1,1,ACTIVE
MS002582,2026-08-26 07:35:05+00:00,S02,2,S01,S03,60.0,56.76,1,ACTIVE
MS002583,2026-08-26 07:35:10+00:00,S03,3,S02,S04,60.0,58.43,1,ACTIVE
MS002584,2026-08-26 07:35:15+00:00,S04,4,S03,S05,60.0,57.79,1,ACTIVE
MS002585,2026-08-26 07:35:20+00:00,S05,5,S04,S06,60.0,55.38,1,ACTIVE
MS002586,2026-08-26 07:35:25+00:00,S06,6,S05,S07,60.0,58.9,1,ACTIVE
MS002587,2026-08-26 07:35:30+00:00,S07,7,S06,S08,60.0,58.04,1,ACTIVE
MS002588,2026-08-26 07:35:35+00:00,S08,8,S07,S09,60.0,58.14,1,ACTIVE
MS002589,2026-08-26 07:35:40+00:00,S09,9,S08,S10,60.0,55.51,1,ACTIVE
MS002590,2026-08-26 07:35:45+00:00,S10,10,S09,S11,60.0,56.8,1,ACTIVE
MS002591,2026-08-26 07:35:50+00:00,S11,11,S10,S12,60.0,56.48,1,ACTIVE
MS002592,2026-08-26 07:35:55+00:00,S12,12,S11,,60.0,58.71,1,ACTIVE
MS002593,2026-08-26 07:36:00+00:00,S01,1,,S02,60.0,58.1,1,ACTIVE
MS002594,2026-08-26 07:36:05+00:00,S02,2,S01,S03,60.0,56.76,1,ACTIVE
MS002595,2026-08-26 07:36:10+00:00,S03,3,S02,S04,60.0,58.43,1,ACTIVE
MS002596,2026-08-26 07:36:15+00:00,S04,4,S03,S05,60.0,57.79,1,ACTIVE
MS002597,2026-08-26 07:36:20+00:00,S05,5,S04,S06,60.0,55.38,1,ACTIVE
MS002598,2026-08-26 07:36:25+00:00,S06,6,S05,S07,60.0,58.9,1,ACTIVE
MS002599,2026-08-26 07:36:30+00:00,S07,7,S06,S08,60.0,58.04,1,ACTIVE
MS002600,2026-08-26 07:36:35+00:00,S08,8,S07,S09,60.0,58.14,1,ACTIVE
MS002601,2026-08-26 07:36:40+00:00,S09,9,S08,S10,60.0,55.51,1,ACTIVE
MS002602,2026-08-26 07:36:45+00:00,S10,10,S09,S11,60.0,56.8,1,ACTIVE
MS002603,2026-08-26 07:36:50+00:00,S11,11,S10,S12,60.0,56.48,1,ACTIVE
MS002604,2026-08-26 07:36:55+00:00,S12,12,S11,,60.0,58.71,1,ACTIVE
MS002605,2026-08-26 07:37:00+00:00,S01,1,,S02,60.0,58.1,1,ACTIVE
MS002606,2026-08-26 07:37:05+00:00,S02,2,S01,S03,60.0,56.76,1,ACTIVE
MS002607,2026-08-26 07:37:10+00:00,S03,3,S02,S04,60.0,58.43,1,ACTIVE
MS002608,2026-08-26 07:37:15+00:00,S04,4,S03,S05,60.0,57.79,1,ACTIVE
MS002609,2026-08-26 07:37:20+00:00,S05,5,S04,S06,60.0,55.38,1,ACTIVE
MS002610,2026-08-26 07:37:25+00:00,S06,6,S05,S07,60.0,58.9,1,ACTIVE
MS002611,2026-08-26 07:37:30+00:00,S07,7,S06,S08,60.0,58.04,1,ACTIVE
MS002612,2026-08-26 07:37:35+00:00,S08,8,S07,S09,60.0,58.14,1,ACTIVE
MS002613,2026-08-26 07:37:40+00:00,S09,9,S08,S10,60.0,55.51,1,ACTIVE
MS002614,2026-08-26 07:37:45+00:00,S10,10,S09,S11,60.0,56.8,1,ACTIVE
MS002615,2026-08-26 07:37:50+00:00,S11,11,S10,S12,60.0,56.48,1,ACTIVE
MS002616,2026-08-26 07:37:55+00:00,S12,12,S11,,60.0,58.71,1,ACTIVE
MS002617,2026-08-26 07:38:00+00:00,S01,1,,S02,60.0,58.1,1,ACTIVE
MS002618,2026-08-26 07:38:05+00:00,S02,2,S01,S03,60.0,56.76,1,ACTIVE
MS002619,2026-08-26 07:38:10+00:00,S03,3,S02,S04,60.0,58.43,1,ACTIVE
MS002620,2026-08-26 07:38:15+00:00,S04,4,S03,S05,60.0,57.79,1,ACTIVE
MS002621,2026-08-26 07:38:20+00:00,S05,5,S04,S06,60.0,55.38,1,ACTIVE
MS002622,2026-08-26 07:38:25+00:00,S06,6,S05,S07,60.0,58.9,1,ACTIVE
MS002623,2026-08-26 07:38:30+00:00,S07,7,S06,S08,60.0,58.04,1,ACTIVE
MS002624,2026-08-26 07:38:35+00:00,S08,8,S07,S09,60.0,58.14,1,ACTIVE
MS002625,2026-08-26 07:38:40+00:00,S09,9,S08,S10,60.0,55.51,1,ACTIVE
MS002626,2026-08-26 07:38:45+00:00,S10,10,S09,S11,60.0,56.8,1,ACTIVE
MS002627,2026-08-26 07:38:50+00:00,S11,11,S10,S12,60.0,56.48,1,ACTIVE
MS002628,2026-08-26 07:38:55+00:00,S12,12,S11,,60.0,58.71,1,ACTIVE
MS002629,2026-08-26 07:39:00+00:00,S01,1,,S02,60.0,58.1,1,ACTIVE
MS002630,2026-08-26 07:39:05+00:00,S02,2,S01,S03,60.0,56.76,1,ACTIVE
MS002631,2026-08-26 07:39:10+00:00,S03,3,S02,S04,60.0,58.43,1,ACTIVE
MS002632,2026-08-26 07:39:15+00:00,S04,4,S03,S05,60.0,57.79,1,ACTIVE
MS002633,2026-08-26 07:39:20+00:00,S05,5,S04,S06,60.0,55.38,1,ACTIVE
MS002634,2026-08-26 07:39:25+00:00,S06,6,S05,S07,60.0,58.9,1,ACTIVE
MS002635,2026-08-26 07:39:30+00:00,S07,7,S06,S08,60.0,58.04,1,ACTIVE
MS002636,2026-08-26 07:39:35+00:00,S08,8,S07,S09,60.0,58.14,1,ACTIVE
MS002637,2026-08-26 07:39:40+00:00,S09,9,S08,S10,60.0,55.51,1,ACTIVE
MS002638,2026-08-26 07:39:45+00:00,S10,10,S09,S11,60.0,56.8,1,ACTIVE
MS002639,2026-08-26 07:39:50+00:00,S11,11,S10,S12,60.0,56.48,1,ACTIVE
MS002640,2026-08-26 07:39:55+00:00,S12,12,S11,,60.0,58.71,1,ACTIVE
MS002641,2026-08-26 07:40:00+00:00,S01,1,,S02,60.0,58.1,1,ACTIVE
MS002642,2026-08-26 07:40:05+00:00,S02,2,S01,S03,60.0,56.76,1,ACTIVE
MS002643,2026-08-26 07:40:10+00:00,S03,3,S02,S04,60.0,58.43,1,ACTIVE
MS002644,2026-08-26 07:40:15+00:00,S04,4,S03,S05,60.0,57.79,1,ACTIVE
MS002645,2026-08-26 07:40:20+00:00,S05,5,S04,S06,60.0,55.38,1,ACTIVE
MS002646,2026-08-26 07:40:25+00:00,S06,6,S05,S07,60.0,58.9,1,ACTIVE
MS002647,2026-08-26 07:40:30+00:00,S07,7,S06,S08,60.0,58.04,1,ACTIVE
MS002648,2026-08-26 07:40:35+00:00,S08,8,S07,S09,60.0,58.14,1,ACTIVE
MS002649,2026-08-26 07:40:40+00:00,S09,9,S08,S10,60.0,55.51,1,ACTIVE
MS002650,2026-08-26 07:40:45+00:00,S10,10,S09,S11,60.0,56.8,1,ACTIVE
MS002651,2026-08-26 07:40:50+00:00,S11,11,S10,S12,60.0,56.48,1,ACTIVE
MS002652,2026-08-26 07:40:55+00:00,S12,12,S11,,60.0,58.71,1,ACTIVE
MS002653,2026-08-26 07:41:00+00:00,S01,1,,S02,60.0,58.1,1,ACTIVE
MS002654,2026-08-26 07:41:05+00:00,S02,2,S01,S03,60.0,56.76,1,ACTIVE
MS002655,2026-08-26 07:41:10+00:00,S03,3,S02,S04,60.0,58.43,1,ACTIVE
MS002656,2026-08-26 07:41:15+00:00,S04,4,S03,S05,60.0,57.79,1,ACTIVE
MS002657,2026-08-26 07:41:20+00:00,S05,5,S04,S06,60.0,55.38,1,ACTIVE
MS002658,2026-08-26 07:41:25+00:00,S06,6,S05,S07,60.0,58.9,1,ACTIVE
MS002659,2026-08-26 07:41:30+00:00,S07,7,S06,S08,60.0,58.04,1,ACTIVE
MS002660,2026-08-26 07:41:35+00:00,S08,8,S07,S09,60.0,58.14,1,ACTIVE
MS002661,2026-08-26 07:41:40+00:00,S09,9,S08,S10,60.0,55.51,1,ACTIVE
MS002662,2026-08-26 07:41:45+00:00,S10,10,S09,S11,60.0,56.8,1,ACTIVE
MS002663,2026-08-26 07:41:50+00:00,S11,11,S10,S12,60.0,56.48,1,ACTIVE
MS002664,2026-08-26 07:41:55+00:00,S12,12,S11,,60.0,58.71,1,ACTIVE
MS002665,2026-08-26 07:42:00+00:00,S01,1,,S02,60.0,58.1,1,ACTIVE
MS002666,2026-08-26 07:42:05+00:00,S02,2,S01,S03,60.0,56.76,1,ACTIVE
MS002667,2026-08-26 07:42:10+00:00,S03,3,S02,S04,60.0,58.43,1,ACTIVE
MS002668,2026-08-26 07:42:15+00:00,S04,4,S03,S05,60.0,57.79,1,ACTIVE
MS002669,2026-08-26 07:42:20+00:00,S05,5,S04,S06,60.0,55.38,1,ACTIVE
MS002670,2026-08-26 07:42:25+00:00,S06,6,S05,S07,60.0,58.9,1,ACTIVE
MS002671,2026-08-26 07:42:30+00:00,S07,7,S06,S08,60.0,58.04,1,ACTIVE
MS002672,2026-08-26 07:42:35+00:00,S08,8,S07,S09,60.0,58.14,1,ACTIVE
MS002673,2026-08-26 07:42:40+00:00,S09,9,S08,S10,60.0,55.51,1,ACTIVE
MS002674,2026-08-26 07:42:45+00:00,S10,10,S09,S11,60.0,56.8,1,ACTIVE
MS002675,2026-08-26 07:42:50+00:00,S11,11,S10,S12,60.0,56.48,1,ACTIVE
MS002676,2026-08-26 07:42:55+00:00,S12,12,S11,,60.0,58.71,1,ACTIVE
MS002677,2026-08-26 07:43:00+00:00,S01,1,,S02,60.0,58.1,1,ACTIVE
MS002678,2026-08-26 07:43:05+00:00,S02,2,S01,S03,60.0,56.76,1,ACTIVE
MS002679,2026-08-26 07:43:10+00:00,S03,3,S02,S04,60.0,58.43,1,ACTIVE
MS002680,2026-08-26 07:43:15+00:00,S04,4,S03,S05,60.0,57.79,1,ACTIVE
MS002681,2026-08-26 07:43:20+00:00,S05,5,S04,S06,60.0,55.38,1,ACTIVE
MS002682,2026-08-26 07:43:25+00:00,S06,6,S05,S07,60.0,58.9,1,ACTIVE
MS002683,2026-08-26 07:43:30+00:00,S07,7,S06,S08,60.0,58.04,1,ACTIVE
MS002684,2026-08-26 07:43:35+00:00,S08,8,S07,S09,60.0,58.14,1,ACTIVE
MS002685,2026-08-26 07:43:40+00:00,S09,9,S08,S10,60.0,55.51,1,ACTIVE
MS002686,2026-08-26 07:43:45+00:00,S10,10,S09,S11,60.0,56.8,1,ACTIVE
MS002687,2026-08-26 07:43:50+00:00,S11,11,S10,S12,60.0,56.48,1,ACTIVE
MS002688,2026-08-26 07:43:55+00:00,S12,12,S11,,60.0,58.71,1,ACTIVE
MS002689,2026-08-26 07:44:00+00:00,S01,1,,S02,60.0,58.1,1,ACTIVE
MS002690,2026-08-26 07:44:05+00:00,S02,2,S01,S03,60.0,56.76,1,ACTIVE
MS002691,2026-08-26 07:44:10+00:00,S03,3,S02,S04,60.0,58.43,1,ACTIVE
MS002692,2026-08-26 07:44:15+00:00,S04,4,S03,S05,60.0,57.79,1,ACTIVE
MS002693,2026-08-26 07:44:20+00:00,S05,5,S04,S06,60.0,55.38,1,ACTIVE
MS002694,2026-08-26 07:44:25+00:00,S06,6,S05,S07,60.0,58.9,1,ACTIVE
MS002695,2026-08-26 07:44:30+00:00,S07,7,S06,S08,60.0,58.04,1,ACTIVE
MS002696,2026-08-26 07:44:35+00:00,S08,8,S07,S09,60.0,58.14,1,ACTIVE
MS002697,2026-08-26 07:44:40+00:00,S09,9,S08,S10,60.0,55.51,1,ACTIVE
MS002698,2026-08-26 07:44:45+00:00,S10,10,S09,S11,60.0,56.8,1,ACTIVE
MS002699,2026-08-26 07:44:50+00:00,S11,11,S10,S12,60.0,56.48,1,ACTIVE
MS002700,2026-08-26 07:44:55+00:00,S12,12,S11,,60.0,58.71,1,ACTIVE
MS002701,2026-08-26 07:45:00+00:00,S01,1,,S02,60.0,58.1,1,ACTIVE
MS002702,2026-08-26 07:45:05+00:00,S02,2,S01,S03,60.0,56.76,1,ACTIVE
MS002703,2026-08-26 07:45:10+00:00,S03,3,S02,S04,60.0,58.43,1,ACTIVE
MS002704,2026-08-26 07:45:15+00:00,S04,4,S03,S05,60.0,57.79,1,ACTIVE
MS002705,2026-08-26 07:45:20+00:00,S05,5,S04,S06,60.0,55.38,1,ACTIVE
MS002706,2026-08-26 07:45:25+00:00,S06,6,S05,S07,60.0,58.9,1,ACTIVE
MS002707,2026-08-26 07:45:30+00:00,S07,7,S06,S08,60.0,58.04,1,ACTIVE
MS002708,2026-08-26 07:45:35+00:00,S08,8,S07,S09,60.0,58.14,1,ACTIVE
MS002709,2026-08-26 07:45:40+00:00,S09,9,S08,S10,60.0,55.51,1,ACTIVE
MS002710,2026-08-26 07:45:45+00:00,S10,10,S09,S11,60.0,56.8,1,ACTIVE
MS002711,2026-08-26 07:45:50+00:00,S11,11,S10,S12,60.0,56.48,1,ACTIVE
MS002712,2026-08-26 07:45:55+00:00,S12,12,S11,,60.0,58.71,1,ACTIVE
MS002713,2026-08-26 07:46:00+00:00,S01,1,,S02,60.0,58.1,1,ACTIVE
MS002714,2026-08-26 07:46:05+00:00,S02,2,S01,S03,60.0,56.76,1,ACTIVE
MS002715,2026-08-26 07:46:10+00:00,S03,3,S02,S04,60.0,58.43,1,ACTIVE
MS002716,2026-08-26 07:46:15+00:00,S04,4,S03,S05,60.0,57.79,1,ACTIVE
MS002717,2026-08-26 07:46:20+00:00,S05,5,S04,S06,60.0,55.38,1,ACTIVE
MS002718,2026-08-26 07:46:25+00:00,S06,6,S05,S07,60.0,58.9,1,ACTIVE
MS002719,2026-08-26 07:46:30+00:00,S07,7,S06,S08,60.0,58.04,1,ACTIVE
MS002720,2026-08-26 07:46:35+00:00,S08,8,S07,S09,60.0,58.14,1,ACTIVE
MS002721,2026-08-26 07:46:40+00:00,S09,9,S08,S10,60.0,55.51,1,ACTIVE
MS002722,2026-08-26 07:46:45+00:00,S10,10,S09,S11,60.0,56.8,1,ACTIVE
MS002723,2026-08-26 07:46:50+00:00,S11,11,S10,S12,60.0,56.48,1,ACTIVE
MS002724,2026-08-26 07:46:55+00:00,S12,12,S11,,60.0,58.71,1,ACTIVE
MS002725,2026-08-26 07:47:00+00:00,S01,1,,S02,60.0,58.1,1,ACTIVE
MS002726,2026-08-26 07:47:05+00:00,S02,2,S01,S03,60.0,56.76,1,ACTIVE
MS002727,2026-08-26 07:47:10+00:00,S03,3,S02,S04,60.0,58.43,1,ACTIVE
MS002728,2026-08-26 07:47:15+00:00,S04,4,S03,S05,60.0,57.79,1,ACTIVE
MS002729,2026-08-26 07:47:20+00:00,S05,5,S04,S06,60.0,55.38,1,ACTIVE
MS002730,2026-08-26 07:47:25+00:00,S06,6,S05,S07,60.0,58.9,1,ACTIVE
MS002731,2026-08-26 07:47:30+00:00,S07,7,S06,S08,60.0,58.04,1,ACTIVE
MS002732,2026-08-26 07:47:35+00:00,S08,8,S07,S09,60.0,58.14,1,ACTIVE
MS002733,2026-08-26 07:47:40+00:00,S09,9,S08,S10,60.0,55.51,1,ACTIVE
MS002734,2026-08-26 07:47:45+00:00,S10,10,S09,S11,60.0,56.8,1,ACTIVE
MS002735,2026-08-26 07:47:50+00:00,S11,11,S10,S12,60.0,56.48,1,ACTIVE
MS002736,2026-08-26 07:47:55+00:00,S12,12,S11,,60.0,58.71,1,ACTIVE
MS002737,2026-08-26 07:48:00+00:00,S01,1,,S02,60.0,58.1,1,ACTIVE
MS002738,2026-08-26 07:48:05+00:00,S02,2,S01,S03,60.0,56.76,1,ACTIVE
MS002739,2026-08-26 07:48:10+00:00,S03,3,S02,S04,60.0,58.43,1,ACTIVE
MS002740,2026-08-26 07:48:15+00:00,S04,4,S03,S05,60.0,57.79,1,ACTIVE
MS002741,2026-08-26 07:48:20+00:00,S05,5,S04,S06,60.0,55.38,1,ACTIVE
MS002742,2026-08-26 07:48:25+00:00,S06,6,S05,S07,60.0,58.9,1,ACTIVE
MS002743,2026-08-26 07:48:30+00:00,S07,7,S06,S08,60.0,58.04,1,ACTIVE
MS002744,2026-08-26 07:48:35+00:00,S08,8,S07,S09,60.0,58.14,1,ACTIVE
MS002745,2026-08-26 07:48:40+00:00,S09,9,S08,S10,60.0,55.51,1,ACTIVE
MS002746,2026-08-26 07:48:45+00:00,S10,10,S09,S11,60.0,56.8,1,ACTIVE
MS002747,2026-08-26 07:48:50+00:00,S11,11,S10,S12,60.0,56.48,1,ACTIVE
MS002748,2026-08-26 07:48:55+00:00,S12,12,S11,,60.0,58.71,1,ACTIVE
MS002749,2026-08-26 07:49:00+00:00,S01,1,,S02,60.0,58.1,1,ACTIVE
MS002750,2026-08-26 07:49:05+00:00,S02,2,S01,S03,60.0,56.76,1,ACTIVE
MS002751,2026-08-26 07:49:10+00:00,S03,3,S02,S04,60.0,58.43,1,ACTIVE
MS002752,2026-08-26 07:49:15+00:00,S04,4,S03,S05,60.0,57.79,1,ACTIVE
MS002753,2026-08-26 07:49:20+00:00,S05,5,S04,S06,60.0,55.38,1,ACTIVE
MS002754,2026-08-26 07:49:25+00:00,S06,6,S05,S07,60.0,58.9,1,ACTIVE
MS002755,2026-08-26 07:49:30+00:00,S07,7,S06,S08,60.0,58.04,1,ACTIVE
MS002756,2026-08-26 07:49:35+00:00,S08,8,S07,S09,60.0,58.14,1,ACTIVE
MS002757,2026-08-26 07:49:40+00:00,S09,9,S08,S10,60.0,55.51,1,ACTIVE
MS002758,2026-08-26 07:49:45+00:00,S10,10,S09,S11,60.0,56.8,1,ACTIVE
MS002759,2026-08-26 07:49:50+00:00,S11,11,S10,S12,60.0,56.48,1,ACTIVE
MS002760,2026-08-26 07:49:55+00:00,S12,12,S11,,60.0,58.71,1,ACTIVE
MS002761,2026-08-26 07:50:00+00:00,S01,1,,S02,60.0,58.1,1,ACTIVE
MS002762,2026-08-26 07:50:05+00:00,S02,2,S01,S03,60.0,56.76,1,ACTIVE
MS002763,2026-08-26 07:50:10+00:00,S03,3,S02,S04,60.0,58.43,1,ACTIVE
MS002764,2026-08-26 07:50:15+00:00,S04,4,S03,S05,60.0,57.79,1,ACTIVE
MS002765,2026-08-26 07:50:20+00:00,S05,5,S04,S06,60.0,55.38,1,ACTIVE
MS002766,2026-08-26 07:50:25+00:00,S06,6,S05,S07,60.0,58.9,1,ACTIVE
MS002767,2026-08-26 07:50:30+00:00,S07,7,S06,S08,60.0,58.04,1,ACTIVE
MS002768,2026-08-26 07:50:35+00:00,S08,8,S07,S09,60.0,58.14,1,ACTIVE
MS002769,2026-08-26 07:50:40+00:00,S09,9,S08,S10,60.0,55.51,1,ACTIVE
MS002770,2026-08-26 07:50:45+00:00,S10,10,S09,S11,60.0,56.8,1,ACTIVE
MS002771,2026-08-26 07:50:50+00:00,S11,11,S10,S12,60.0,56.48,1,ACTIVE
MS002772,2026-08-26 07:50:55+00:00,S12,12,S11,,60.0,58.71,1,ACTIVE
MS002773,2026-08-26 07:51:00+00:00,S01,1,,S02,60.0,58.1,1,ACTIVE
MS002774,2026-08-26 07:51:05+00:00,S02,2,S01,S03,60.0,56.76,1,ACTIVE
MS002775,2026-08-26 07:51:10+00:00,S03,3,S02,S04,60.0,58.43,1,ACTIVE
MS002776,2026-08-26 07:51:15+00:00,S04,4,S03,S05,60.0,57.79,1,ACTIVE
MS002777,2026-08-26 07:51:20+00:00,S05,5,S04,S06,60.0,55.38,1,ACTIVE
MS002778,2026-08-26 07:51:25+00:00,S06,6,S05,S07,60.0,58.9,1,ACTIVE
MS002779,2026-08-26 07:51:30+00:00,S07,7,S06,S08,60.0,58.04,1,ACTIVE
MS002780,2026-08-26 07:51:35+00:00,S08,8,S07,S09,60.0,58.14,1,ACTIVE
MS002781,2026-08-26 07:51:40+00:00,S09,9,S08,S10,60.0,55.51,1,ACTIVE
MS002782,2026-08-26 07:51:45+00:00,S10,10,S09,S11,60.0,56.8,1,ACTIVE
MS002783,2026-08-26 07:51:50+00:00,S11,11,S10,S12,60.0,56.48,1,ACTIVE
MS002784,2026-08-26 07:51:55+00:00,S12,12,S11,,60.0,58.71,1,ACTIVE
MS002785,2026-08-26 07:52:00+00:00,S01,1,,S02,60.0,58.1,1,ACTIVE
MS002786,2026-08-26 07:52:05+00:00,S02,2,S01,S03,60.0,56.76,1,ACTIVE
MS002787,2026-08-26 07:52:10+00:00,S03,3,S02,S04,60.0,58.43,1,ACTIVE
MS002788,2026-08-26 07:52:15+00:00,S04,4,S03,S05,60.0,57.79,1,ACTIVE
MS002789,2026-08-26 07:52:20+00:00,S05,5,S04,S06,60.0,55.38,1,ACTIVE
MS002790,2026-08-26 07:52:25+00:00,S06,6,S05,S07,60.0,58.9,1,ACTIVE
MS002791,2026-08-26 07:52:30+00:00,S07,7,S06,S08,60.0,58.04,1,ACTIVE
MS002792,2026-08-26 07:52:35+00:00,S08,8,S07,S09,60.0,58.14,1,ACTIVE
MS002793,2026-08-26 07:52:40+00:00,S09,9,S08,S10,60.0,55.51,1,ACTIVE
MS002794,2026-08-26 07:52:45+00:00,S10,10,S09,S11,60.0,56.8,1,ACTIVE
MS002795,2026-08-26 07:52:50+00:00,S11,11,S10,S12,60.0,56.48,1,ACTIVE
MS002796,2026-08-26 07:52:55+00:00,S12,12,S11,,60.0,58.71,1,ACTIVE
MS002797,2026-08-26 07:53:00+00:00,S01,1,,S02,60.0,58.1,1,ACTIVE
MS002798,2026-08-26 07:53:05+00:00,S02,2,S01,S03,60.0,56.76,1,ACTIVE
MS002799,2026-08-26 07:53:10+00:00,S03,3,S02,S04,60.0,58.43,1,ACTIVE
MS002800,2026-08-26 07:53:15+00:00,S04,4,S03,S05,60.0,57.79,1,ACTIVE
MS002801,2026-08-26 07:53:20+00:00,S05,5,S04,S06,60.0,55.38,1,ACTIVE
MS002802,2026-08-26 07:53:25+00:00,S06,6,S05,S07,60.0,58.9,1,ACTIVE
MS002803,2026-08-26 07:53:30+00:00,S07,7,S06,S08,60.0,58.04,1,ACTIVE
MS002804,2026-08-26 07:53:35+00:00,S08,8,S07,S09,60.0,58.14,1,ACTIVE
MS002805,2026-08-26 07:53:40+00:00,S09,9,S08,S10,60.0,55.51,1,ACTIVE
MS002806,2026-08-26 07:53:45+00:00,S10,10,S09,S11,60.0,56.8,1,ACTIVE
MS002807,2026-08-26 07:53:50+00:00,S11,11,S10,S12,60.0,56.48,1,ACTIVE
MS002808,2026-08-26 07:53:55+00:00,S12,12,S11,,60.0,58.71,1,ACTIVE
MS002809,2026-08-26 07:54:00+00:00,S01,1,,S02,60.0,58.1,1,ACTIVE
MS002810,2026-08-26 07:54:05+00:00,S02,2,S01,S03,60.0,56.76,1,ACTIVE
MS002811,2026-08-26 07:54:10+00:00,S03,3,S02,S04,60.0,58.43,1,ACTIVE
MS002812,2026-08-26 07:54:15+00:00,S04,4,S03,S05,60.0,57.79,1,ACTIVE
MS002813,2026-08-26 07:54:20+00:00,S05,5,S04,S06,60.0,55.38,1,ACTIVE
MS002814,2026-08-26 07:54:25+00:00,S06,6,S05,S07,60.0,58.9,1,ACTIVE
MS002815,2026-08-26 07:54:30+00:00,S07,7,S06,S08,60.0,58.04,1,ACTIVE
MS002816,2026-08-26 07:54:35+00:00,S08,8,S07,S09,60.0,58.14,1,ACTIVE
MS002817,2026-08-26 07:54:40+00:00,S09,9,S08,S10,60.0,55.51,1,ACTIVE
MS002818,2026-08-26 07:54:45+00:00,S10,10,S09,S11,60.0,56.8,1,ACTIVE
MS002819,2026-08-26 07:54:50+00:00,S11,11,S10,S12,60.0,56.48,1,ACTIVE
MS002820,2026-08-26 07:54:55+00:00,S12,12,S11,,60.0,58.71,1,ACTIVE
MS002821,2026-08-26 07:55:00+00:00,S01,1,,S02,60.0,58.1,1,ACTIVE
MS002822,2026-08-26 07:55:05+00:00,S02,2,S01,S03,60.0,56.76,1,ACTIVE
MS002823,2026-08-26 07:55:10+00:00,S03,3,S02,S04,60.0,58.43,1,ACTIVE
MS002824,2026-08-26 07:55:15+00:00,S04,4,S03,S05,60.0,57.79,1,ACTIVE
MS002825,2026-08-26 07:55:20+00:00,S05,5,S04,S06,60.0,55.38,1,ACTIVE
MS002826,2026-08-26 07:55:25+00:00,S06,6,S05,S07,60.0,58.9,1,ACTIVE
MS002827,2026-08-26 07:55:30+00:00,S07,7,S06,S08,60.0,58.04,1,ACTIVE
MS002828,2026-08-26 07:55:35+00:00,S08,8,S07,S09,60.0,58.14,1,ACTIVE
MS002829,2026-08-26 07:55:40+00:00,S09,9,S08,S10,60.0,55.51,1,ACTIVE
MS002830,2026-08-26 07:55:45+00:00,S10,10,S09,S11,60.0,56.8,1,ACTIVE
MS002831,2026-08-26 07:55:50+00:00,S11,11,S10,S12,60.0,56.48,1,ACTIVE
MS002832,2026-08-26 07:55:55+00:00,S12,12,S11,,60.0,58.71,1,ACTIVE
MS002833,2026-08-26 07:56:00+00:00,S01,1,,S02,60.0,58.1,1,ACTIVE
MS002834,2026-08-26 07:56:05+00:00,S02,2,S01,S03,60.0,56.76,1,ACTIVE
MS002835,2026-08-26 07:56:10+00:00,S03,3,S02,S04,60.0,58.43,1,ACTIVE
MS002836,2026-08-26 07:56:15+00:00,S04,4,S03,S05,60.0,57.79,1,ACTIVE
MS002837,2026-08-26 07:56:20+00:00,S05,5,S04,S06,60.0,55.38,1,ACTIVE
MS002838,2026-08-26 07:56:25+00:00,S06,6,S05,S07,60.0,58.9,1,ACTIVE
MS002839,2026-08-26 07:56:30+00:00,S07,7,S06,S08,60.0,58.04,1,ACTIVE
MS002840,2026-08-26 07:56:35+00:00,S08,8,S07,S09,60.0,58.14,1,ACTIVE
MS002841,2026-08-26 07:56:40+00:00,S09,9,S08,S10,60.0,55.51,1,ACTIVE
MS002842,2026-08-26 07:56:45+00:00,S10,10,S09,S11,60.0,56.8,1,ACTIVE
MS002843,2026-08-26 07:56:50+00:00,S11,11,S10,S12,60.0,56.48,1,ACTIVE
MS002844,2026-08-26 07:56:55+00:00,S12,12,S11,,60.0,58.71,1,ACTIVE
MS002845,2026-08-26 07:57:00+00:00,S01,1,,S02,60.0,58.1,1,ACTIVE
MS002846,2026-08-26 07:57:05+00:00,S02,2,S01,S03,60.0,56.76,1,ACTIVE
MS002847,2026-08-26 07:57:10+00:00,S03,3,S02,S04,60.0,58.43,1,ACTIVE
MS002848,2026-08-26 07:57:15+00:00,S04,4,S03,S05,60.0,57.79,1,ACTIVE
MS002849,2026-08-26 07:57:20+00:00,S05,5,S04,S06,60.0,55.38,1,ACTIVE
MS002850,2026-08-26 07:57:25+00:00,S06,6,S05,S07,60.0,58.9,1,ACTIVE
MS002851,2026-08-26 07:57:30+00:00,S07,7,S06,S08,60.0,58.04,1,ACTIVE
MS002852,2026-08-26 07:57:35+00:00,S08,8,S07,S09,60.0,58.14,1,ACTIVE
MS002853,2026-08-26 07:57:40+00:00,S09,9,S08,S10,60.0,55.51,1,ACTIVE
MS002854,2026-08-26 07:57:45+00:00,S10,10,S09,S11,60.0,56.8,1,ACTIVE
MS002855,2026-08-26 07:57:50+00:00,S11,11,S10,S12,60.0,56.48,1,ACTIVE
MS002856,2026-08-26 07:57:55+00:00,S12,12,S11,,60.0,58.71,1,ACTIVE
MS002857,2026-08-26 07:58:00+00:00,S01,1,,S02,60.0,58.1,1,ACTIVE
MS002858,2026-08-26 07:58:05+00:00,S02,2,S01,S03,60.0,56.76,1,ACTIVE
MS002859,2026-08-26 07:58:10+00:00,S03,3,S02,S04,60.0,58.43,1,ACTIVE
MS002860,2026-08-26 07:58:15+00:00,S04,4,S03,S05,60.0,57.79,1,ACTIVE
MS002861,2026-08-26 07:58:20+00:00,S05,5,S04,S06,60.0,55.38,1,ACTIVE
MS002862,2026-08-26 07:58:25+00:00,S06,6,S05,S07,60.0,58.9,1,ACTIVE
MS002863,2026-08-26 07:58:30+00:00,S07,7,S06,S08,60.0,58.04,1,ACTIVE
MS002864,2026-08-26 07:58:35+00:00,S08,8,S07,S09,60.0,58.14,1,ACTIVE
MS002865,2026-08-26 07:58:40+00:00,S09,9,S08,S10,60.0,55.51,1,ACTIVE
MS002866,2026-08-26 07:58:45+00:00,S10,10,S09,S11,60.0,56.8,1,ACTIVE
MS002867,2026-08-26 07:58:50+00:00,S11,11,S10,S12,60.0,56.48,1,ACTIVE
MS002868,2026-08-26 07:58:55+00:00,S12,12,S11,,60.0,58.71,1,ACTIVE
MS002869,2026-08-26 07:59:00+00:00,S01,1,,S02,60.0,58.1,1,ACTIVE
MS002870,2026-08-26 07:59:05+00:00,S02,2,S01,S03,60.0,56.76,1,ACTIVE
MS002871,2026-08-26 07:59:10+00:00,S03,3,S02,S04,60.0,58.43,1,ACTIVE
MS002872,2026-08-26 07:59:15+00:00,S04,4,S03,S05,60.0,57.79,1,ACTIVE
MS002873,2026-08-26 07:59:20+00:00,S05,5,S04,S06,60.0,55.38,1,ACTIVE
MS002874,2026-08-26 07:59:25+00:00,S06,6,S05,S07,60.0,58.9,1,ACTIVE
MS002875,2026-08-26 07:59:30+00:00,S07,7,S06,S08,60.0,58.04,1,ACTIVE
MS002876,2026-08-26 07:59:35+00:00,S08,8,S07,S09,60.0,58.14,1,ACTIVE
MS002877,2026-08-26 07:59:40+00:00,S09,9,S08,S10,60.0,55.51,1,ACTIVE
MS002878,2026-08-26 07:59:45+00:00,S10,10,S09,S11,60.0,56.8,1,ACTIVE
MS002879,2026-08-26 07:59:50+00:00,S11,11,S10,S12,60.0,56.48,1,ACTIVE
MS002880,2026-08-26 07:59:55+00:00,S12,12,S11,,60.0,58.71,1,ACTIVE
MS002881,2026-08-26 08:00:00+00:00,S01,1,,S02,60.0,58.1,1,ACTIVE
MS002882,2026-08-26 08:00:05+00:00,S02,2,S01,S03,60.0,56.76,1,ACTIVE
MS002883,2026-08-26 08:00:10+00:00,S03,3,S02,S04,60.0,58.43,1,ACTIVE
MS002884,2026-08-26 08:00:15+00:00,S04,4,S03,S05,60.0,57.79,1,ACTIVE
MS002885,2026-08-26 08:00:20+00:00,S05,5,S04,S06,60.0,55.38,1,ACTIVE
MS002886,2026-08-26 08:00:25+00:00,S06,6,S05,S07,60.0,58.9,1,ACTIVE
MS002887,2026-08-26 08:00:30+00:00,S07,7,S06,S08,60.0,58.04,1,ACTIVE
MS002888,2026-08-26 08:00:35+00:00,S08,8,S07,S09,60.0,58.14,1,ACTIVE
MS002889,2026-08-26 08:00:40+00:00,S09,9,S08,S10,60.0,55.51,1,ACTIVE
MS002890,2026-08-26 08:00:45+00:00,S10,10,S09,S11,60.0,56.8,1,ACTIVE
MS002891,2026-08-26 08:00:50+00:00,S11,11,S10,S12,60.0,56.48,1,ACTIVE
MS002892,2026-08-26 08:00:55+00:00,S12,12,S11,,60.0,58.71,1,ACTIVE
MS002893,2026-08-26 08:01:00+00:00,S01,1,,S02,60.0,58.1,1,ACTIVE
MS002894,2026-08-26 08:01:05+00:00,S02,2,S01,S03,60.0,56.76,1,ACTIVE
MS002895,2026-08-26 08:01:10+00:00,S03,3,S02,S04,60.0,58.43,1,ACTIVE
MS002896,2026-08-26 08:01:15+00:00,S04,4,S03,S05,60.0,57.79,1,ACTIVE
MS002897,2026-08-26 08:01:20+00:00,S05,5,S04,S06,60.0,55.38,1,ACTIVE
MS002898,2026-08-26 08:01:25+00:00,S06,6,S05,S07,60.0,58.9,1,ACTIVE
MS002899,2026-08-26 08:01:30+00:00,S07,7,S06,S08,60.0,58.04,1,ACTIVE
MS002900,2026-08-26 08:01:35+00:00,S08,8,S07,S09,60.0,58.14,1,ACTIVE
MS002901,2026-08-26 08:01:40+00:00,S09,9,S08,S10,60.0,55.51,1,ACTIVE
MS002902,2026-08-26 08:01:45+00:00,S10,10,S09,S11,60.0,56.8,1,ACTIVE
MS002903,2026-08-26 08:01:50+00:00,S11,11,S10,S12,60.0,56.48,1,ACTIVE
MS002904,2026-08-26 08:01:55+00:00,S12,12,S11,,60.0,58.71,1,ACTIVE
MS002905,2026-08-26 08:02:00+00:00,S01,1,,S02,60.0,58.1,1,ACTIVE
MS002906,2026-08-26 08:02:05+00:00,S02,2,S01,S03,60.0,56.76,1,ACTIVE
MS002907,2026-08-26 08:02:10+00:00,S03,3,S02,S04,60.0,58.43,1,ACTIVE
MS002908,2026-08-26 08:02:15+00:00,S04,4,S03,S05,60.0,57.79,1,ACTIVE
MS002909,2026-08-26 08:02:20+00:00,S05,5,S04,S06,60.0,55.38,1,ACTIVE
MS002910,2026-08-26 08:02:25+00:00,S06,6,S05,S07,60.0,58.9,1,ACTIVE
MS002911,2026-08-26 08:02:30+00:00,S07,7,S06,S08,60.0,58.04,1,ACTIVE
MS002912,2026-08-26 08:02:35+00:00,S08,8,S07,S09,60.0,58.14,1,ACTIVE
MS002913,2026-08-26 08:02:40+00:00,S09,9,S08,S10,60.0,55.51,1,ACTIVE
MS002914,2026-08-26 08:02:45+00:00,S10,10,S09,S11,60.0,56.8,1,ACTIVE
MS002915,2026-08-26 08:02:50+00:00,S11,11,S10,S12,60.0,56.48,1,ACTIVE
MS002916,2026-08-26 08:02:55+00:00,S12,12,S11,,60.0,58.71,1,ACTIVE
MS002917,2026-08-26 08:03:00+00:00,S01,1,,S02,60.0,58.1,1,ACTIVE
MS002918,2026-08-26 08:03:05+00:00,S02,2,S01,S03,60.0,56.76,1,ACTIVE
MS002919,2026-08-26 08:03:10+00:00,S03,3,S02,S04,60.0,58.43,1,ACTIVE
MS002920,2026-08-26 08:03:15+00:00,S04,4,S03,S05,60.0,57.79,1,ACTIVE
MS002921,2026-08-26 08:03:20+00:00,S05,5,S04,S06,60.0,55.38,1,ACTIVE
MS002922,2026-08-26 08:03:25+00:00,S06,6,S05,S07,60.0,58.9,1,ACTIVE
MS002923,2026-08-26 08:03:30+00:00,S07,7,S06,S08,60.0,58.04,1,ACTIVE
MS002924,2026-08-26 08:03:35+00:00,S08,8,S07,S09,60.0,58.14,1,ACTIVE
MS002925,2026-08-26 08:03:40+00:00,S09,9,S08,S10,60.0,55.51,1,ACTIVE
MS002926,2026-08-26 08:03:45+00:00,S10,10,S09,S11,60.0,56.8,1,ACTIVE
MS002927,2026-08-26 08:03:50+00:00,S11,11,S10,S12,60.0,56.48,1,ACTIVE
MS002928,2026-08-26 08:03:55+00:00,S12,12,S11,,60.0,58.71,1,ACTIVE
MS002929,2026-08-26 08:04:00+00:00,S01,1,,S02,60.0,58.1,1,ACTIVE
MS002930,2026-08-26 08:04:05+00:00,S02,2,S01,S03,60.0,56.76,1,ACTIVE
MS002931,2026-08-26 08:04:10+00:00,S03,3,S02,S04,60.0,58.43,1,ACTIVE
MS002932,2026-08-26 08:04:15+00:00,S04,4,S03,S05,60.0,57.79,1,ACTIVE
MS002933,2026-08-26 08:04:20+00:00,S05,5,S04,S06,60.0,55.38,1,ACTIVE
MS002934,2026-08-26 08:04:25+00:00,S06,6,S05,S07,60.0,58.9,1,ACTIVE
MS002935,2026-08-26 08:04:30+00:00,S07,7,S06,S08,60.0,58.04,1,ACTIVE
MS002936,2026-08-26 08:04:35+00:00,S08,8,S07,S09,60.0,58.14,1,ACTIVE
MS002937,2026-08-26 08:04:40+00:00,S09,9,S08,S10,60.0,55.51,1,ACTIVE
MS002938,2026-08-26 08:04:45+00:00,S10,10,S09,S11,60.0,56.8,1,ACTIVE
MS002939,2026-08-26 08:04:50+00:00,S11,11,S10,S12,60.0,56.48,1,ACTIVE
MS002940,2026-08-26 08:04:55+00:00,S12,12,S11,,60.0,58.71,1,ACTIVE
MS002941,2026-08-26 08:05:00+00:00,S01,1,,S02,60.0,58.1,1,ACTIVE
MS002942,2026-08-26 08:05:05+00:00,S02,2,S01,S03,60.0,56.76,1,ACTIVE
MS002943,2026-08-26 08:05:10+00:00,S03,3,S02,S04,60.0,58.43,1,ACTIVE
MS002944,2026-08-26 08:05:15+00:00,S04,4,S03,S05,60.0,57.79,1,ACTIVE
MS002945,2026-08-26 08:05:20+00:00,S05,5,S04,S06,60.0,55.38,1,ACTIVE
MS002946,2026-08-26 08:05:25+00:00,S06,6,S05,S07,60.0,58.9,1,ACTIVE
MS002947,2026-08-26 08:05:30+00:00,S07,7,S06,S08,60.0,58.04,1,ACTIVE
MS002948,2026-08-26 08:05:35+00:00,S08,8,S07,S09,60.0,58.14,1,ACTIVE
MS002949,2026-08-26 08:05:40+00:00,S09,9,S08,S10,60.0,55.51,1,ACTIVE
MS002950,2026-08-26 08:05:45+00:00,S10,10,S09,S11,60.0,56.8,1,ACTIVE
MS002951,2026-08-26 08:05:50+00:00,S11,11,S10,S12,60.0,56.48,1,ACTIVE
MS002952,2026-08-26 08:05:55+00:00,S12,12,S11,,60.0,58.71,1,ACTIVE
MS002953,2026-08-26 08:06:00+00:00,S01,1,,S02,60.0,58.1,1,ACTIVE
MS002954,2026-08-26 08:06:05+00:00,S02,2,S01,S03,60.0,56.76,1,ACTIVE
MS002955,2026-08-26 08:06:10+00:00,S03,3,S02,S04,60.0,58.43,1,ACTIVE
MS002956,2026-08-26 08:06:15+00:00,S04,4,S03,S05,60.0,57.79,1,ACTIVE
MS002957,2026-08-26 08:06:20+00:00,S05,5,S04,S06,60.0,55.38,1,ACTIVE
MS002958,2026-08-26 08:06:25+00:00,S06,6,S05,S07,60.0,58.9,1,ACTIVE
MS002959,2026-08-26 08:06:30+00:00,S07,7,S06,S08,60.0,58.04,1,ACTIVE
MS002960,2026-08-26 08:06:35+00:00,S08,8,S07,S09,60.0,58.14,1,ACTIVE
MS002961,2026-08-26 08:06:40+00:00,S09,9,S08,S10,60.0,55.51,1,ACTIVE
MS002962,2026-08-26 08:06:45+00:00,S10,10,S09,S11,60.0,56.8,1,ACTIVE
MS002963,2026-08-26 08:06:50+00:00,S11,11,S10,S12,60.0,56.48,1,ACTIVE
MS002964,2026-08-26 08:06:55+00:00,S12,12,S11,,60.0,58.71,1,ACTIVE
MS002965,2026-08-26 08:07:00+00:00,S01,1,,S02,60.0,58.1,1,ACTIVE
MS002966,2026-08-26 08:07:05+00:00,S02,2,S01,S03,60.0,56.76,1,ACTIVE
MS002967,2026-08-26 08:07:10+00:00,S03,3,S02,S04,60.0,58.43,1,ACTIVE
MS002968,2026-08-26 08:07:15+00:00,S04,4,S03,S05,60.0,57.79,1,ACTIVE
MS002969,2026-08-26 08:07:20+00:00,S05,5,S04,S06,60.0,55.38,1,ACTIVE
MS002970,2026-08-26 08:07:25+00:00,S06,6,S05,S07,60.0,58.9,1,ACTIVE
MS002971,2026-08-26 08:07:30+00:00,S07,7,S06,S08,60.0,58.04,1,ACTIVE
MS002972,2026-08-26 08:07:35+00:00,S08,8,S07,S09,60.0,58.14,1,ACTIVE
MS002973,2026-08-26 08:07:40+00:00,S09,9,S08,S10,60.0,55.51,1,ACTIVE
MS002974,2026-08-26 08:07:45+00:00,S10,10,S09,S11,60.0,56.8,1,ACTIVE
MS002975,2026-08-26 08:07:50+00:00,S11,11,S10,S12,60.0,56.48,1,ACTIVE
MS002976,2026-08-26 08:07:55+00:00,S12,12,S11,,60.0,58.71,1,ACTIVE
MS002977,2026-08-26 08:08:00+00:00,S01,1,,S02,60.0,58.1,1,ACTIVE
MS002978,2026-08-26 08:08:05+00:00,S02,2,S01,S03,60.0,56.76,1,ACTIVE
MS002979,2026-08-26 08:08:10+00:00,S03,3,S02,S04,60.0,58.43,1,ACTIVE
MS002980,2026-08-26 08:08:15+00:00,S04,4,S03,S05,60.0,57.79,1,ACTIVE
MS002981,2026-08-26 08:08:20+00:00,S05,5,S04,S06,60.0,55.38,1,ACTIVE
MS002982,2026-08-26 08:08:25+00:00,S06,6,S05,S07,60.0,58.9,1,ACTIVE
MS002983,2026-08-26 08:08:30+00:00,S07,7,S06,S08,60.0,58.04,1,ACTIVE
MS002984,2026-08-26 08:08:35+00:00,S08,8,S07,S09,60.0,58.14,1,ACTIVE
MS002985,2026-08-26 08:08:40+00:00,S09,9,S08,S10,60.0,55.51,1,ACTIVE
MS002986,2026-08-26 08:08:45+00:00,S10,10,S09,S11,60.0,56.8,1,ACTIVE
MS002987,2026-08-26 08:08:50+00:00,S11,11,S10,S12,60.0,56.48,1,ACTIVE
MS002988,2026-08-26 08:08:55+00:00,S12,12,S11,,60.0,58.71,1,ACTIVE
MS002989,2026-08-26 08:09:00+00:00,S01,1,,S02,60.0,58.1,1,ACTIVE
MS002990,2026-08-26 08:09:05+00:00,S02,2,S01,S03,60.0,56.76,1,ACTIVE
MS002991,2026-08-26 08:09:10+00:00,S03,3,S02,S04,60.0,58.43,1,ACTIVE
MS002992,2026-08-26 08:09:15+00:00,S04,4,S03,S05,60.0,57.79,1,ACTIVE
MS002993,2026-08-26 08:09:20+00:00,S05,5,S04,S06,60.0,55.38,1,ACTIVE
MS002994,2026-08-26 08:09:25+00:00,S06,6,S05,S07,60.0,58.9,1,ACTIVE
MS002995,2026-08-26 08:09:30+00:00,S07,7,S06,S08,60.0,58.04,1,ACTIVE
MS002996,2026-08-26 08:09:35+00:00,S08,8,S07,S09,60.0,58.14,1,ACTIVE
MS002997,2026-08-26 08:09:40+00:00,S09,9,S08,S10,60.0,55.51,1,ACTIVE
MS002998,2026-08-26 08:09:45+00:00,S10,10,S09,S11,60.0,56.8,1,ACTIVE
MS002999,2026-08-26 08:09:50+00:00,S11,11,S10,S12,60.0,56.48,1,ACTIVE
MS003000,2026-08-26 08:09:55+00:00,S12,12,S11,,60.0,58.71,1,ACTIVE
MS003001,2026-08-26 08:10:00+00:00,S01,1,,S02,60.0,58.1,1,ACTIVE
MS003002,2026-08-26 08:10:05+00:00,S02,2,S01,S03,60.0,56.76,1,ACTIVE
MS003003,2026-08-26 08:10:10+00:00,S03,3,S02,S04,60.0,58.43,1,ACTIVE
MS003004,2026-08-26 08:10:15+00:00,S04,4,S03,S05,60.0,57.79,1,ACTIVE
MS003005,2026-08-26 08:10:20+00:00,S05,5,S04,S06,60.0,55.38,1,ACTIVE
MS003006,2026-08-26 08:10:25+00:00,S06,6,S05,S07,60.0,58.9,1,ACTIVE
MS003007,2026-08-26 08:10:30+00:00,S07,7,S06,S08,60.0,58.04,1,ACTIVE
MS003008,2026-08-26 08:10:35+00:00,S08,8,S07,S09,60.0,58.14,1,ACTIVE
MS003009,2026-08-26 08:10:40+00:00,S09,9,S08,S10,60.0,55.51,1,ACTIVE
MS003010,2026-08-26 08:10:45+00:00,S10,10,S09,S11,60.0,56.8,1,ACTIVE
MS003011,2026-08-26 08:10:50+00:00,S11,11,S10,S12,60.0,56.48,1,ACTIVE
MS003012,2026-08-26 08:10:55+00:00,S12,12,S11,,60.0,58.71,1,ACTIVE
MS003013,2026-08-26 08:11:00+00:00,S01,1,,S02,60.0,58.1,1,ACTIVE
MS003014,2026-08-26 08:11:05+00:00,S02,2,S01,S03,60.0,56.76,1,ACTIVE
MS003015,2026-08-26 08:11:10+00:00,S03,3,S02,S04,60.0,58.43,1,ACTIVE
MS003016,2026-08-26 08:11:15+00:00,S04,4,S03,S05,60.0,57.79,1,ACTIVE
MS003017,2026-08-26 08:11:20+00:00,S05,5,S04,S06,60.0,55.38,1,ACTIVE
MS003018,2026-08-26 08:11:25+00:00,S06,6,S05,S07,60.0,58.9,1,ACTIVE
MS003019,2026-08-26 08:11:30+00:00,S07,7,S06,S08,60.0,58.04,1,ACTIVE
MS003020,2026-08-26 08:11:35+00:00,S08,8,S07,S09,60.0,58.14,1,ACTIVE
MS003021,2026-08-26 08:11:40+00:00,S09,9,S08,S10,60.0,55.51,1,ACTIVE
MS003022,2026-08-26 08:11:45+00:00,S10,10,S09,S11,60.0,56.8,1,ACTIVE
MS003023,2026-08-26 08:11:50+00:00,S11,11,S10,S12,60.0,56.48,1,ACTIVE
MS003024,2026-08-26 08:11:55+00:00,S12,12,S11,,60.0,58.71,1,ACTIVE
MS003025,2026-08-26 08:12:00+00:00,S01,1,,S02,60.0,58.1,1,ACTIVE
MS003026,2026-08-26 08:12:05+00:00,S02,2,S01,S03,60.0,56.76,1,ACTIVE
MS003027,2026-08-26 08:12:10+00:00,S03,3,S02,S04,60.0,58.43,1,ACTIVE
MS003028,2026-08-26 08:12:15+00:00,S04,4,S03,S05,60.0,57.79,1,ACTIVE
MS003029,2026-08-26 08:12:20+00:00,S05,5,S04,S06,60.0,55.38,1,ACTIVE
MS003030,2026-08-26 08:12:25+00:00,S06,6,S05,S07,60.0,58.9,1,ACTIVE
MS003031,2026-08-26 08:12:30+00:00,S07,7,S06,S08,60.0,58.04,1,ACTIVE
MS003032,2026-08-26 08:12:35+00:00,S08,8,S07,S09,60.0,58.14,1,ACTIVE
MS003033,2026-08-26 08:12:40+00:00,S09,9,S08,S10,60.0,55.51,1,ACTIVE
MS003034,2026-08-26 08:12:45+00:00,S10,10,S09,S11,60.0,56.8,1,ACTIVE
MS003035,2026-08-26 08:12:50+00:00,S11,11,S10,S12,60.0,56.48,1,ACTIVE
MS003036,2026-08-26 08:12:55+00:00,S12,12,S11,,60.0,58.71,1,ACTIVE
MS003037,2026-08-26 08:13:00+00:00,S01,1,,S02,60.0,58.1,1,ACTIVE
MS003038,2026-08-26 08:13:05+00:00,S02,2,S01,S03,60.0,56.76,1,ACTIVE
MS003039,2026-08-26 08:13:10+00:00,S03,3,S02,S04,60.0,58.43,1,ACTIVE
MS003040,2026-08-26 08:13:15+00:00,S04,4,S03,S05,60.0,57.79,1,ACTIVE
MS003041,2026-08-26 08:13:20+00:00,S05,5,S04,S06,60.0,55.38,1,ACTIVE
MS003042,2026-08-26 08:13:25+00:00,S06,6,S05,S07,60.0,58.9,1,ACTIVE
MS003043,2026-08-26 08:13:30+00:00,S07,7,S06,S08,60.0,58.04,1,ACTIVE
MS003044,2026-08-26 08:13:35+00:00,S08,8,S07,S09,60.0,58.14,1,ACTIVE
MS003045,2026-08-26 08:13:40+00:00,S09,9,S08,S10,60.0,55.51,1,ACTIVE
MS003046,2026-08-26 08:13:45+00:00,S10,10,S09,S11,60.0,56.8,1,ACTIVE
MS003047,2026-08-26 08:13:50+00:00,S11,11,S10,S12,60.0,56.48,1,ACTIVE
MS003048,2026-08-26 08:13:55+00:00,S12,12,S11,,60.0,58.71,1,ACTIVE
MS003049,2026-08-26 08:14:00+00:00,S01,1,,S02,60.0,58.1,1,ACTIVE
MS003050,2026-08-26 08:14:05+00:00,S02,2,S01,S03,60.0,56.76,1,ACTIVE
MS003051,2026-08-26 08:14:10+00:00,S03,3,S02,S04,60.0,58.43,1,ACTIVE
MS003052,2026-08-26 08:14:15+00:00,S04,4,S03,S05,60.0,57.79,1,ACTIVE
MS003053,2026-08-26 08:14:20+00:00,S05,5,S04,S06,60.0,55.38,1,ACTIVE
MS003054,2026-08-26 08:14:25+00:00,S06,6,S05,S07,60.0,58.9,1,ACTIVE
MS003055,2026-08-26 08:14:30+00:00,S07,7,S06,S08,60.0,58.04,1,ACTIVE
MS003056,2026-08-26 08:14:35+00:00,S08,8,S07,S09,60.0,58.14,1,ACTIVE
MS003057,2026-08-26 08:14:40+00:00,S09,9,S08,S10,60.0,55.51,1,ACTIVE
MS003058,2026-08-26 08:14:45+00:00,S10,10,S09,S11,60.0,56.8,1,ACTIVE
MS003059,2026-08-26 08:14:50+00:00,S11,11,S10,S12,60.0,56.48,1,ACTIVE
MS003060,2026-08-26 08:14:55+00:00,S12,12,S11,,60.0,58.71,1,ACTIVE
MS003061,2026-08-26 08:15:00+00:00,S01,1,,S02,60.0,58.1,1,ACTIVE
MS003062,2026-08-26 08:15:05+00:00,S02,2,S01,S03,60.0,56.76,1,ACTIVE
MS003063,2026-08-26 08:15:10+00:00,S03,3,S02,S04,60.0,58.43,1,ACTIVE
MS003064,2026-08-26 08:15:15+00:00,S04,4,S03,S05,60.0,57.79,1,ACTIVE
MS003065,2026-08-26 08:15:20+00:00,S05,5,S04,S06,60.0,55.38,1,ACTIVE
MS003066,2026-08-26 08:15:25+00:00,S06,6,S05,S07,60.0,58.9,1,ACTIVE
MS003067,2026-08-26 08:15:30+00:00,S07,7,S06,S08,60.0,58.04,1,ACTIVE
MS003068,2026-08-26 08:15:35+00:00,S08,8,S07,S09,60.0,58.14,1,ACTIVE
MS003069,2026-08-26 08:15:40+00:00,S09,9,S08,S10,60.0,55.51,1,ACTIVE
MS003070,2026-08-26 08:15:45+00:00,S10,10,S09,S11,60.0,56.8,1,ACTIVE
MS003071,2026-08-26 08:15:50+00:00,S11,11,S10,S12,60.0,56.48,1,ACTIVE
MS003072,2026-08-26 08:15:55+00:00,S12,12,S11,,60.0,58.71,1,ACTIVE
MS003073,2026-08-26 08:16:00+00:00,S01,1,,S02,60.0,58.1,1,ACTIVE
MS003074,2026-08-26 08:16:05+00:00,S02,2,S01,S03,60.0,56.76,1,ACTIVE
MS003075,2026-08-26 08:16:10+00:00,S03,3,S02,S04,60.0,58.43,1,ACTIVE
MS003076,2026-08-26 08:16:15+00:00,S04,4,S03,S05,60.0,57.79,1,ACTIVE
MS003077,2026-08-26 08:16:20+00:00,S05,5,S04,S06,60.0,55.38,1,ACTIVE
MS003078,2026-08-26 08:16:25+00:00,S06,6,S05,S07,60.0,58.9,1,ACTIVE
MS003079,2026-08-26 08:16:30+00:00,S07,7,S06,S08,60.0,58.04,1,ACTIVE
MS003080,2026-08-26 08:16:35+00:00,S08,8,S07,S09,60.0,58.14,1,ACTIVE
MS003081,2026-08-26 08:16:40+00:00,S09,9,S08,S10,60.0,55.51,1,ACTIVE
MS003082,2026-08-26 08:16:45+00:00,S10,10,S09,S11,60.0,56.8,1,ACTIVE
MS003083,2026-08-26 08:16:50+00:00,S11,11,S10,S12,60.0,56.48,1,ACTIVE
MS003084,2026-08-26 08:16:55+00:00,S12,12,S11,,60.0,58.71,1,ACTIVE
MS003085,2026-08-26 08:17:00+00:00,S01,1,,S02,60.0,58.1,1,ACTIVE
MS003086,2026-08-26 08:17:05+00:00,S02,2,S01,S03,60.0,56.76,1,ACTIVE
MS003087,2026-08-26 08:17:10+00:00,S03,3,S02,S04,60.0,58.43,1,ACTIVE
MS003088,2026-08-26 08:17:15+00:00,S04,4,S03,S05,60.0,57.79,1,ACTIVE
MS003089,2026-08-26 08:17:20+00:00,S05,5,S04,S06,60.0,55.38,1,ACTIVE
MS003090,2026-08-26 08:17:25+00:00,S06,6,S05,S07,60.0,58.9,1,ACTIVE
MS003091,2026-08-26 08:17:30+00:00,S07,7,S06,S08,60.0,58.04,1,ACTIVE
MS003092,2026-08-26 08:17:35+00:00,S08,8,S07,S09,60.0,58.14,1,ACTIVE
MS003093,2026-08-26 08:17:40+00:00,S09,9,S08,S10,60.0,55.51,1,ACTIVE
MS003094,2026-08-26 08:17:45+00:00,S10,10,S09,S11,60.0,56.8,1,ACTIVE
MS003095,2026-08-26 08:17:50+00:00,S11,11,S10,S12,60.0,56.48,1,ACTIVE
MS003096,2026-08-26 08:17:55+00:00,S12,12,S11,,60.0,58.71,1,ACTIVE
MS003097,2026-08-26 08:18:00+00:00,S01,1,,S02,60.0,58.1,1,ACTIVE
MS003098,2026-08-26 08:18:05+00:00,S02,2,S01,S03,60.0,56.76,1,ACTIVE
MS003099,2026-08-26 08:18:10+00:00,S03,3,S02,S04,60.0,58.43,1,ACTIVE
MS003100,2026-08-26 08:18:15+00:00,S04,4,S03,S05,60.0,57.79,1,ACTIVE
MS003101,2026-08-26 08:18:20+00:00,S05,5,S04,S06,60.0,55.38,1,ACTIVE
MS003102,2026-08-26 08:18:25+00:00,S06,6,S05,S07,60.0,58.9,1,ACTIVE
MS003103,2026-08-26 08:18:30+00:00,S07,7,S06,S08,60.0,58.04,1,ACTIVE
MS003104,2026-08-26 08:18:35+00:00,S08,8,S07,S09,60.0,58.14,1,ACTIVE
MS003105,2026-08-26 08:18:40+00:00,S09,9,S08,S10,60.0,55.51,1,ACTIVE
MS003106,2026-08-26 08:18:45+00:00,S10,10,S09,S11,60.0,56.8,1,ACTIVE
MS003107,2026-08-26 08:18:50+00:00,S11,11,S10,S12,60.0,56.48,1,ACTIVE
MS003108,2026-08-26 08:18:55+00:00,S12,12,S11,,60.0,58.71,1,ACTIVE
MS003109,2026-08-26 08:19:00+00:00,S01,1,,S02,60.0,58.1,1,ACTIVE
MS003110,2026-08-26 08:19:05+00:00,S02,2,S01,S03,60.0,56.76,1,ACTIVE
MS003111,2026-08-26 08:19:10+00:00,S03,3,S02,S04,60.0,58.43,1,ACTIVE
MS003112,2026-08-26 08:19:15+00:00,S04,4,S03,S05,60.0,57.79,1,ACTIVE
MS003113,2026-08-26 08:19:20+00:00,S05,5,S04,S06,60.0,55.38,1,ACTIVE
MS003114,2026-08-26 08:19:25+00:00,S06,6,S05,S07,60.0,58.9,1,ACTIVE
MS003115,2026-08-26 08:19:30+00:00,S07,7,S06,S08,60.0,58.04,1,ACTIVE
MS003116,2026-08-26 08:19:35+00:00,S08,8,S07,S09,60.0,58.14,1,ACTIVE
MS003117,2026-08-26 08:19:40+00:00,S09,9,S08,S10,60.0,55.51,1,ACTIVE
MS003118,2026-08-26 08:19:45+00:00,S10,10,S09,S11,60.0,56.8,1,ACTIVE
MS003119,2026-08-26 08:19:50+00:00,S11,11,S10,S12,60.0,56.48,1,ACTIVE
MS003120,2026-08-26 08:19:55+00:00,S12,12,S11,,60.0,58.71,1,ACTIVE
MS003121,2026-08-26 08:20:00+00:00,S01,1,,S02,60.0,58.1,1,ACTIVE
MS003122,2026-08-26 08:20:05+00:00,S02,2,S01,S03,60.0,56.76,1,ACTIVE
MS003123,2026-08-26 08:20:10+00:00,S03,3,S02,S04,60.0,58.43,1,ACTIVE
MS003124,2026-08-26 08:20:15+00:00,S04,4,S03,S05,60.0,57.79,1,ACTIVE
MS003125,2026-08-26 08:20:20+00:00,S05,5,S04,S06,60.0,55.38,1,ACTIVE
MS003126,2026-08-26 08:20:25+00:00,S06,6,S05,S07,60.0,58.9,1,ACTIVE
MS003127,2026-08-26 08:20:30+00:00,S07,7,S06,S08,60.0,58.04,1,ACTIVE
MS003128,2026-08-26 08:20:35+00:00,S08,8,S07,S09,60.0,58.14,1,ACTIVE
MS003129,2026-08-26 08:20:40+00:00,S09,9,S08,S10,60.0,55.51,1,ACTIVE
MS003130,2026-08-26 08:20:45+00:00,S10,10,S09,S11,60.0,56.8,1,ACTIVE
MS003131,2026-08-26 08:20:50+00:00,S11,11,S10,S12,60.0,56.48,1,ACTIVE
MS003132,2026-08-26 08:20:55+00:00,S12,12,S11,,60.0,58.71,1,ACTIVE
MS003133,2026-08-26 08:21:00+00:00,S01,1,,S02,60.0,58.1,1,ACTIVE
MS003134,2026-08-26 08:21:05+00:00,S02,2,S01,S03,60.0,56.76,1,ACTIVE
MS003135,2026-08-26 08:21:10+00:00,S03,3,S02,S04,60.0,58.43,1,ACTIVE
MS003136,2026-08-26 08:21:15+00:00,S04,4,S03,S05,60.0,57.79,1,ACTIVE
MS003137,2026-08-26 08:21:20+00:00,S05,5,S04,S06,60.0,55.38,1,ACTIVE
MS003138,2026-08-26 08:21:25+00:00,S06,6,S05,S07,60.0,58.9,1,ACTIVE
MS003139,2026-08-26 08:21:30+00:00,S07,7,S06,S08,60.0,58.04,1,ACTIVE
MS003140,2026-08-26 08:21:35+00:00,S08,8,S07,S09,60.0,58.14,1,ACTIVE
MS003141,2026-08-26 08:21:40+00:00,S09,9,S08,S10,60.0,55.51,1,ACTIVE
MS003142,2026-08-26 08:21:45+00:00,S10,10,S09,S11,60.0,56.8,1,ACTIVE
MS003143,2026-08-26 08:21:50+00:00,S11,11,S10,S12,60.0,56.48,1,ACTIVE
MS003144,2026-08-26 08:21:55+00:00,S12,12,S11,,60.0,58.71,1,ACTIVE
MS003145,2026-08-26 08:22:00+00:00,S01,1,,S02,60.0,58.1,1,ACTIVE
MS003146,2026-08-26 08:22:05+00:00,S02,2,S01,S03,60.0,56.76,1,ACTIVE
MS003147,2026-08-26 08:22:10+00:00,S03,3,S02,S04,60.0,58.43,1,ACTIVE
MS003148,2026-08-26 08:22:15+00:00,S04,4,S03,S05,60.0,57.79,1,ACTIVE
MS003149,2026-08-26 08:22:20+00:00,S05,5,S04,S06,60.0,55.38,1,ACTIVE
MS003150,2026-08-26 08:22:25+00:00,S06,6,S05,S07,60.0,58.9,1,ACTIVE
MS003151,2026-08-26 08:22:30+00:00,S07,7,S06,S08,60.0,58.04,1,ACTIVE
MS003152,2026-08-26 08:22:35+00:00,S08,8,S07,S09,60.0,58.14,1,ACTIVE
MS003153,2026-08-26 08:22:40+00:00,S09,9,S08,S10,60.0,55.51,1,ACTIVE
MS003154,2026-08-26 08:22:45+00:00,S10,10,S09,S11,60.0,56.8,1,ACTIVE
MS003155,2026-08-26 08:22:50+00:00,S11,11,S10,S12,60.0,56.48,1,ACTIVE
MS003156,2026-08-26 08:22:55+00:00,S12,12,S11,,60.0,58.71,1,ACTIVE
MS003157,2026-08-26 08:23:00+00:00,S01,1,,S02,60.0,58.1,1,ACTIVE
MS003158,2026-08-26 08:23:05+00:00,S02,2,S01,S03,60.0,56.76,1,ACTIVE
MS003159,2026-08-26 08:23:10+00:00,S03,3,S02,S04,60.0,58.43,1,ACTIVE
MS003160,2026-08-26 08:23:15+00:00,S04,4,S03,S05,60.0,57.79,1,ACTIVE
MS003161,2026-08-26 08:23:20+00:00,S05,5,S04,S06,60.0,55.38,1,ACTIVE
MS003162,2026-08-26 08:23:25+00:00,S06,6,S05,S07,60.0,58.9,1,ACTIVE
MS003163,2026-08-26 08:23:30+00:00,S07,7,S06,S08,60.0,58.04,1,ACTIVE
MS003164,2026-08-26 08:23:35+00:00,S08,8,S07,S09,60.0,58.14,1,ACTIVE
MS003165,2026-08-26 08:23:40+00:00,S09,9,S08,S10,60.0,55.51,1,ACTIVE
MS003166,2026-08-26 08:23:45+00:00,S10,10,S09,S11,60.0,56.8,1,ACTIVE
MS003167,2026-08-26 08:23:50+00:00,S11,11,S10,S12,60.0,56.48,1,ACTIVE
MS003168,2026-08-26 08:23:55+00:00,S12,12,S11,,60.0,58.71,1,ACTIVE
MS003169,2026-08-26 08:24:00+00:00,S01,1,,S02,60.0,58.1,1,ACTIVE
MS003170,2026-08-26 08:24:05+00:00,S02,2,S01,S03,60.0,56.76,1,ACTIVE
MS003171,2026-08-26 08:24:10+00:00,S03,3,S02,S04,60.0,58.43,1,ACTIVE
MS003172,2026-08-26 08:24:15+00:00,S04,4,S03,S05,60.0,57.79,1,ACTIVE
MS003173,2026-08-26 08:24:20+00:00,S05,5,S04,S06,60.0,55.38,1,ACTIVE
MS003174,2026-08-26 08:24:25+00:00,S06,6,S05,S07,60.0,58.9,1,ACTIVE
MS003175,2026-08-26 08:24:30+00:00,S07,7,S06,S08,60.0,58.04,1,ACTIVE
MS003176,2026-08-26 08:24:35+00:00,S08,8,S07,S09,60.0,58.14,1,ACTIVE
MS003177,2026-08-26 08:24:40+00:00,S09,9,S08,S10,60.0,55.51,1,ACTIVE
MS003178,2026-08-26 08:24:45+00:00,S10,10,S09,S11,60.0,56.8,1,ACTIVE
MS003179,2026-08-26 08:24:50+00:00,S11,11,S10,S12,60.0,56.48,1,ACTIVE
MS003180,2026-08-26 08:24:55+00:00,S12,12,S11,,60.0,58.71,1,ACTIVE
MS003181,2026-08-26 08:25:00+00:00,S01,1,,S02,60.0,58.1,1,ACTIVE
MS003182,2026-08-26 08:25:05+00:00,S02,2,S01,S03,60.0,56.76,1,ACTIVE
MS003183,2026-08-26 08:25:10+00:00,S03,3,S02,S04,60.0,58.43,1,ACTIVE
MS003184,2026-08-26 08:25:15+00:00,S04,4,S03,S05,60.0,57.79,1,ACTIVE
MS003185,2026-08-26 08:25:20+00:00,S05,5,S04,S06,60.0,55.38,1,ACTIVE
MS003186,2026-08-26 08:25:25+00:00,S06,6,S05,S07,60.0,58.9,1,ACTIVE
MS003187,2026-08-26 08:25:30+00:00,S07,7,S06,S08,60.0,58.04,1,ACTIVE
MS003188,2026-08-26 08:25:35+00:00,S08,8,S07,S09,60.0,58.14,1,ACTIVE
MS003189,2026-08-26 08:25:40+00:00,S09,9,S08,S10,60.0,55.51,1,ACTIVE
MS003190,2026-08-26 08:25:45+00:00,S10,10,S09,S11,60.0,56.8,1,ACTIVE
MS003191,2026-08-26 08:25:50+00:00,S11,11,S10,S12,60.0,56.48,1,ACTIVE
MS003192,2026-08-26 08:25:55+00:00,S12,12,S11,,60.0,58.71,1,ACTIVE
MS003193,2026-08-26 08:26:00+00:00,S01,1,,S02,60.0,58.1,1,ACTIVE
MS003194,2026-08-26 08:26:05+00:00,S02,2,S01,S03,60.0,56.76,1,ACTIVE
MS003195,2026-08-26 08:26:10+00:00,S03,3,S02,S04,60.0,58.43,1,ACTIVE
MS003196,2026-08-26 08:26:15+00:00,S04,4,S03,S05,60.0,57.79,1,ACTIVE
MS003197,2026-08-26 08:26:20+00:00,S05,5,S04,S06,60.0,55.38,1,ACTIVE
MS003198,2026-08-26 08:26:25+00:00,S06,6,S05,S07,60.0,58.9,1,ACTIVE
MS003199,2026-08-26 08:26:30+00:00,S07,7,S06,S08,60.0,58.04,1,ACTIVE
MS003200,2026-08-26 08:26:35+00:00,S08,8,S07,S09,60.0,58.14,1,ACTIVE
MS003201,2026-08-26 08:26:40+00:00,S09,9,S08,S10,60.0,55.51,1,ACTIVE
MS003202,2026-08-26 08:26:45+00:00,S10,10,S09,S11,60.0,56.8,1,ACTIVE
MS003203,2026-08-26 08:26:50+00:00,S11,11,S10,S12,60.0,56.48,1,ACTIVE
MS003204,2026-08-26 08:26:55+00:00,S12,12,S11,,60.0,58.71,1,ACTIVE
MS003205,2026-08-26 08:27:00+00:00,S01,1,,S02,60.0,58.1,1,ACTIVE
MS003206,2026-08-26 08:27:05+00:00,S02,2,S01,S03,60.0,56.76,1,ACTIVE
MS003207,2026-08-26 08:27:10+00:00,S03,3,S02,S04,60.0,58.43,1,ACTIVE
MS003208,2026-08-26 08:27:15+00:00,S04,4,S03,S05,60.0,57.79,1,ACTIVE
MS003209,2026-08-26 08:27:20+00:00,S05,5,S04,S06,60.0,55.38,1,ACTIVE
MS003210,2026-08-26 08:27:25+00:00,S06,6,S05,S07,60.0,58.9,1,ACTIVE
MS003211,2026-08-26 08:27:30+00:00,S07,7,S06,S08,60.0,58.04,1,ACTIVE
MS003212,2026-08-26 08:27:35+00:00,S08,8,S07,S09,60.0,58.14,1,ACTIVE
MS003213,2026-08-26 08:27:40+00:00,S09,9,S08,S10,60.0,55.51,1,ACTIVE
MS003214,2026-08-26 08:27:45+00:00,S10,10,S09,S11,60.0,56.8,1,ACTIVE
MS003215,2026-08-26 08:27:50+00:00,S11,11,S10,S12,60.0,56.48,1,ACTIVE
MS003216,2026-08-26 08:27:55+00:00,S12,12,S11,,60.0,58.71,1,ACTIVE
MS003217,2026-08-26 08:28:00+00:00,S01,1,,S02,60.0,58.1,1,ACTIVE
MS003218,2026-08-26 08:28:05+00:00,S02,2,S01,S03,60.0,56.76,1,ACTIVE
MS003219,2026-08-26 08:28:10+00:00,S03,3,S02,S04,60.0,58.43,1,ACTIVE
MS003220,2026-08-26 08:28:15+00:00,S04,4,S03,S05,60.0,57.79,1,ACTIVE
MS003221,2026-08-26 08:28:20+00:00,S05,5,S04,S06,60.0,55.38,1,ACTIVE
MS003222,2026-08-26 08:28:25+00:00,S06,6,S05,S07,60.0,58.9,1,ACTIVE
MS003223,2026-08-26 08:28:30+00:00,S07,7,S06,S08,60.0,58.04,1,ACTIVE
MS003224,2026-08-26 08:28:35+00:00,S08,8,S07,S09,60.0,58.14,1,ACTIVE
MS003225,2026-08-26 08:28:40+00:00,S09,9,S08,S10,60.0,55.51,1,ACTIVE
MS003226,2026-08-26 08:28:45+00:00,S10,10,S09,S11,60.0,56.8,1,ACTIVE
MS003227,2026-08-26 08:28:50+00:00,S11,11,S10,S12,60.0,56.48,1,ACTIVE
MS003228,2026-08-26 08:28:55+00:00,S12,12,S11,,60.0,58.71,1,ACTIVE
MS003229,2026-08-26 08:29:00+00:00,S01,1,,S02,60.0,58.1,1,ACTIVE
MS003230,2026-08-26 08:29:05+00:00,S02,2,S01,S03,60.0,56.76,1,ACTIVE
MS003231,2026-08-26 08:29:10+00:00,S03,3,S02,S04,60.0,58.43,1,ACTIVE
MS003232,2026-08-26 08:29:15+00:00,S04,4,S03,S05,60.0,57.79,1,ACTIVE
MS003233,2026-08-26 08:29:20+00:00,S05,5,S04,S06,60.0,55.38,1,ACTIVE
MS003234,2026-08-26 08:29:25+00:00,S06,6,S05,S07,60.0,58.9,1,ACTIVE
MS003235,2026-08-26 08:29:30+00:00,S07,7,S06,S08,60.0,58.04,1,ACTIVE
MS003236,2026-08-26 08:29:35+00:00,S08,8,S07,S09,60.0,58.14,1,ACTIVE
MS003237,2026-08-26 08:29:40+00:00,S09,9,S08,S10,60.0,55.51,1,ACTIVE
MS003238,2026-08-26 08:29:45+00:00,S10,10,S09,S11,60.0,56.8,1,ACTIVE
MS003239,2026-08-26 08:29:50+00:00,S11,11,S10,S12,60.0,56.48,1,ACTIVE
MS003240,2026-08-26 08:29:55+00:00,S12,12,S11,,60.0,58.71,1,ACTIVE
MS003241,2026-08-26 08:30:00+00:00,S01,1,,S02,60.0,58.1,1,ACTIVE
MS003242,2026-08-26 08:30:05+00:00,S02,2,S01,S03,60.0,56.76,1,ACTIVE
MS003243,2026-08-26 08:30:10+00:00,S03,3,S02,S04,60.0,58.43,1,ACTIVE
MS003244,2026-08-26 08:30:15+00:00,S04,4,S03,S05,60.0,57.79,1,ACTIVE
MS003245,2026-08-26 08:30:20+00:00,S05,5,S04,S06,60.0,55.38,1,ACTIVE
MS003246,2026-08-26 08:30:25+00:00,S06,6,S05,S07,60.0,58.9,1,ACTIVE
MS003247,2026-08-26 08:30:30+00:00,S07,7,S06,S08,60.0,58.04,1,ACTIVE
MS003248,2026-08-26 08:30:35+00:00,S08,8,S07,S09,60.0,58.14,1,ACTIVE
MS003249,2026-08-26 08:30:40+00:00,S09,9,S08,S10,60.0,55.51,1,ACTIVE
MS003250,2026-08-26 08:30:45+00:00,S10,10,S09,S11,60.0,56.8,1,ACTIVE
MS003251,2026-08-26 08:30:50+00:00,S11,11,S10,S12,60.0,56.48,1,ACTIVE
MS003252,2026-08-26 08:30:55+00:00,S12,12,S11,,60.0,58.71,1,ACTIVE
MS003253,2026-08-26 08:31:00+00:00,S01,1,,S02,60.0,58.1,1,ACTIVE
MS003254,2026-08-26 08:31:05+00:00,S02,2,S01,S03,60.0,56.76,1,ACTIVE
MS003255,2026-08-26 08:31:10+00:00,S03,3,S02,S04,60.0,58.43,1,ACTIVE
MS003256,2026-08-26 08:31:15+00:00,S04,4,S03,S05,60.0,57.79,1,ACTIVE
MS003257,2026-08-26 08:31:20+00:00,S05,5,S04,S06,60.0,55.38,1,ACTIVE
MS003258,2026-08-26 08:31:25+00:00,S06,6,S05,S07,60.0,58.9,1,ACTIVE
MS003259,2026-08-26 08:31:30+00:00,S07,7,S06,S08,60.0,58.04,1,ACTIVE
MS003260,2026-08-26 08:31:35+00:00,S08,8,S07,S09,60.0,58.14,1,ACTIVE
MS003261,2026-08-26 08:31:40+00:00,S09,9,S08,S10,60.0,55.51,1,ACTIVE
MS003262,2026-08-26 08:31:45+00:00,S10,10,S09,S11,60.0,56.8,1,ACTIVE
MS003263,2026-08-26 08:31:50+00:00,S11,11,S10,S12,60.0,56.48,1,ACTIVE
MS003264,2026-08-26 08:31:55+00:00,S12,12,S11,,60.0,58.71,1,ACTIVE
MS003265,2026-08-26 08:32:00+00:00,S01,1,,S02,60.0,58.1,1,ACTIVE
MS003266,2026-08-26 08:32:05+00:00,S02,2,S01,S03,60.0,56.76,1,ACTIVE
MS003267,2026-08-26 08:32:10+00:00,S03,3,S02,S04,60.0,58.43,1,ACTIVE
MS003268,2026-08-26 08:32:15+00:00,S04,4,S03,S05,60.0,57.79,1,ACTIVE
MS003269,2026-08-26 08:32:20+00:00,S05,5,S04,S06,60.0,55.38,1,ACTIVE
MS003270,2026-08-26 08:32:25+00:00,S06,6,S05,S07,60.0,58.9,1,ACTIVE
MS003271,2026-08-26 08:32:30+00:00,S07,7,S06,S08,60.0,58.04,1,ACTIVE
MS003272,2026-08-26 08:32:35+00:00,S08,8,S07,S09,60.0,58.14,1,ACTIVE
MS003273,2026-08-26 08:32:40+00:00,S09,9,S08,S10,60.0,55.51,1,ACTIVE
MS003274,2026-08-26 08:32:45+00:00,S10,10,S09,S11,60.0,56.8,1,ACTIVE
MS003275,2026-08-26 08:32:50+00:00,S11,11,S10,S12,60.0,56.48,1,ACTIVE
MS003276,2026-08-26 08:32:55+00:00,S12,12,S11,,60.0,58.71,1,ACTIVE
MS003277,2026-08-26 08:33:00+00:00,S01,1,,S02,60.0,58.1,1,ACTIVE
MS003278,2026-08-26 08:33:05+00:00,S02,2,S01,S03,60.0,56.76,1,ACTIVE
MS003279,2026-08-26 08:33:10+00:00,S03,3,S02,S04,60.0,58.43,1,ACTIVE
MS003280,2026-08-26 08:33:15+00:00,S04,4,S03,S05,60.0,57.79,1,ACTIVE
MS003281,2026-08-26 08:33:20+00:00,S05,5,S04,S06,60.0,55.38,1,ACTIVE
MS003282,2026-08-26 08:33:25+00:00,S06,6,S05,S07,60.0,58.9,1,ACTIVE
MS003283,2026-08-26 08:33:30+00:00,S07,7,S06,S08,60.0,58.04,1,ACTIVE
MS003284,2026-08-26 08:33:35+00:00,S08,8,S07,S09,60.0,58.14,1,ACTIVE
MS003285,2026-08-26 08:33:40+00:00,S09,9,S08,S10,60.0,55.51,1,ACTIVE
MS003286,2026-08-26 08:33:45+00:00,S10,10,S09,S11,60.0,56.8,1,ACTIVE
MS003287,2026-08-26 08:33:50+00:00,S11,11,S10,S12,60.0,56.48,1,ACTIVE
MS003288,2026-08-26 08:33:55+00:00,S12,12,S11,,60.0,58.71,1,ACTIVE
MS003289,2026-08-26 08:34:00+00:00,S01,1,,S02,60.0,58.1,1,ACTIVE
MS003290,2026-08-26 08:34:05+00:00,S02,2,S01,S03,60.0,56.76,1,ACTIVE
MS003291,2026-08-26 08:34:10+00:00,S03,3,S02,S04,60.0,58.43,1,ACTIVE
MS003292,2026-08-26 08:34:15+00:00,S04,4,S03,S05,60.0,57.79,1,ACTIVE
MS003293,2026-08-26 08:34:20+00:00,S05,5,S04,S06,60.0,55.38,1,ACTIVE
MS003294,2026-08-26 08:34:25+00:00,S06,6,S05,S07,60.0,58.9,1,ACTIVE
MS003295,2026-08-26 08:34:30+00:00,S07,7,S06,S08,60.0,58.04,1,ACTIVE
MS003296,2026-08-26 08:34:35+00:00,S08,8,S07,S09,60.0,58.14,1,ACTIVE
MS003297,2026-08-26 08:34:40+00:00,S09,9,S08,S10,60.0,55.51,1,ACTIVE
MS003298,2026-08-26 08:34:45+00:00,S10,10,S09,S11,60.0,56.8,1,ACTIVE
MS003299,2026-08-26 08:34:50+00:00,S11,11,S10,S12,60.0,56.48,1,ACTIVE
MS003300,2026-08-26 08:34:55+00:00,S12,12,S11,,60.0,58.71,1,ACTIVE
MS003301,2026-08-26 08:35:00+00:00,S01,1,,S02,60.0,58.1,1,ACTIVE
MS003302,2026-08-26 08:35:05+00:00,S02,2,S01,S03,60.0,56.76,1,ACTIVE
MS003303,2026-08-26 08:35:10+00:00,S03,3,S02,S04,60.0,58.43,1,ACTIVE
MS003304,2026-08-26 08:35:15+00:00,S04,4,S03,S05,60.0,57.79,1,ACTIVE
MS003305,2026-08-26 08:35:20+00:00,S05,5,S04,S06,60.0,55.38,1,ACTIVE
MS003306,2026-08-26 08:35:25+00:00,S06,6,S05,S07,60.0,58.9,1,ACTIVE
MS003307,2026-08-26 08:35:30+00:00,S07,7,S06,S08,60.0,58.04,1,ACTIVE
MS003308,2026-08-26 08:35:35+00:00,S08,8,S07,S09,60.0,58.14,1,ACTIVE
MS003309,2026-08-26 08:35:40+00:00,S09,9,S08,S10,60.0,55.51,1,ACTIVE
MS003310,2026-08-26 08:35:45+00:00,S10,10,S09,S11,60.0,56.8,1,ACTIVE
MS003311,2026-08-26 08:35:50+00:00,S11,11,S10,S12,60.0,56.48,1,ACTIVE
MS003312,2026-08-26 08:35:55+00:00,S12,12,S11,,60.0,58.71,1,ACTIVE
MS003313,2026-08-26 08:36:00+00:00,S01,1,,S02,60.0,58.1,1,ACTIVE
MS003314,2026-08-26 08:36:05+00:00,S02,2,S01,S03,60.0,56.76,1,ACTIVE
MS003315,2026-08-26 08:36:10+00:00,S03,3,S02,S04,60.0,58.43,1,ACTIVE
MS003316,2026-08-26 08:36:15+00:00,S04,4,S03,S05,60.0,57.79,1,ACTIVE
MS003317,2026-08-26 08:36:20+00:00,S05,5,S04,S06,60.0,55.38,1,ACTIVE
MS003318,2026-08-26 08:36:25+00:00,S06,6,S05,S07,60.0,58.9,1,ACTIVE
MS003319,2026-08-26 08:36:30+00:00,S07,7,S06,S08,60.0,58.04,1,ACTIVE
MS003320,2026-08-26 08:36:35+00:00,S08,8,S07,S09,60.0,58.14,1,ACTIVE
MS003321,2026-08-26 08:36:40+00:00,S09,9,S08,S10,60.0,55.51,1,ACTIVE
MS003322,2026-08-26 08:36:45+00:00,S10,10,S09,S11,60.0,56.8,1,ACTIVE
MS003323,2026-08-26 08:36:50+00:00,S11,11,S10,S12,60.0,56.48,1,ACTIVE
MS003324,2026-08-26 08:36:55+00:00,S12,12,S11,,60.0,58.71,1,ACTIVE
MS003325,2026-08-26 08:37:00+00:00,S01,1,,S02,60.0,58.1,1,ACTIVE
MS003326,2026-08-26 08:37:05+00:00,S02,2,S01,S03,60.0,56.76,1,ACTIVE
MS003327,2026-08-26 08:37:10+00:00,S03,3,S02,S04,60.0,58.43,1,ACTIVE
MS003328,2026-08-26 08:37:15+00:00,S04,4,S03,S05,60.0,57.79,1,ACTIVE
MS003329,2026-08-26 08:37:20+00:00,S05,5,S04,S06,60.0,55.38,1,ACTIVE
MS003330,2026-08-26 08:37:25+00:00,S06,6,S05,S07,60.0,58.9,1,ACTIVE
MS003331,2026-08-26 08:37:30+00:00,S07,7,S06,S08,60.0,58.04,1,ACTIVE
MS003332,2026-08-26 08:37:35+00:00,S08,8,S07,S09,60.0,58.14,1,ACTIVE
MS003333,2026-08-26 08:37:40+00:00,S09,9,S08,S10,60.0,55.51,1,ACTIVE
MS003334,2026-08-26 08:37:45+00:00,S10,10,S09,S11,60.0,56.8,1,ACTIVE
MS003335,2026-08-26 08:37:50+00:00,S11,11,S10,S12,60.0,56.48,1,ACTIVE
MS003336,2026-08-26 08:37:55+00:00,S12,12,S11,,60.0,58.71,1,ACTIVE
MS003337,2026-08-26 08:38:00+00:00,S01,1,,S02,60.0,58.1,1,ACTIVE
MS003338,2026-08-26 08:38:05+00:00,S02,2,S01,S03,60.0,56.76,1,ACTIVE
MS003339,2026-08-26 08:38:10+00:00,S03,3,S02,S04,60.0,58.43,1,ACTIVE
MS003340,2026-08-26 08:38:15+00:00,S04,4,S03,S05,60.0,57.79,1,ACTIVE
MS003341,2026-08-26 08:38:20+00:00,S05,5,S04,S06,60.0,55.38,1,ACTIVE
MS003342,2026-08-26 08:38:25+00:00,S06,6,S05,S07,60.0,58.9,1,ACTIVE
MS003343,2026-08-26 08:38:30+00:00,S07,7,S06,S08,60.0,58.04,1,ACTIVE
MS003344,2026-08-26 08:38:35+00:00,S08,8,S07,S09,60.0,58.14,1,ACTIVE
MS003345,2026-08-26 08:38:40+00:00,S09,9,S08,S10,60.0,55.51,1,ACTIVE
MS003346,2026-08-26 08:38:45+00:00,S10,10,S09,S11,60.0,56.8,1,ACTIVE
MS003347,2026-08-26 08:38:50+00:00,S11,11,S10,S12,60.0,56.48,1,ACTIVE
MS003348,2026-08-26 08:38:55+00:00,S12,12,S11,,60.0,58.71,1,ACTIVE
MS003349,2026-08-26 08:39:00+00:00,S01,1,,S02,60.0,58.1,1,ACTIVE
MS003350,2026-08-26 08:39:05+00:00,S02,2,S01,S03,60.0,56.76,1,ACTIVE
MS003351,2026-08-26 08:39:10+00:00,S03,3,S02,S04,60.0,58.43,1,ACTIVE
MS003352,2026-08-26 08:39:15+00:00,S04,4,S03,S05,60.0,57.79,1,ACTIVE
MS003353,2026-08-26 08:39:20+00:00,S05,5,S04,S06,60.0,55.38,1,ACTIVE
MS003354,2026-08-26 08:39:25+00:00,S06,6,S05,S07,60.0,58.9,1,ACTIVE
MS003355,2026-08-26 08:39:30+00:00,S07,7,S06,S08,60.0,58.04,1,ACTIVE
MS003356,2026-08-26 08:39:35+00:00,S08,8,S07,S09,60.0,58.14,1,ACTIVE
MS003357,2026-08-26 08:39:40+00:00,S09,9,S08,S10,60.0,55.51,1,ACTIVE
MS003358,2026-08-26 08:39:45+00:00,S10,10,S09,S11,60.0,56.8,1,ACTIVE
MS003359,2026-08-26 08:39:50+00:00,S11,11,S10,S12,60.0,56.48,1,ACTIVE
MS003360,2026-08-26 08:39:55+00:00,S12,12,S11,,60.0,58.71,1,ACTIVE
MS003361,2026-08-26 08:40:00+00:00,S01,1,,S02,60.0,58.1,1,ACTIVE
MS003362,2026-08-26 08:40:05+00:00,S02,2,S01,S03,60.0,56.76,1,ACTIVE
MS003363,2026-08-26 08:40:10+00:00,S03,3,S02,S04,60.0,58.43,1,ACTIVE
MS003364,2026-08-26 08:40:15+00:00,S04,4,S03,S05,60.0,57.79,1,ACTIVE
MS003365,2026-08-26 08:40:20+00:00,S05,5,S04,S06,60.0,55.38,1,ACTIVE
MS003366,2026-08-26 08:40:25+00:00,S06,6,S05,S07,60.0,58.9,1,ACTIVE
MS003367,2026-08-26 08:40:30+00:00,S07,7,S06,S08,60.0,58.04,1,ACTIVE
MS003368,2026-08-26 08:40:35+00:00,S08,8,S07,S09,60.0,58.14,1,ACTIVE
MS003369,2026-08-26 08:40:40+00:00,S09,9,S08,S10,60.0,55.51,1,ACTIVE
MS003370,2026-08-26 08:40:45+00:00,S10,10,S09,S11,60.0,56.8,1,ACTIVE
MS003371,2026-08-26 08:40:50+00:00,S11,11,S10,S12,60.0,56.48,1,ACTIVE
MS003372,2026-08-26 08:40:55+00:00,S12,12,S11,,60.0,58.71,1,ACTIVE
MS003373,2026-08-26 08:41:00+00:00,S01,1,,S02,60.0,58.1,1,ACTIVE
MS003374,2026-08-26 08:41:05+00:00,S02,2,S01,S03,60.0,56.76,1,ACTIVE
MS003375,2026-08-26 08:41:10+00:00,S03,3,S02,S04,60.0,58.43,1,ACTIVE
MS003376,2026-08-26 08:41:15+00:00,S04,4,S03,S05,60.0,57.79,1,ACTIVE
MS003377,2026-08-26 08:41:20+00:00,S05,5,S04,S06,60.0,55.38,1,ACTIVE
MS003378,2026-08-26 08:41:25+00:00,S06,6,S05,S07,60.0,58.9,1,ACTIVE
MS003379,2026-08-26 08:41:30+00:00,S07,7,S06,S08,60.0,58.04,1,ACTIVE
MS003380,2026-08-26 08:41:35+00:00,S08,8,S07,S09,60.0,58.14,1,ACTIVE
MS003381,2026-08-26 08:41:40+00:00,S09,9,S08,S10,60.0,55.51,1,ACTIVE
MS003382,2026-08-26 08:41:45+00:00,S10,10,S09,S11,60.0,56.8,1,ACTIVE
MS003383,2026-08-26 08:41:50+00:00,S11,11,S10,S12,60.0,56.48,1,ACTIVE
MS003384,2026-08-26 08:41:55+00:00,S12,12,S11,,60.0,58.71,1,ACTIVE
MS003385,2026-08-26 08:42:00+00:00,S01,1,,S02,60.0,58.1,1,ACTIVE
MS003386,2026-08-26 08:42:05+00:00,S02,2,S01,S03,60.0,56.76,1,ACTIVE
MS003387,2026-08-26 08:42:10+00:00,S03,3,S02,S04,60.0,58.43,1,ACTIVE
MS003388,2026-08-26 08:42:15+00:00,S04,4,S03,S05,60.0,57.79,1,ACTIVE
MS003389,2026-08-26 08:42:20+00:00,S05,5,S04,S06,60.0,55.38,1,ACTIVE
MS003390,2026-08-26 08:42:25+00:00,S06,6,S05,S07,60.0,58.9,1,ACTIVE
MS003391,2026-08-26 08:42:30+00:00,S07,7,S06,S08,60.0,58.04,1,ACTIVE
MS003392,2026-08-26 08:42:35+00:00,S08,8,S07,S09,60.0,58.14,1,ACTIVE
MS003393,2026-08-26 08:42:40+00:00,S09,9,S08,S10,60.0,55.51,1,ACTIVE
MS003394,2026-08-26 08:42:45+00:00,S10,10,S09,S11,60.0,56.8,1,ACTIVE
MS003395,2026-08-26 08:42:50+00:00,S11,11,S10,S12,60.0,56.48,1,ACTIVE
MS003396,2026-08-26 08:42:55+00:00,S12,12,S11,,60.0,58.71,1,ACTIVE
MS003397,2026-08-26 08:43:00+00:00,S01,1,,S02,60.0,58.1,1,ACTIVE
MS003398,2026-08-26 08:43:05+00:00,S02,2,S01,S03,60.0,56.76,1,ACTIVE
MS003399,2026-08-26 08:43:10+00:00,S03,3,S02,S04,60.0,58.43,1,ACTIVE
MS003400,2026-08-26 08:43:15+00:00,S04,4,S03,S05,60.0,57.79,1,ACTIVE
MS003401,2026-08-26 08:43:20+00:00,S05,5,S04,S06,60.0,55.38,1,ACTIVE
MS003402,2026-08-26 08:43:25+00:00,S06,6,S05,S07,60.0,58.9,1,ACTIVE
MS003403,2026-08-26 08:43:30+00:00,S07,7,S06,S08,60.0,58.04,1,ACTIVE
MS003404,2026-08-26 08:43:35+00:00,S08,8,S07,S09,60.0,58.14,1,ACTIVE
MS003405,2026-08-26 08:43:40+00:00,S09,9,S08,S10,60.0,55.51,1,ACTIVE
MS003406,2026-08-26 08:43:45+00:00,S10,10,S09,S11,60.0,56.8,1,ACTIVE
MS003407,2026-08-26 08:43:50+00:00,S11,11,S10,S12,60.0,56.48,1,ACTIVE
MS003408,2026-08-26 08:43:55+00:00,S12,12,S11,,60.0,58.71,1,ACTIVE
MS003409,2026-08-26 08:44:00+00:00,S01,1,,S02,60.0,58.1,1,ACTIVE
MS003410,2026-08-26 08:44:05+00:00,S02,2,S01,S03,60.0,56.76,1,ACTIVE
MS003411,2026-08-26 08:44:10+00:00,S03,3,S02,S04,60.0,58.43,1,ACTIVE
MS003412,2026-08-26 08:44:15+00:00,S04,4,S03,S05,60.0,57.79,1,ACTIVE
MS003413,2026-08-26 08:44:20+00:00,S05,5,S04,S06,60.0,55.38,1,ACTIVE
MS003414,2026-08-26 08:44:25+00:00,S06,6,S05,S07,60.0,58.9,1,ACTIVE
MS003415,2026-08-26 08:44:30+00:00,S07,7,S06,S08,60.0,58.04,1,ACTIVE
MS003416,2026-08-26 08:44:35+00:00,S08,8,S07,S09,60.0,58.14,1,ACTIVE
MS003417,2026-08-26 08:44:40+00:00,S09,9,S08,S10,60.0,55.51,1,ACTIVE
MS003418,2026-08-26 08:44:45+00:00,S10,10,S09,S11,60.0,56.8,1,ACTIVE
MS003419,2026-08-26 08:44:50+00:00,S11,11,S10,S12,60.0,56.48,1,ACTIVE
MS003420,2026-08-26 08:44:55+00:00,S12,12,S11,,60.0,58.71,1,ACTIVE
MS003421,2026-08-26 08:45:00+00:00,S01,1,,S02,60.0,58.1,1,ACTIVE
MS003422,2026-08-26 08:45:05+00:00,S02,2,S01,S03,60.0,56.76,1,ACTIVE
MS003423,2026-08-26 08:45:10+00:00,S03,3,S02,S04,60.0,58.43,1,ACTIVE
MS003424,2026-08-26 08:45:15+00:00,S04,4,S03,S05,60.0,57.79,1,ACTIVE
MS003425,2026-08-26 08:45:20+00:00,S05,5,S04,S06,60.0,55.38,1,ACTIVE
MS003426,2026-08-26 08:45:25+00:00,S06,6,S05,S07,60.0,58.9,1,ACTIVE
MS003427,2026-08-26 08:45:30+00:00,S07,7,S06,S08,60.0,58.04,1,ACTIVE
MS003428,2026-08-26 08:45:35+00:00,S08,8,S07,S09,60.0,58.14,1,ACTIVE
MS003429,2026-08-26 08:45:40+00:00,S09,9,S08,S10,60.0,55.51,1,ACTIVE
MS003430,2026-08-26 08:45:45+00:00,S10,10,S09,S11,60.0,56.8,1,ACTIVE
MS003431,2026-08-26 08:45:50+00:00,S11,11,S10,S12,60.0,56.48,1,ACTIVE
MS003432,2026-08-26 08:45:55+00:00,S12,12,S11,,60.0,58.71,1,ACTIVE
MS003433,2026-08-26 08:46:00+00:00,S01,1,,S02,60.0,58.1,1,ACTIVE
MS003434,2026-08-26 08:46:05+00:00,S02,2,S01,S03,60.0,56.76,1,ACTIVE
MS003435,2026-08-26 08:46:10+00:00,S03,3,S02,S04,60.0,58.43,1,ACTIVE
MS003436,2026-08-26 08:46:15+00:00,S04,4,S03,S05,60.0,57.79,1,ACTIVE
MS003437,2026-08-26 08:46:20+00:00,S05,5,S04,S06,60.0,55.38,1,ACTIVE
MS003438,2026-08-26 08:46:25+00:00,S06,6,S05,S07,60.0,58.9,1,ACTIVE
MS003439,2026-08-26 08:46:30+00:00,S07,7,S06,S08,60.0,58.04,1,ACTIVE
MS003440,2026-08-26 08:46:35+00:00,S08,8,S07,S09,60.0,58.14,1,ACTIVE
MS003441,2026-08-26 08:46:40+00:00,S09,9,S08,S10,60.0,55.51,1,ACTIVE
MS003442,2026-08-26 08:46:45+00:00,S10,10,S09,S11,60.0,56.8,1,ACTIVE
MS003443,2026-08-26 08:46:50+00:00,S11,11,S10,S12,60.0,56.48,1,ACTIVE
MS003444,2026-08-26 08:46:55+00:00,S12,12,S11,,60.0,58.71,1,ACTIVE
MS003445,2026-08-26 08:47:00+00:00,S01,1,,S02,60.0,58.1,1,ACTIVE
MS003446,2026-08-26 08:47:05+00:00,S02,2,S01,S03,60.0,56.76,1,ACTIVE
MS003447,2026-08-26 08:47:10+00:00,S03,3,S02,S04,60.0,58.43,1,ACTIVE
MS003448,2026-08-26 08:47:15+00:00,S04,4,S03,S05,60.0,57.79,1,ACTIVE
MS003449,2026-08-26 08:47:20+00:00,S05,5,S04,S06,60.0,55.38,1,ACTIVE
MS003450,2026-08-26 08:47:25+00:00,S06,6,S05,S07,60.0,58.9,1,ACTIVE
MS003451,2026-08-26 08:47:30+00:00,S07,7,S06,S08,60.0,58.04,1,ACTIVE
MS003452,2026-08-26 08:47:35+00:00,S08,8,S07,S09,60.0,58.14,1,ACTIVE
MS003453,2026-08-26 08:47:40+00:00,S09,9,S08,S10,60.0,55.51,1,ACTIVE
MS003454,2026-08-26 08:47:45+00:00,S10,10,S09,S11,60.0,56.8,1,ACTIVE
MS003455,2026-08-26 08:47:50+00:00,S11,11,S10,S12,60.0,56.48,1,ACTIVE
MS003456,2026-08-26 08:47:55+00:00,S12,12,S11,,60.0,58.71,1,ACTIVE
MS003457,2026-08-26 08:48:00+00:00,S01,1,,S02,60.0,58.1,1,ACTIVE
MS003458,2026-08-26 08:48:05+00:00,S02,2,S01,S03,60.0,56.76,1,ACTIVE
MS003459,2026-08-26 08:48:10+00:00,S03,3,S02,S04,60.0,58.43,1,ACTIVE
MS003460,2026-08-26 08:48:15+00:00,S04,4,S03,S05,60.0,57.79,1,ACTIVE
MS003461,2026-08-26 08:48:20+00:00,S05,5,S04,S06,60.0,55.38,1,ACTIVE
MS003462,2026-08-26 08:48:25+00:00,S06,6,S05,S07,60.0,58.9,1,ACTIVE
MS003463,2026-08-26 08:48:30+00:00,S07,7,S06,S08,60.0,58.04,1,ACTIVE
MS003464,2026-08-26 08:48:35+00:00,S08,8,S07,S09,60.0,58.14,1,ACTIVE
MS003465,2026-08-26 08:48:40+00:00,S09,9,S08,S10,60.0,55.51,1,ACTIVE
MS003466,2026-08-26 08:48:45+00:00,S10,10,S09,S11,60.0,56.8,1,ACTIVE
MS003467,2026-08-26 08:48:50+00:00,S11,11,S10,S12,60.0,56.48,1,ACTIVE
MS003468,2026-08-26 08:48:55+00:00,S12,12,S11,,60.0,58.71,1,ACTIVE
MS003469,2026-08-26 08:49:00+00:00,S01,1,,S02,60.0,58.1,1,ACTIVE
MS003470,2026-08-26 08:49:05+00:00,S02,2,S01,S03,60.0,56.76,1,ACTIVE
MS003471,2026-08-26 08:49:10+00:00,S03,3,S02,S04,60.0,58.43,1,ACTIVE
MS003472,2026-08-26 08:49:15+00:00,S04,4,S03,S05,60.0,57.79,1,ACTIVE
MS003473,2026-08-26 08:49:20+00:00,S05,5,S04,S06,60.0,55.38,1,ACTIVE
MS003474,2026-08-26 08:49:25+00:00,S06,6,S05,S07,60.0,58.9,1,ACTIVE
MS003475,2026-08-26 08:49:30+00:00,S07,7,S06,S08,60.0,58.04,1,ACTIVE
MS003476,2026-08-26 08:49:35+00:00,S08,8,S07,S09,60.0,58.14,1,ACTIVE
MS003477,2026-08-26 08:49:40+00:00,S09,9,S08,S10,60.0,55.51,1,ACTIVE
MS003478,2026-08-26 08:49:45+00:00,S10,10,S09,S11,60.0,56.8,1,ACTIVE
MS003479,2026-08-26 08:49:50+00:00,S11,11,S10,S12,60.0,56.48,1,ACTIVE
MS003480,2026-08-26 08:49:55+00:00,S12,12,S11,,60.0,58.71,1,ACTIVE
MS003481,2026-08-26 08:50:00+00:00,S01,1,,S02,60.0,58.1,1,ACTIVE
MS003482,2026-08-26 08:50:05+00:00,S02,2,S01,S03,60.0,56.76,1,ACTIVE
MS003483,2026-08-26 08:50:10+00:00,S03,3,S02,S04,60.0,58.43,1,ACTIVE
MS003484,2026-08-26 08:50:15+00:00,S04,4,S03,S05,60.0,57.79,1,ACTIVE
MS003485,2026-08-26 08:50:20+00:00,S05,5,S04,S06,60.0,55.38,1,ACTIVE
MS003486,2026-08-26 08:50:25+00:00,S06,6,S05,S07,60.0,58.9,1,ACTIVE
MS003487,2026-08-26 08:50:30+00:00,S07,7,S06,S08,60.0,58.04,1,ACTIVE
MS003488,2026-08-26 08:50:35+00:00,S08,8,S07,S09,60.0,58.14,1,ACTIVE
MS003489,2026-08-26 08:50:40+00:00,S09,9,S08,S10,60.0,55.51,1,ACTIVE
MS003490,2026-08-26 08:50:45+00:00,S10,10,S09,S11,60.0,56.8,1,ACTIVE
MS003491,2026-08-26 08:50:50+00:00,S11,11,S10,S12,60.0,56.48,1,ACTIVE
MS003492,2026-08-26 08:50:55+00:00,S12,12,S11,,60.0,58.71,1,ACTIVE
MS003493,2026-08-26 08:51:00+00:00,S01,1,,S02,60.0,58.1,1,ACTIVE
MS003494,2026-08-26 08:51:05+00:00,S02,2,S01,S03,60.0,56.76,1,ACTIVE
MS003495,2026-08-26 08:51:10+00:00,S03,3,S02,S04,60.0,58.43,1,ACTIVE
MS003496,2026-08-26 08:51:15+00:00,S04,4,S03,S05,60.0,57.79,1,ACTIVE
MS003497,2026-08-26 08:51:20+00:00,S05,5,S04,S06,60.0,55.38,1,ACTIVE
MS003498,2026-08-26 08:51:25+00:00,S06,6,S05,S07,60.0,58.9,1,ACTIVE
MS003499,2026-08-26 08:51:30+00:00,S07,7,S06,S08,60.0,58.04,1,ACTIVE
MS003500,2026-08-26 08:51:35+00:00,S08,8,S07,S09,60.0,58.14,1,ACTIVE
MS003501,2026-08-26 08:51:40+00:00,S09,9,S08,S10,60.0,55.51,1,ACTIVE
MS003502,2026-08-26 08:51:45+00:00,S10,10,S09,S11,60.0,56.8,1,ACTIVE
MS003503,2026-08-26 08:51:50+00:00,S11,11,S10,S12,60.0,56.48,1,ACTIVE
MS003504,2026-08-26 08:51:55+00:00,S12,12,S11,,60.0,58.71,1,ACTIVE
MS003505,2026-08-26 08:52:00+00:00,S01,1,,S02,60.0,58.1,1,ACTIVE
MS003506,2026-08-26 08:52:05+00:00,S02,2,S01,S03,60.0,56.76,1,ACTIVE
MS003507,2026-08-26 08:52:10+00:00,S03,3,S02,S04,60.0,58.43,1,ACTIVE
MS003508,2026-08-26 08:52:15+00:00,S04,4,S03,S05,60.0,57.79,1,ACTIVE
MS003509,2026-08-26 08:52:20+00:00,S05,5,S04,S06,60.0,55.38,1,ACTIVE
MS003510,2026-08-26 08:52:25+00:00,S06,6,S05,S07,60.0,58.9,1,ACTIVE
MS003511,2026-08-26 08:52:30+00:00,S07,7,S06,S08,60.0,58.04,1,ACTIVE
MS003512,2026-08-26 08:52:35+00:00,S08,8,S07,S09,60.0,58.14,1,ACTIVE
MS003513,2026-08-26 08:52:40+00:00,S09,9,S08,S10,60.0,55.51,1,ACTIVE
MS003514,2026-08-26 08:52:45+00:00,S10,10,S09,S11,60.0,56.8,1,ACTIVE
MS003515,2026-08-26 08:52:50+00:00,S11,11,S10,S12,60.0,56.48,1,ACTIVE
MS003516,2026-08-26 08:52:55+00:00,S12,12,S11,,60.0,58.71,1,ACTIVE
MS003517,2026-08-26 08:53:00+00:00,S01,1,,S02,60.0,58.1,1,ACTIVE
MS003518,2026-08-26 08:53:05+00:00,S02,2,S01,S03,60.0,56.76,1,ACTIVE
MS003519,2026-08-26 08:53:10+00:00,S03,3,S02,S04,60.0,58.43,1,ACTIVE
MS003520,2026-08-26 08:53:15+00:00,S04,4,S03,S05,60.0,57.79,1,ACTIVE
MS003521,2026-08-26 08:53:20+00:00,S05,5,S04,S06,60.0,55.38,1,ACTIVE
MS003522,2026-08-26 08:53:25+00:00,S06,6,S05,S07,60.0,58.9,1,ACTIVE
MS003523,2026-08-26 08:53:30+00:00,S07,7,S06,S08,60.0,58.04,1,ACTIVE
MS003524,2026-08-26 08:53:35+00:00,S08,8,S07,S09,60.0,58.14,1,ACTIVE
MS003525,2026-08-26 08:53:40+00:00,S09,9,S08,S10,60.0,55.51,1,ACTIVE
MS003526,2026-08-26 08:53:45+00:00,S10,10,S09,S11,60.0,56.8,1,ACTIVE
MS003527,2026-08-26 08:53:50+00:00,S11,11,S10,S12,60.0,56.48,1,ACTIVE
MS003528,2026-08-26 08:53:55+00:00,S12,12,S11,,60.0,58.71,1,ACTIVE
MS003529,2026-08-26 08:54:00+00:00,S01,1,,S02,60.0,58.1,1,ACTIVE
MS003530,2026-08-26 08:54:05+00:00,S02,2,S01,S03,60.0,56.76,1,ACTIVE
MS003531,2026-08-26 08:54:10+00:00,S03,3,S02,S04,60.0,58.43,1,ACTIVE
MS003532,2026-08-26 08:54:15+00:00,S04,4,S03,S05,60.0,57.79,1,ACTIVE
MS003533,2026-08-26 08:54:20+00:00,S05,5,S04,S06,60.0,55.38,1,ACTIVE
MS003534,2026-08-26 08:54:25+00:00,S06,6,S05,S07,60.0,58.9,1,ACTIVE
MS003535,2026-08-26 08:54:30+00:00,S07,7,S06,S08,60.0,58.04,1,ACTIVE
MS003536,2026-08-26 08:54:35+00:00,S08,8,S07,S09,60.0,58.14,1,ACTIVE
MS003537,2026-08-26 08:54:40+00:00,S09,9,S08,S10,60.0,55.51,1,ACTIVE
MS003538,2026-08-26 08:54:45+00:00,S10,10,S09,S11,60.0,56.8,1,ACTIVE
MS003539,2026-08-26 08:54:50+00:00,S11,11,S10,S12,60.0,56.48,1,ACTIVE
MS003540,2026-08-26 08:54:55+00:00,S12,12,S11,,60.0,58.71,1,ACTIVE
MS003541,2026-08-26 08:55:00+00:00,S01,1,,S02,60.0,58.1,1,ACTIVE
MS003542,2026-08-26 08:55:05+00:00,S02,2,S01,S03,60.0,56.76,1,ACTIVE
MS003543,2026-08-26 08:55:10+00:00,S03,3,S02,S04,60.0,58.43,1,ACTIVE
MS003544,2026-08-26 08:55:15+00:00,S04,4,S03,S05,60.0,57.79,1,ACTIVE
MS003545,2026-08-26 08:55:20+00:00,S05,5,S04,S06,60.0,55.38,1,ACTIVE
MS003546,2026-08-26 08:55:25+00:00,S06,6,S05,S07,60.0,58.9,1,ACTIVE
MS003547,2026-08-26 08:55:30+00:00,S07,7,S06,S08,60.0,58.04,1,ACTIVE
MS003548,2026-08-26 08:55:35+00:00,S08,8,S07,S09,60.0,58.14,1,ACTIVE
MS003549,2026-08-26 08:55:40+00:00,S09,9,S08,S10,60.0,55.51,1,ACTIVE
MS003550,2026-08-26 08:55:45+00:00,S10,10,S09,S11,60.0,56.8,1,ACTIVE
MS003551,2026-08-26 08:55:50+00:00,S11,11,S10,S12,60.0,56.48,1,ACTIVE
MS003552,2026-08-26 08:55:55+00:00,S12,12,S11,,60.0,58.71,1,ACTIVE
MS003553,2026-08-26 08:56:00+00:00,S01,1,,S02,60.0,58.1,1,ACTIVE
MS003554,2026-08-26 08:56:05+00:00,S02,2,S01,S03,60.0,56.76,1,ACTIVE
MS003555,2026-08-26 08:56:10+00:00,S03,3,S02,S04,60.0,58.43,1,ACTIVE
MS003556,2026-08-26 08:56:15+00:00,S04,4,S03,S05,60.0,57.79,1,ACTIVE
MS003557,2026-08-26 08:56:20+00:00,S05,5,S04,S06,60.0,55.38,1,ACTIVE
MS003558,2026-08-26 08:56:25+00:00,S06,6,S05,S07,60.0,58.9,1,ACTIVE
MS003559,2026-08-26 08:56:30+00:00,S07,7,S06,S08,60.0,58.04,1,ACTIVE
MS003560,2026-08-26 08:56:35+00:00,S08,8,S07,S09,60.0,58.14,1,ACTIVE
MS003561,2026-08-26 08:56:40+00:00,S09,9,S08,S10,60.0,55.51,1,ACTIVE
MS003562,2026-08-26 08:56:45+00:00,S10,10,S09,S11,60.0,56.8,1,ACTIVE
MS003563,2026-08-26 08:56:50+00:00,S11,11,S10,S12,60.0,56.48,1,ACTIVE
MS003564,2026-08-26 08:56:55+00:00,S12,12,S11,,60.0,58.71,1,ACTIVE
MS003565,2026-08-26 08:57:00+00:00,S01,1,,S02,60.0,58.1,1,ACTIVE
MS003566,2026-08-26 08:57:05+00:00,S02,2,S01,S03,60.0,56.76,1,ACTIVE
MS003567,2026-08-26 08:57:10+00:00,S03,3,S02,S04,60.0,58.43,1,ACTIVE
MS003568,2026-08-26 08:57:15+00:00,S04,4,S03,S05,60.0,57.79,1,ACTIVE
MS003569,2026-08-26 08:57:20+00:00,S05,5,S04,S06,60.0,55.38,1,ACTIVE
MS003570,2026-08-26 08:57:25+00:00,S06,6,S05,S07,60.0,58.9,1,ACTIVE
MS003571,2026-08-26 08:57:30+00:00,S07,7,S06,S08,60.0,58.04,1,ACTIVE
MS003572,2026-08-26 08:57:35+00:00,S08,8,S07,S09,60.0,58.14,1,ACTIVE
MS003573,2026-08-26 08:57:40+00:00,S09,9,S08,S10,60.0,55.51,1,ACTIVE
MS003574,2026-08-26 08:57:45+00:00,S10,10,S09,S11,60.0,56.8,1,ACTIVE
MS003575,2026-08-26 08:57:50+00:00,S11,11,S10,S12,60.0,56.48,1,ACTIVE
MS003576,2026-08-26 08:57:55+00:00,S12,12,S11,,60.0,58.71,1,ACTIVE
MS003577,2026-08-26 08:58:00+00:00,S01,1,,S02,60.0,58.1,1,ACTIVE
MS003578,2026-08-26 08:58:05+00:00,S02,2,S01,S03,60.0,56.76,1,ACTIVE
MS003579,2026-08-26 08:58:10+00:00,S03,3,S02,S04,60.0,58.43,1,ACTIVE
MS003580,2026-08-26 08:58:15+00:00,S04,4,S03,S05,60.0,57.79,1,ACTIVE
MS003581,2026-08-26 08:58:20+00:00,S05,5,S04,S06,60.0,55.38,1,ACTIVE
MS003582,2026-08-26 08:58:25+00:00,S06,6,S05,S07,60.0,58.9,1,ACTIVE
MS003583,2026-08-26 08:58:30+00:00,S07,7,S06,S08,60.0,58.04,1,ACTIVE
MS003584,2026-08-26 08:58:35+00:00,S08,8,S07,S09,60.0,58.14,1,ACTIVE
MS003585,2026-08-26 08:58:40+00:00,S09,9,S08,S10,60.0,55.51,1,ACTIVE
MS003586,2026-08-26 08:58:45+00:00,S10,10,S09,S11,60.0,56.8,1,ACTIVE
MS003587,2026-08-26 08:58:50+00:00,S11,11,S10,S12,60.0,56.48,1,ACTIVE
MS003588,2026-08-26 08:58:55+00:00,S12,12,S11,,60.0,58.71,1,ACTIVE
MS003589,2026-08-26 08:59:00+00:00,S01,1,,S02,60.0,58.1,1,ACTIVE
MS003590,2026-08-26 08:59:05+00:00,S02,2,S01,S03,60.0,56.76,1,ACTIVE
MS003591,2026-08-26 08:59:10+00:00,S03,3,S02,S04,60.0,58.43,1,ACTIVE
MS003592,2026-08-26 08:59:15+00:00,S04,4,S03,S05,60.0,57.79,1,ACTIVE
MS003593,2026-08-26 08:59:20+00:00,S05,5,S04,S06,60.0,55.38,1,ACTIVE
MS003594,2026-08-26 08:59:25+00:00,S06,6,S05,S07,60.0,58.9,1,ACTIVE
MS003595,2026-08-26 08:59:30+00:00,S07,7,S06,S08,60.0,58.04,1,ACTIVE
MS003596,2026-08-26 08:59:35+00:00,S08,8,S07,S09,60.0,58.14,1,ACTIVE
MS003597,2026-08-26 08:59:40+00:00,S09,9,S08,S10,60.0,55.51,1,ACTIVE
MS003598,2026-08-26 08:59:45+00:00,S10,10,S09,S11,60.0,56.8,1,ACTIVE
MS003599,2026-08-26 08:59:50+00:00,S11,11,S10,S12,60.0,56.48,1,ACTIVE
MS003600,2026-08-26 08:59:55+00:00,S12,12,S11,,60.0,58.71,1,ACTIVE
MS003601,2026-08-26 09:00:00+00:00,S01,1,,S02,60.0,58.1,1,ACTIVE
MS003602,2026-08-26 09:00:05+00:00,S02,2,S01,S03,60.0,56.76,1,ACTIVE
MS003603,2026-08-26 09:00:10+00:00,S03,3,S02,S04,60.0,58.43,1,ACTIVE
MS003604,2026-08-26 09:00:15+00:00,S04,4,S03,S05,60.0,57.79,1,ACTIVE
MS003605,2026-08-26 09:00:20+00:00,S05,5,S04,S06,60.0,55.38,1,ACTIVE
MS003606,2026-08-26 09:00:25+00:00,S06,6,S05,S07,60.0,58.9,1,ACTIVE
MS003607,2026-08-26 09:00:30+00:00,S07,7,S06,S08,60.0,58.04,1,ACTIVE
MS003608,2026-08-26 09:00:35+00:00,S08,8,S07,S09,60.0,58.14,1,ACTIVE
MS003609,2026-08-26 09:00:40+00:00,S09,9,S08,S10,60.0,55.51,1,ACTIVE
MS003610,2026-08-26 09:00:45+00:00,S10,10,S09,S11,60.0,56.8,1,ACTIVE
MS003611,2026-08-26 09:00:50+00:00,S11,11,S10,S12,60.0,56.48,1,ACTIVE
MS003612,2026-08-26 09:00:55+00:00,S12,12,S11,,60.0,58.71,1,ACTIVE
MS003613,2026-08-26 09:01:00+00:00,S01,1,,S02,60.0,58.1,1,ACTIVE
MS003614,2026-08-26 09:01:05+00:00,S02,2,S01,S03,60.0,56.76,1,ACTIVE
MS003615,2026-08-26 09:01:10+00:00,S03,3,S02,S04,60.0,58.43,1,ACTIVE
MS003616,2026-08-26 09:01:15+00:00,S04,4,S03,S05,60.0,57.79,1,ACTIVE
MS003617,2026-08-26 09:01:20+00:00,S05,5,S04,S06,60.0,55.38,1,ACTIVE
MS003618,2026-08-26 09:01:25+00:00,S06,6,S05,S07,60.0,58.9,1,ACTIVE
MS003619,2026-08-26 09:01:30+00:00,S07,7,S06,S08,60.0,58.04,1,ACTIVE
MS003620,2026-08-26 09:01:35+00:00,S08,8,S07,S09,60.0,58.14,1,ACTIVE
MS003621,2026-08-26 09:01:40+00:00,S09,9,S08,S10,60.0,55.51,1,ACTIVE
MS003622,2026-08-26 09:01:45+00:00,S10,10,S09,S11,60.0,56.8,1,ACTIVE
MS003623,2026-08-26 09:01:50+00:00,S11,11,S10,S12,60.0,56.48,1,ACTIVE
MS003624,2026-08-26 09:01:55+00:00,S12,12,S11,,60.0,58.71,1,ACTIVE
MS003625,2026-08-26 09:02:00+00:00,S01,1,,S02,60.0,58.1,1,ACTIVE
MS003626,2026-08-26 09:02:05+00:00,S02,2,S01,S03,60.0,56.76,1,ACTIVE
MS003627,2026-08-26 09:02:10+00:00,S03,3,S02,S04,60.0,58.43,1,ACTIVE
MS003628,2026-08-26 09:02:15+00:00,S04,4,S03,S05,60.0,57.79,1,ACTIVE
MS003629,2026-08-26 09:02:20+00:00,S05,5,S04,S06,60.0,55.38,1,ACTIVE
MS003630,2026-08-26 09:02:25+00:00,S06,6,S05,S07,60.0,58.9,1,ACTIVE
MS003631,2026-08-26 09:02:30+00:00,S07,7,S06,S08,60.0,58.04,1,ACTIVE
MS003632,2026-08-26 09:02:35+00:00,S08,8,S07,S09,60.0,58.14,1,ACTIVE
MS003633,2026-08-26 09:02:40+00:00,S09,9,S08,S10,60.0,55.51,1,ACTIVE
MS003634,2026-08-26 09:02:45+00:00,S10,10,S09,S11,60.0,56.8,1,ACTIVE
MS003635,2026-08-26 09:02:50+00:00,S11,11,S10,S12,60.0,56.48,1,ACTIVE
MS003636,2026-08-26 09:02:55+00:00,S12,12,S11,,60.0,58.71,1,ACTIVE
MS003637,2026-08-26 09:03:00+00:00,S01,1,,S02,60.0,58.1,1,ACTIVE
MS003638,2026-08-26 09:03:05+00:00,S02,2,S01,S03,60.0,56.76,1,ACTIVE
MS003639,2026-08-26 09:03:10+00:00,S03,3,S02,S04,60.0,58.43,1,ACTIVE
MS003640,2026-08-26 09:03:15+00:00,S04,4,S03,S05,60.0,57.79,1,ACTIVE
MS003641,2026-08-26 09:03:20+00:00,S05,5,S04,S06,60.0,55.38,1,ACTIVE
MS003642,2026-08-26 09:03:25+00:00,S06,6,S05,S07,60.0,58.9,1,ACTIVE
MS003643,2026-08-26 09:03:30+00:00,S07,7,S06,S08,60.0,58.04,1,ACTIVE
MS003644,2026-08-26 09:03:35+00:00,S08,8,S07,S09,60.0,58.14,1,ACTIVE
MS003645,2026-08-26 09:03:40+00:00,S09,9,S08,S10,60.0,55.51,1,ACTIVE
MS003646,2026-08-26 09:03:45+00:00,S10,10,S09,S11,60.0,56.8,1,ACTIVE
MS003647,2026-08-26 09:03:50+00:00,S11,11,S10,S12,60.0,56.48,1,ACTIVE
MS003648,2026-08-26 09:03:55+00:00,S12,12,S11,,60.0,58.71,1,ACTIVE
MS003649,2026-08-26 09:04:00+00:00,S01,1,,S02,60.0,58.1,1,ACTIVE
MS003650,2026-08-26 09:04:05+00:00,S02,2,S01,S03,60.0,56.76,1,ACTIVE
MS003651,2026-08-26 09:04:10+00:00,S03,3,S02,S04,60.0,58.43,1,ACTIVE
MS003652,2026-08-26 09:04:15+00:00,S04,4,S03,S05,60.0,57.79,1,ACTIVE
MS003653,2026-08-26 09:04:20+00:00,S05,5,S04,S06,60.0,55.38,1,ACTIVE
MS003654,2026-08-26 09:04:25+00:00,S06,6,S05,S07,60.0,58.9,1,ACTIVE
MS003655,2026-08-26 09:04:30+00:00,S07,7,S06,S08,60.0,58.04,1,ACTIVE
MS003656,2026-08-26 09:04:35+00:00,S08,8,S07,S09,60.0,58.14,1,ACTIVE
MS003657,2026-08-26 09:04:40+00:00,S09,9,S08,S10,60.0,55.51,1,ACTIVE
MS003658,2026-08-26 09:04:45+00:00,S10,10,S09,S11,60.0,56.8,1,ACTIVE
MS003659,2026-08-26 09:04:50+00:00,S11,11,S10,S12,60.0,56.48,1,ACTIVE
MS003660,2026-08-26 09:04:55+00:00,S12,12,S11,,60.0,58.71,1,ACTIVE
MS003661,2026-08-26 09:05:00+00:00,S01,1,,S02,60.0,58.1,1,ACTIVE
MS003662,2026-08-26 09:05:05+00:00,S02,2,S01,S03,60.0,56.76,1,ACTIVE
MS003663,2026-08-26 09:05:10+00:00,S03,3,S02,S04,60.0,58.43,1,ACTIVE
MS003664,2026-08-26 09:05:15+00:00,S04,4,S03,S05,60.0,57.79,1,ACTIVE
MS003665,2026-08-26 09:05:20+00:00,S05,5,S04,S06,60.0,55.38,1,ACTIVE
MS003666,2026-08-26 09:05:25+00:00,S06,6,S05,S07,60.0,58.9,1,ACTIVE
MS003667,2026-08-26 09:05:30+00:00,S07,7,S06,S08,60.0,58.04,1,ACTIVE
MS003668,2026-08-26 09:05:35+00:00,S08,8,S07,S09,60.0,58.14,1,ACTIVE
MS003669,2026-08-26 09:05:40+00:00,S09,9,S08,S10,60.0,55.51,1,ACTIVE
MS003670,2026-08-26 09:05:45+00:00,S10,10,S09,S11,60.0,56.8,1,ACTIVE
MS003671,2026-08-26 09:05:50+00:00,S11,11,S10,S12,60.0,56.48,1,ACTIVE
MS003672,2026-08-26 09:05:55+00:00,S12,12,S11,,60.0,58.71,1,ACTIVE
MS003673,2026-08-26 09:06:00+00:00,S01,1,,S02,60.0,58.1,1,ACTIVE
MS003674,2026-08-26 09:06:05+00:00,S02,2,S01,S03,60.0,56.76,1,ACTIVE
MS003675,2026-08-26 09:06:10+00:00,S03,3,S02,S04,60.0,58.43,1,ACTIVE
MS003676,2026-08-26 09:06:15+00:00,S04,4,S03,S05,60.0,57.79,1,ACTIVE
MS003677,2026-08-26 09:06:20+00:00,S05,5,S04,S06,60.0,55.38,1,ACTIVE
MS003678,2026-08-26 09:06:25+00:00,S06,6,S05,S07,60.0,58.9,1,ACTIVE
MS003679,2026-08-26 09:06:30+00:00,S07,7,S06,S08,60.0,58.04,1,ACTIVE
MS003680,2026-08-26 09:06:35+00:00,S08,8,S07,S09,60.0,58.14,1,ACTIVE
MS003681,2026-08-26 09:06:40+00:00,S09,9,S08,S10,60.0,55.51,1,ACTIVE
MS003682,2026-08-26 09:06:45+00:00,S10,10,S09,S11,60.0,56.8,1,ACTIVE
MS003683,2026-08-26 09:06:50+00:00,S11,11,S10,S12,60.0,56.48,1,ACTIVE
MS003684,2026-08-26 09:06:55+00:00,S12,12,S11,,60.0,58.71,1,ACTIVE
MS003685,2026-08-26 09:07:00+00:00,S01,1,,S02,60.0,58.1,1,ACTIVE
MS003686,2026-08-26 09:07:05+00:00,S02,2,S01,S03,60.0,56.76,1,ACTIVE
MS003687,2026-08-26 09:07:10+00:00,S03,3,S02,S04,60.0,58.43,1,ACTIVE
MS003688,2026-08-26 09:07:15+00:00,S04,4,S03,S05,60.0,57.79,1,ACTIVE
MS003689,2026-08-26 09:07:20+00:00,S05,5,S04,S06,60.0,55.38,1,ACTIVE
MS003690,2026-08-26 09:07:25+00:00,S06,6,S05,S07,60.0,58.9,1,ACTIVE
MS003691,2026-08-26 09:07:30+00:00,S07,7,S06,S08,60.0,58.04,1,ACTIVE
MS003692,2026-08-26 09:07:35+00:00,S08,8,S07,S09,60.0,58.14,1,ACTIVE
MS003693,2026-08-26 09:07:40+00:00,S09,9,S08,S10,60.0,55.51,1,ACTIVE
MS003694,2026-08-26 09:07:45+00:00,S10,10,S09,S11,60.0,56.8,1,ACTIVE
MS003695,2026-08-26 09:07:50+00:00,S11,11,S10,S12,60.0,56.48,1,ACTIVE
MS003696,2026-08-26 09:07:55+00:00,S12,12,S11,,60.0,58.71,1,ACTIVE
MS003697,2026-08-26 09:08:00+00:00,S01,1,,S02,60.0,58.1,1,ACTIVE
MS003698,2026-08-26 09:08:05+00:00,S02,2,S01,S03,60.0,56.76,1,ACTIVE
MS003699,2026-08-26 09:08:10+00:00,S03,3,S02,S04,60.0,58.43,1,ACTIVE
MS003700,2026-08-26 09:08:15+00:00,S04,4,S03,S05,60.0,57.79,1,ACTIVE
MS003701,2026-08-26 09:08:20+00:00,S05,5,S04,S06,60.0,55.38,1,ACTIVE
MS003702,2026-08-26 09:08:25+00:00,S06,6,S05,S07,60.0,58.9,1,ACTIVE
MS003703,2026-08-26 09:08:30+00:00,S07,7,S06,S08,60.0,58.04,1,ACTIVE
MS003704,2026-08-26 09:08:35+00:00,S08,8,S07,S09,60.0,58.14,1,ACTIVE
MS003705,2026-08-26 09:08:40+00:00,S09,9,S08,S10,60.0,55.51,1,ACTIVE
MS003706,2026-08-26 09:08:45+00:00,S10,10,S09,S11,60.0,56.8,1,ACTIVE
MS003707,2026-08-26 09:08:50+00:00,S11,11,S10,S12,60.0,56.48,1,ACTIVE
MS003708,2026-08-26 09:08:55+00:00,S12,12,S11,,60.0,58.71,1,ACTIVE
MS003709,2026-08-26 09:09:00+00:00,S01,1,,S02,60.0,58.1,1,ACTIVE
MS003710,2026-08-26 09:09:05+00:00,S02,2,S01,S03,60.0,56.76,1,ACTIVE
MS003711,2026-08-26 09:09:10+00:00,S03,3,S02,S04,60.0,58.43,1,ACTIVE
MS003712,2026-08-26 09:09:15+00:00,S04,4,S03,S05,60.0,57.79,1,ACTIVE
MS003713,2026-08-26 09:09:20+00:00,S05,5,S04,S06,60.0,55.38,1,ACTIVE
MS003714,2026-08-26 09:09:25+00:00,S06,6,S05,S07,60.0,58.9,1,ACTIVE
MS003715,2026-08-26 09:09:30+00:00,S07,7,S06,S08,60.0,58.04,1,ACTIVE
MS003716,2026-08-26 09:09:35+00:00,S08,8,S07,S09,60.0,58.14,1,ACTIVE
MS003717,2026-08-26 09:09:40+00:00,S09,9,S08,S10,60.0,55.51,1,ACTIVE
MS003718,2026-08-26 09:09:45+00:00,S10,10,S09,S11,60.0,56.8,1,ACTIVE
MS003719,2026-08-26 09:09:50+00:00,S11,11,S10,S12,60.0,56.48,1,ACTIVE
MS003720,2026-08-26 09:09:55+00:00,S12,12,S11,,60.0,58.71,1,ACTIVE
MS003721,2026-08-26 09:10:00+00:00,S01,1,,S02,60.0,58.1,1,ACTIVE
MS003722,2026-08-26 09:10:05+00:00,S02,2,S01,S03,60.0,56.76,1,ACTIVE
MS003723,2026-08-26 09:10:10+00:00,S03,3,S02,S04,60.0,58.43,1,ACTIVE
MS003724,2026-08-26 09:10:15+00:00,S04,4,S03,S05,60.0,57.79,1,ACTIVE
MS003725,2026-08-26 09:10:20+00:00,S05,5,S04,S06,60.0,55.38,1,ACTIVE
MS003726,2026-08-26 09:10:25+00:00,S06,6,S05,S07,60.0,58.9,1,ACTIVE
MS003727,2026-08-26 09:10:30+00:00,S07,7,S06,S08,60.0,58.04,1,ACTIVE
MS003728,2026-08-26 09:10:35+00:00,S08,8,S07,S09,60.0,58.14,1,ACTIVE
MS003729,2026-08-26 09:10:40+00:00,S09,9,S08,S10,60.0,55.51,1,ACTIVE
MS003730,2026-08-26 09:10:45+00:00,S10,10,S09,S11,60.0,56.8,1,ACTIVE
MS003731,2026-08-26 09:10:50+00:00,S11,11,S10,S12,60.0,56.48,1,ACTIVE
MS003732,2026-08-26 09:10:55+00:00,S12,12,S11,,60.0,58.71,1,ACTIVE
MS003733,2026-08-26 09:11:00+00:00,S01,1,,S02,60.0,58.1,1,ACTIVE
MS003734,2026-08-26 09:11:05+00:00,S02,2,S01,S03,60.0,56.76,1,ACTIVE
MS003735,2026-08-26 09:11:10+00:00,S03,3,S02,S04,60.0,58.43,1,ACTIVE
MS003736,2026-08-26 09:11:15+00:00,S04,4,S03,S05,60.0,57.79,1,ACTIVE
MS003737,2026-08-26 09:11:20+00:00,S05,5,S04,S06,60.0,55.38,1,ACTIVE
MS003738,2026-08-26 09:11:25+00:00,S06,6,S05,S07,60.0,58.9,1,ACTIVE
MS003739,2026-08-26 09:11:30+00:00,S07,7,S06,S08,60.0,58.04,1,ACTIVE
MS003740,2026-08-26 09:11:35+00:00,S08,8,S07,S09,60.0,58.14,1,ACTIVE
MS003741,2026-08-26 09:11:40+00:00,S09,9,S08,S10,60.0,55.51,1,ACTIVE
MS003742,2026-08-26 09:11:45+00:00,S10,10,S09,S11,60.0,56.8,1,ACTIVE
MS003743,2026-08-26 09:11:50+00:00,S11,11,S10,S12,60.0,56.48,1,ACTIVE
MS003744,2026-08-26 09:11:55+00:00,S12,12,S11,,60.0,58.71,1,ACTIVE
MS003745,2026-08-26 09:12:00+00:00,S01,1,,S02,60.0,58.1,1,ACTIVE
MS003746,2026-08-26 09:12:05+00:00,S02,2,S01,S03,60.0,56.76,1,ACTIVE
MS003747,2026-08-26 09:12:10+00:00,S03,3,S02,S04,60.0,58.43,1,ACTIVE
MS003748,2026-08-26 09:12:15+00:00,S04,4,S03,S05,60.0,57.79,1,ACTIVE
MS003749,2026-08-26 09:12:20+00:00,S05,5,S04,S06,60.0,55.38,1,ACTIVE
MS003750,2026-08-26 09:12:25+00:00,S06,6,S05,S07,60.0,58.9,1,ACTIVE
MS003751,2026-08-26 09:12:30+00:00,S07,7,S06,S08,60.0,58.04,1,ACTIVE
MS003752,2026-08-26 09:12:35+00:00,S08,8,S07,S09,60.0,58.14,1,ACTIVE
MS003753,2026-08-26 09:12:40+00:00,S09,9,S08,S10,60.0,55.51,1,ACTIVE
MS003754,2026-08-26 09:12:45+00:00,S10,10,S09,S11,60.0,56.8,1,ACTIVE
MS003755,2026-08-26 09:12:50+00:00,S11,11,S10,S12,60.0,56.48,1,ACTIVE
MS003756,2026-08-26 09:12:55+00:00,S12,12,S11,,60.0,58.71,1,ACTIVE
MS003757,2026-08-26 09:13:00+00:00,S01,1,,S02,60.0,58.1,1,ACTIVE
MS003758,2026-08-26 09:13:05+00:00,S02,2,S01,S03,60.0,56.76,1,ACTIVE
MS003759,2026-08-26 09:13:10+00:00,S03,3,S02,S04,60.0,58.43,1,ACTIVE
MS003760,2026-08-26 09:13:15+00:00,S04,4,S03,S05,60.0,57.79,1,ACTIVE
MS003761,2026-08-26 09:13:20+00:00,S05,5,S04,S06,60.0,55.38,1,ACTIVE
MS003762,2026-08-26 09:13:25+00:00,S06,6,S05,S07,60.0,58.9,1,ACTIVE
MS003763,2026-08-26 09:13:30+00:00,S07,7,S06,S08,60.0,58.04,1,ACTIVE
MS003764,2026-08-26 09:13:35+00:00,S08,8,S07,S09,60.0,58.14,1,ACTIVE
MS003765,2026-08-26 09:13:40+00:00,S09,9,S08,S10,60.0,55.51,1,ACTIVE
MS003766,2026-08-26 09:13:45+00:00,S10,10,S09,S11,60.0,56.8,1,ACTIVE
MS003767,2026-08-26 09:13:50+00:00,S11,11,S10,S12,60.0,56.48,1,ACTIVE
MS003768,2026-08-26 09:13:55+00:00,S12,12,S11,,60.0,58.71,1,ACTIVE
MS003769,2026-08-26 09:14:00+00:00,S01,1,,S02,60.0,58.1,1,ACTIVE
MS003770,2026-08-26 09:14:05+00:00,S02,2,S01,S03,60.0,56.76,1,ACTIVE
MS003771,2026-08-26 09:14:10+00:00,S03,3,S02,S04,60.0,58.43,1,ACTIVE
MS003772,2026-08-26 09:14:15+00:00,S04,4,S03,S05,60.0,57.79,1,ACTIVE
MS003773,2026-08-26 09:14:20+00:00,S05,5,S04,S06,60.0,55.38,1,ACTIVE
MS003774,2026-08-26 09:14:25+00:00,S06,6,S05,S07,60.0,58.9,1,ACTIVE
MS003775,2026-08-26 09:14:30+00:00,S07,7,S06,S08,60.0,58.04,1,ACTIVE
MS003776,2026-08-26 09:14:35+00:00,S08,8,S07,S09,60.0,58.14,1,ACTIVE
MS003777,2026-08-26 09:14:40+00:00,S09,9,S08,S10,60.0,55.51,1,ACTIVE
MS003778,2026-08-26 09:14:45+00:00,S10,10,S09,S11,60.0,56.8,1,ACTIVE
MS003779,2026-08-26 09:14:50+00:00,S11,11,S10,S12,60.0,56.48,1,ACTIVE
MS003780,2026-08-26 09:14:55+00:00,S12,12,S11,,60.0,58.71,1,ACTIVE
MS003781,2026-08-26 09:15:00+00:00,S01,1,,S02,60.0,58.1,1,ACTIVE
MS003782,2026-08-26 09:15:05+00:00,S02,2,S01,S03,60.0,56.76,1,ACTIVE
MS003783,2026-08-26 09:15:10+00:00,S03,3,S02,S04,60.0,58.43,1,ACTIVE
MS003784,2026-08-26 09:15:15+00:00,S04,4,S03,S05,60.0,57.79,1,ACTIVE
MS003785,2026-08-26 09:15:20+00:00,S05,5,S04,S06,60.0,55.38,1,ACTIVE
MS003786,2026-08-26 09:15:25+00:00,S06,6,S05,S07,60.0,58.9,1,ACTIVE
MS003787,2026-08-26 09:15:30+00:00,S07,7,S06,S08,60.0,58.04,1,ACTIVE
MS003788,2026-08-26 09:15:35+00:00,S08,8,S07,S09,60.0,58.14,1,ACTIVE
MS003789,2026-08-26 09:15:40+00:00,S09,9,S08,S10,60.0,55.51,1,ACTIVE
MS003790,2026-08-26 09:15:45+00:00,S10,10,S09,S11,60.0,56.8,1,ACTIVE
MS003791,2026-08-26 09:15:50+00:00,S11,11,S10,S12,60.0,56.48,1,ACTIVE
MS003792,2026-08-26 09:15:55+00:00,S12,12,S11,,60.0,58.71,1,ACTIVE
MS003793,2026-08-26 09:16:00+00:00,S01,1,,S02,60.0,58.1,1,ACTIVE
MS003794,2026-08-26 09:16:05+00:00,S02,2,S01,S03,60.0,56.76,1,ACTIVE
MS003795,2026-08-26 09:16:10+00:00,S03,3,S02,S04,60.0,58.43,1,ACTIVE
MS003796,2026-08-26 09:16:15+00:00,S04,4,S03,S05,60.0,57.79,1,ACTIVE
MS003797,2026-08-26 09:16:20+00:00,S05,5,S04,S06,60.0,55.38,1,ACTIVE
MS003798,2026-08-26 09:16:25+00:00,S06,6,S05,S07,60.0,58.9,1,ACTIVE
MS003799,2026-08-26 09:16:30+00:00,S07,7,S06,S08,60.0,58.04,1,ACTIVE
MS003800,2026-08-26 09:16:35+00:00,S08,8,S07,S09,60.0,58.14,1,ACTIVE
MS003801,2026-08-26 09:16:40+00:00,S09,9,S08,S10,60.0,55.51,1,ACTIVE
MS003802,2026-08-26 09:16:45+00:00,S10,10,S09,S11,60.0,56.8,1,ACTIVE
MS003803,2026-08-26 09:16:50+00:00,S11,11,S10,S12,60.0,56.48,1,ACTIVE
MS003804,2026-08-26 09:16:55+00:00,S12,12,S11,,60.0,58.71,1,ACTIVE
MS003805,2026-08-26 09:17:00+00:00,S01,1,,S02,60.0,58.1,1,ACTIVE
MS003806,2026-08-26 09:17:05+00:00,S02,2,S01,S03,60.0,56.76,1,ACTIVE
MS003807,2026-08-26 09:17:10+00:00,S03,3,S02,S04,60.0,58.43,1,ACTIVE
MS003808,2026-08-26 09:17:15+00:00,S04,4,S03,S05,60.0,57.79,1,ACTIVE
MS003809,2026-08-26 09:17:20+00:00,S05,5,S04,S06,60.0,55.38,1,ACTIVE
MS003810,2026-08-26 09:17:25+00:00,S06,6,S05,S07,60.0,58.9,1,ACTIVE
MS003811,2026-08-26 09:17:30+00:00,S07,7,S06,S08,60.0,58.04,1,ACTIVE
MS003812,2026-08-26 09:17:35+00:00,S08,8,S07,S09,60.0,58.14,1,ACTIVE
MS003813,2026-08-26 09:17:40+00:00,S09,9,S08,S10,60.0,55.51,1,ACTIVE
MS003814,2026-08-26 09:17:45+00:00,S10,10,S09,S11,60.0,56.8,1,ACTIVE
MS003815,2026-08-26 09:17:50+00:00,S11,11,S10,S12,60.0,56.48,1,ACTIVE
MS003816,2026-08-26 09:17:55+00:00,S12,12,S11,,60.0,58.71,1,ACTIVE
MS003817,2026-08-26 09:18:00+00:00,S01,1,,S02,60.0,58.1,1,ACTIVE
MS003818,2026-08-26 09:18:05+00:00,S02,2,S01,S03,60.0,56.76,1,ACTIVE
MS003819,2026-08-26 09:18:10+00:00,S03,3,S02,S04,60.0,58.43,1,ACTIVE
MS003820,2026-08-26 09:18:15+00:00,S04,4,S03,S05,60.0,57.79,1,ACTIVE
MS003821,2026-08-26 09:18:20+00:00,S05,5,S04,S06,60.0,55.38,1,ACTIVE
MS003822,2026-08-26 09:18:25+00:00,S06,6,S05,S07,60.0,58.9,1,ACTIVE
MS003823,2026-08-26 09:18:30+00:00,S07,7,S06,S08,60.0,58.04,1,ACTIVE
MS003824,2026-08-26 09:18:35+00:00,S08,8,S07,S09,60.0,58.14,1,ACTIVE
MS003825,2026-08-26 09:18:40+00:00,S09,9,S08,S10,60.0,55.51,1,ACTIVE
MS003826,2026-08-26 09:18:45+00:00,S10,10,S09,S11,60.0,56.8,1,ACTIVE
MS003827,2026-08-26 09:18:50+00:00,S11,11,S10,S12,60.0,56.48,1,ACTIVE
MS003828,2026-08-26 09:18:55+00:00,S12,12,S11,,60.0,58.71,1,ACTIVE
MS003829,2026-08-26 09:19:00+00:00,S01,1,,S02,60.0,58.1,1,ACTIVE
MS003830,2026-08-26 09:19:05+00:00,S02,2,S01,S03,60.0,56.76,1,ACTIVE
MS003831,2026-08-26 09:19:10+00:00,S03,3,S02,S04,60.0,58.43,1,ACTIVE
MS003832,2026-08-26 09:19:15+00:00,S04,4,S03,S05,60.0,57.79,1,ACTIVE
MS003833,2026-08-26 09:19:20+00:00,S05,5,S04,S06,60.0,55.38,1,ACTIVE
MS003834,2026-08-26 09:19:25+00:00,S06,6,S05,S07,60.0,58.9,1,ACTIVE
MS003835,2026-08-26 09:19:30+00:00,S07,7,S06,S08,60.0,58.04,1,ACTIVE
MS003836,2026-08-26 09:19:35+00:00,S08,8,S07,S09,60.0,58.14,1,ACTIVE
MS003837,2026-08-26 09:19:40+00:00,S09,9,S08,S10,60.0,55.51,1,ACTIVE
MS003838,2026-08-26 09:19:45+00:00,S10,10,S09,S11,60.0,56.8,1,ACTIVE
MS003839,2026-08-26 09:19:50+00:00,S11,11,S10,S12,60.0,56.48,1,ACTIVE
MS003840,2026-08-26 09:19:55+00:00,S12,12,S11,,60.0,58.71,1,ACTIVE
MS003841,2026-08-26 09:20:00+00:00,S01,1,,S02,60.0,58.1,1,ACTIVE
MS003842,2026-08-26 09:20:05+00:00,S02,2,S01,S03,60.0,56.76,1,ACTIVE
MS003843,2026-08-26 09:20:10+00:00,S03,3,S02,S04,60.0,58.43,1,ACTIVE
MS003844,2026-08-26 09:20:15+00:00,S04,4,S03,S05,60.0,57.79,1,ACTIVE
MS003845,2026-08-26 09:20:20+00:00,S05,5,S04,S06,60.0,55.38,1,ACTIVE
MS003846,2026-08-26 09:20:25+00:00,S06,6,S05,S07,60.0,58.9,1,ACTIVE
MS003847,2026-08-26 09:20:30+00:00,S07,7,S06,S08,60.0,58.04,1,ACTIVE
MS003848,2026-08-26 09:20:35+00:00,S08,8,S07,S09,60.0,58.14,1,ACTIVE
MS003849,2026-08-26 09:20:40+00:00,S09,9,S08,S10,60.0,55.51,1,ACTIVE
MS003850,2026-08-26 09:20:45+00:00,S10,10,S09,S11,60.0,56.8,1,ACTIVE
MS003851,2026-08-26 09:20:50+00:00,S11,11,S10,S12,60.0,56.48,1,ACTIVE
MS003852,2026-08-26 09:20:55+00:00,S12,12,S11,,60.0,58.71,1,ACTIVE
MS003853,2026-08-26 09:21:00+00:00,S01,1,,S02,60.0,58.1,1,ACTIVE
MS003854,2026-08-26 09:21:05+00:00,S02,2,S01,S03,60.0,56.76,1,ACTIVE
MS003855,2026-08-26 09:21:10+00:00,S03,3,S02,S04,60.0,58.43,1,ACTIVE
MS003856,2026-08-26 09:21:15+00:00,S04,4,S03,S05,60.0,57.79,1,ACTIVE
MS003857,2026-08-26 09:21:20+00:00,S05,5,S04,S06,60.0,55.38,1,ACTIVE
MS003858,2026-08-26 09:21:25+00:00,S06,6,S05,S07,60.0,58.9,1,ACTIVE
MS003859,2026-08-26 09:21:30+00:00,S07,7,S06,S08,60.0,58.04,1,ACTIVE
MS003860,2026-08-26 09:21:35+00:00,S08,8,S07,S09,60.0,58.14,1,ACTIVE
MS003861,2026-08-26 09:21:40+00:00,S09,9,S08,S10,60.0,55.51,1,ACTIVE
MS003862,2026-08-26 09:21:45+00:00,S10,10,S09,S11,60.0,56.8,1,ACTIVE
MS003863,2026-08-26 09:21:50+00:00,S11,11,S10,S12,60.0,56.48,1,ACTIVE
MS003864,2026-08-26 09:21:55+00:00,S12,12,S11,,60.0,58.71,1,ACTIVE
MS003865,2026-08-26 09:22:00+00:00,S01,1,,S02,60.0,58.1,1,ACTIVE
MS003866,2026-08-26 09:22:05+00:00,S02,2,S01,S03,60.0,56.76,1,ACTIVE
MS003867,2026-08-26 09:22:10+00:00,S03,3,S02,S04,60.0,58.43,1,ACTIVE
MS003868,2026-08-26 09:22:15+00:00,S04,4,S03,S05,60.0,57.79,1,ACTIVE
MS003869,2026-08-26 09:22:20+00:00,S05,5,S04,S06,60.0,55.38,1,ACTIVE
MS003870,2026-08-26 09:22:25+00:00,S06,6,S05,S07,60.0,58.9,1,ACTIVE
MS003871,2026-08-26 09:22:30+00:00,S07,7,S06,S08,60.0,58.04,1,ACTIVE
MS003872,2026-08-26 09:22:35+00:00,S08,8,S07,S09,60.0,58.14,1,ACTIVE
MS003873,2026-08-26 09:22:40+00:00,S09,9,S08,S10,60.0,55.51,1,ACTIVE
MS003874,2026-08-26 09:22:45+00:00,S10,10,S09,S11,60.0,56.8,1,ACTIVE
MS003875,2026-08-26 09:22:50+00:00,S11,11,S10,S12,60.0,56.48,1,ACTIVE
MS003876,2026-08-26 09:22:55+00:00,S12,12,S11,,60.0,58.71,1,ACTIVE
MS003877,2026-08-26 09:23:00+00:00,S01,1,,S02,60.0,58.1,1,ACTIVE
MS003878,2026-08-26 09:23:05+00:00,S02,2,S01,S03,60.0,56.76,1,ACTIVE
MS003879,2026-08-26 09:23:10+00:00,S03,3,S02,S04,60.0,58.43,1,ACTIVE
MS003880,2026-08-26 09:23:15+00:00,S04,4,S03,S05,60.0,57.79,1,ACTIVE
MS003881,2026-08-26 09:23:20+00:00,S05,5,S04,S06,60.0,55.38,1,ACTIVE
MS003882,2026-08-26 09:23:25+00:00,S06,6,S05,S07,60.0,58.9,1,ACTIVE
MS003883,2026-08-26 09:23:30+00:00,S07,7,S06,S08,60.0,58.04,1,ACTIVE
MS003884,2026-08-26 09:23:35+00:00,S08,8,S07,S09,60.0,58.14,1,ACTIVE
MS003885,2026-08-26 09:23:40+00:00,S09,9,S08,S10,60.0,55.51,1,ACTIVE
MS003886,2026-08-26 09:23:45+00:00,S10,10,S09,S11,60.0,56.8,1,ACTIVE
MS003887,2026-08-26 09:23:50+00:00,S11,11,S10,S12,60.0,56.48,1,ACTIVE
MS003888,2026-08-26 09:23:55+00:00,S12,12,S11,,60.0,58.71,1,ACTIVE
MS003889,2026-08-26 09:24:00+00:00,S01,1,,S02,60.0,58.1,1,ACTIVE
MS003890,2026-08-26 09:24:05+00:00,S02,2,S01,S03,60.0,56.76,1,ACTIVE
MS003891,2026-08-26 09:24:10+00:00,S03,3,S02,S04,60.0,58.43,1,ACTIVE
MS003892,2026-08-26 09:24:15+00:00,S04,4,S03,S05,60.0,57.79,1,ACTIVE
MS003893,2026-08-26 09:24:20+00:00,S05,5,S04,S06,60.0,55.38,1,ACTIVE
MS003894,2026-08-26 09:24:25+00:00,S06,6,S05,S07,60.0,58.9,1,ACTIVE
MS003895,2026-08-26 09:24:30+00:00,S07,7,S06,S08,60.0,58.04,1,ACTIVE
MS003896,2026-08-26 09:24:35+00:00,S08,8,S07,S09,60.0,58.14,1,ACTIVE
MS003897,2026-08-26 09:24:40+00:00,S09,9,S08,S10,60.0,55.51,1,ACTIVE
MS003898,2026-08-26 09:24:45+00:00,S10,10,S09,S11,60.0,56.8,1,ACTIVE
MS003899,2026-08-26 09:24:50+00:00,S11,11,S10,S12,60.0,56.48,1,ACTIVE
MS003900,2026-08-26 09:24:55+00:00,S12,12,S11,,60.0,58.71,1,ACTIVE
MS003901,2026-08-26 09:25:00+00:00,S01,1,,S02,60.0,58.1,1,ACTIVE
MS003902,2026-08-26 09:25:05+00:00,S02,2,S01,S03,60.0,56.76,1,ACTIVE
MS003903,2026-08-26 09:25:10+00:00,S03,3,S02,S04,60.0,58.43,1,ACTIVE
MS003904,2026-08-26 09:25:15+00:00,S04,4,S03,S05,60.0,57.79,1,ACTIVE
MS003905,2026-08-26 09:25:20+00:00,S05,5,S04,S06,60.0,55.38,1,ACTIVE
MS003906,2026-08-26 09:25:25+00:00,S06,6,S05,S07,60.0,58.9,1,ACTIVE
MS003907,2026-08-26 09:25:30+00:00,S07,7,S06,S08,60.0,58.04,1,ACTIVE
MS003908,2026-08-26 09:25:35+00:00,S08,8,S07,S09,60.0,58.14,1,ACTIVE
MS003909,2026-08-26 09:25:40+00:00,S09,9,S08,S10,60.0,55.51,1,ACTIVE
MS003910,2026-08-26 09:25:45+00:00,S10,10,S09,S11,60.0,56.8,1,ACTIVE
MS003911,2026-08-26 09:25:50+00:00,S11,11,S10,S12,60.0,56.48,1,ACTIVE
MS003912,2026-08-26 09:25:55+00:00,S12,12,S11,,60.0,58.71,1,ACTIVE
MS003913,2026-08-26 09:26:00+00:00,S01,1,,S02,60.0,58.1,1,ACTIVE
MS003914,2026-08-26 09:26:05+00:00,S02,2,S01,S03,60.0,56.76,1,ACTIVE
MS003915,2026-08-26 09:26:10+00:00,S03,3,S02,S04,60.0,58.43,1,ACTIVE
MS003916,2026-08-26 09:26:15+00:00,S04,4,S03,S05,60.0,57.79,1,ACTIVE
MS003917,2026-08-26 09:26:20+00:00,S05,5,S04,S06,60.0,55.38,1,ACTIVE
MS003918,2026-08-26 09:26:25+00:00,S06,6,S05,S07,60.0,58.9,1,ACTIVE
MS003919,2026-08-26 09:26:30+00:00,S07,7,S06,S08,60.0,58.04,1,ACTIVE
MS003920,2026-08-26 09:26:35+00:00,S08,8,S07,S09,60.0,58.14,1,ACTIVE
MS003921,2026-08-26 09:26:40+00:00,S09,9,S08,S10,60.0,55.51,1,ACTIVE
MS003922,2026-08-26 09:26:45+00:00,S10,10,S09,S11,60.0,56.8,1,ACTIVE
MS003923,2026-08-26 09:26:50+00:00,S11,11,S10,S12,60.0,56.48,1,ACTIVE
MS003924,2026-08-26 09:26:55+00:00,S12,12,S11,,60.0,58.71,1,ACTIVE
MS003925,2026-08-26 09:27:00+00:00,S01,1,,S02,60.0,58.1,1,ACTIVE
MS003926,2026-08-26 09:27:05+00:00,S02,2,S01,S03,60.0,56.76,1,ACTIVE
MS003927,2026-08-26 09:27:10+00:00,S03,3,S02,S04,60.0,58.43,1,ACTIVE
MS003928,2026-08-26 09:27:15+00:00,S04,4,S03,S05,60.0,57.79,1,ACTIVE
MS003929,2026-08-26 09:27:20+00:00,S05,5,S04,S06,60.0,55.38,1,ACTIVE
MS003930,2026-08-26 09:27:25+00:00,S06,6,S05,S07,60.0,58.9,1,ACTIVE
MS003931,2026-08-26 09:27:30+00:00,S07,7,S06,S08,60.0,58.04,1,ACTIVE
MS003932,2026-08-26 09:27:35+00:00,S08,8,S07,S09,60.0,58.14,1,ACTIVE
MS003933,2026-08-26 09:27:40+00:00,S09,9,S08,S10,60.0,55.51,1,ACTIVE
MS003934,2026-08-26 09:27:45+00:00,S10,10,S09,S11,60.0,56.8,1,ACTIVE
MS003935,2026-08-26 09:27:50+00:00,S11,11,S10,S12,60.0,56.48,1,ACTIVE
MS003936,2026-08-26 09:27:55+00:00,S12,12,S11,,60.0,58.71,1,ACTIVE
MS003937,2026-08-26 09:28:00+00:00,S01,1,,S02,60.0,58.1,1,ACTIVE
MS003938,2026-08-26 09:28:05+00:00,S02,2,S01,S03,60.0,56.76,1,ACTIVE
MS003939,2026-08-26 09:28:10+00:00,S03,3,S02,S04,60.0,58.43,1,ACTIVE
MS003940,2026-08-26 09:28:15+00:00,S04,4,S03,S05,60.0,57.79,1,ACTIVE
MS003941,2026-08-26 09:28:20+00:00,S05,5,S04,S06,60.0,55.38,1,ACTIVE
MS003942,2026-08-26 09:28:25+00:00,S06,6,S05,S07,60.0,58.9,1,ACTIVE
MS003943,2026-08-26 09:28:30+00:00,S07,7,S06,S08,60.0,58.04,1,ACTIVE
MS003944,2026-08-26 09:28:35+00:00,S08,8,S07,S09,60.0,58.14,1,ACTIVE
MS003945,2026-08-26 09:28:40+00:00,S09,9,S08,S10,60.0,55.51,1,ACTIVE
MS003946,2026-08-26 09:28:45+00:00,S10,10,S09,S11,60.0,56.8,1,ACTIVE
MS003947,2026-08-26 09:28:50+00:00,S11,11,S10,S12,60.0,56.48,1,ACTIVE
MS003948,2026-08-26 09:28:55+00:00,S12,12,S11,,60.0,58.71,1,ACTIVE
MS003949,2026-08-26 09:29:00+00:00,S01,1,,S02,60.0,58.1,1,ACTIVE
MS003950,2026-08-26 09:29:05+00:00,S02,2,S01,S03,60.0,56.76,1,ACTIVE
MS003951,2026-08-26 09:29:10+00:00,S03,3,S02,S04,60.0,58.43,1,ACTIVE
MS003952,2026-08-26 09:29:15+00:00,S04,4,S03,S05,60.0,57.79,1,ACTIVE
MS003953,2026-08-26 09:29:20+00:00,S05,5,S04,S06,60.0,55.38,1,ACTIVE
MS003954,2026-08-26 09:29:25+00:00,S06,6,S05,S07,60.0,58.9,1,ACTIVE
MS003955,2026-08-26 09:29:30+00:00,S07,7,S06,S08,60.0,58.04,1,ACTIVE
MS003956,2026-08-26 09:29:35+00:00,S08,8,S07,S09,60.0,58.14,1,ACTIVE
MS003957,2026-08-26 09:29:40+00:00,S09,9,S08,S10,60.0,55.51,1,ACTIVE
MS003958,2026-08-26 09:29:45+00:00,S10,10,S09,S11,60.0,56.8,1,ACTIVE
MS003959,2026-08-26 09:29:50+00:00,S11,11,S10,S12,60.0,56.48,1,ACTIVE
MS003960,2026-08-26 09:29:55+00:00,S12,12,S11,,60.0,58.71,1,ACTIVE
MS003961,2026-08-26 09:30:00+00:00,S01,1,,S02,60.0,58.1,1,ACTIVE
MS003962,2026-08-26 09:30:05+00:00,S02,2,S01,S03,60.0,56.76,1,ACTIVE
MS003963,2026-08-26 09:30:10+00:00,S03,3,S02,S04,60.0,58.43,1,ACTIVE
MS003964,2026-08-26 09:30:15+00:00,S04,4,S03,S05,60.0,57.79,1,ACTIVE
MS003965,2026-08-26 09:30:20+00:00,S05,5,S04,S06,60.0,55.38,1,ACTIVE
MS003966,2026-08-26 09:30:25+00:00,S06,6,S05,S07,60.0,58.9,1,ACTIVE
MS003967,2026-08-26 09:30:30+00:00,S07,7,S06,S08,60.0,58.04,1,ACTIVE
MS003968,2026-08-26 09:30:35+00:00,S08,8,S07,S09,60.0,58.14,1,ACTIVE
MS003969,2026-08-26 09:30:40+00:00,S09,9,S08,S10,60.0,55.51,1,ACTIVE
MS003970,2026-08-26 09:30:45+00:00,S10,10,S09,S11,60.0,56.8,1,ACTIVE
MS003971,2026-08-26 09:30:50+00:00,S11,11,S10,S12,60.0,56.48,1,ACTIVE
MS003972,2026-08-26 09:30:55+00:00,S12,12,S11,,60.0,58.71,1,ACTIVE
MS003973,2026-08-26 09:31:00+00:00,S01,1,,S02,60.0,58.1,1,ACTIVE
MS003974,2026-08-26 09:31:05+00:00,S02,2,S01,S03,60.0,56.76,1,ACTIVE
MS003975,2026-08-26 09:31:10+00:00,S03,3,S02,S04,60.0,58.43,1,ACTIVE
MS003976,2026-08-26 09:31:15+00:00,S04,4,S03,S05,60.0,57.79,1,ACTIVE
MS003977,2026-08-26 09:31:20+00:00,S05,5,S04,S06,60.0,55.38,1,ACTIVE
MS003978,2026-08-26 09:31:25+00:00,S06,6,S05,S07,60.0,58.9,1,ACTIVE
MS003979,2026-08-26 09:31:30+00:00,S07,7,S06,S08,60.0,58.04,1,ACTIVE
MS003980,2026-08-26 09:31:35+00:00,S08,8,S07,S09,60.0,58.14,1,ACTIVE
MS003981,2026-08-26 09:31:40+00:00,S09,9,S08,S10,60.0,55.51,1,ACTIVE
MS003982,2026-08-26 09:31:45+00:00,S10,10,S09,S11,60.0,56.8,1,ACTIVE
MS003983,2026-08-26 09:31:50+00:00,S11,11,S10,S12,60.0,56.48,1,ACTIVE
MS003984,2026-08-26 09:31:55+00:00,S12,12,S11,,60.0,58.71,1,ACTIVE
MS003985,2026-08-26 09:32:00+00:00,S01,1,,S02,60.0,58.1,1,ACTIVE
MS003986,2026-08-26 09:32:05+00:00,S02,2,S01,S03,60.0,56.76,1,ACTIVE
MS003987,2026-08-26 09:32:10+00:00,S03,3,S02,S04,60.0,58.43,1,ACTIVE
MS003988,2026-08-26 09:32:15+00:00,S04,4,S03,S05,60.0,57.79,1,ACTIVE
MS003989,2026-08-26 09:32:20+00:00,S05,5,S04,S06,60.0,55.38,1,ACTIVE
MS003990,2026-08-26 09:32:25+00:00,S06,6,S05,S07,60.0,58.9,1,ACTIVE
MS003991,2026-08-26 09:32:30+00:00,S07,7,S06,S08,60.0,58.04,1,ACTIVE
MS003992,2026-08-26 09:32:35+00:00,S08,8,S07,S09,60.0,58.14,1,ACTIVE
MS003993,2026-08-26 09:32:40+00:00,S09,9,S08,S10,60.0,55.51,1,ACTIVE
MS003994,2026-08-26 09:32:45+00:00,S10,10,S09,S11,60.0,56.8,1,ACTIVE
MS003995,2026-08-26 09:32:50+00:00,S11,11,S10,S12,60.0,56.48,1,ACTIVE
MS003996,2026-08-26 09:32:55+00:00,S12,12,S11,,60.0,58.71,1,ACTIVE
MS003997,2026-08-26 09:33:00+00:00,S01,1,,S02,60.0,58.1,1,ACTIVE
MS003998,2026-08-26 09:33:05+00:00,S02,2,S01,S03,60.0,56.76,1,ACTIVE
MS003999,2026-08-26 09:33:10+00:00,S03,3,S02,S04,60.0,58.43,1,ACTIVE
MS004000,2026-08-26 09:33:15+00:00,S04,4,S03,S05,60.0,57.79,1,ACTIVE
MS004001,2026-08-26 09:33:20+00:00,S05,5,S04,S06,60.0,55.38,1,ACTIVE
MS004002,2026-08-26 09:33:25+00:00,S06,6,S05,S07,60.0,58.9,1,ACTIVE
MS004003,2026-08-26 09:33:30+00:00,S07,7,S06,S08,60.0,58.04,1,ACTIVE
MS004004,2026-08-26 09:33:35+00:00,S08,8,S07,S09,60.0,58.14,1,ACTIVE
MS004005,2026-08-26 09:33:40+00:00,S09,9,S08,S10,60.0,55.51,1,ACTIVE
MS004006,2026-08-26 09:33:45+00:00,S10,10,S09,S11,60.0,56.8,1,ACTIVE
MS004007,2026-08-26 09:33:50+00:00,S11,11,S10,S12,60.0,56.48,1,ACTIVE
MS004008,2026-08-26 09:33:55+00:00,S12,12,S11,,60.0,58.71,1,ACTIVE
MS004009,2026-08-26 09:34:00+00:00,S01,1,,S02,60.0,58.1,1,ACTIVE
MS004010,2026-08-26 09:34:05+00:00,S02,2,S01,S03,60.0,56.76,1,ACTIVE
MS004011,2026-08-26 09:34:10+00:00,S03,3,S02,S04,60.0,58.43,1,ACTIVE
MS004012,2026-08-26 09:34:15+00:00,S04,4,S03,S05,60.0,57.79,1,ACTIVE
MS004013,2026-08-26 09:34:20+00:00,S05,5,S04,S06,60.0,55.38,1,ACTIVE
MS004014,2026-08-26 09:34:25+00:00,S06,6,S05,S07,60.0,58.9,1,ACTIVE
MS004015,2026-08-26 09:34:30+00:00,S07,7,S06,S08,60.0,58.04,1,ACTIVE
MS004016,2026-08-26 09:34:35+00:00,S08,8,S07,S09,60.0,58.14,1,ACTIVE
MS004017,2026-08-26 09:34:40+00:00,S09,9,S08,S10,60.0,55.51,1,ACTIVE
MS004018,2026-08-26 09:34:45+00:00,S10,10,S09,S11,60.0,56.8,1,ACTIVE
MS004019,2026-08-26 09:34:50+00:00,S11,11,S10,S12,60.0,56.48,1,ACTIVE
MS004020,2026-08-26 09:34:55+00:00,S12,12,S11,,60.0,58.71,1,ACTIVE
MS004021,2026-08-26 09:35:00+00:00,S01,1,,S02,60.0,58.1,1,ACTIVE
MS004022,2026-08-26 09:35:05+00:00,S02,2,S01,S03,60.0,56.76,1,ACTIVE
MS004023,2026-08-26 09:35:10+00:00,S03,3,S02,S04,60.0,58.43,1,ACTIVE
MS004024,2026-08-26 09:35:15+00:00,S04,4,S03,S05,60.0,57.79,1,ACTIVE
MS004025,2026-08-26 09:35:20+00:00,S05,5,S04,S06,60.0,55.38,1,ACTIVE
MS004026,2026-08-26 09:35:25+00:00,S06,6,S05,S07,60.0,58.9,1,ACTIVE
MS004027,2026-08-26 09:35:30+00:00,S07,7,S06,S08,60.0,58.04,1,ACTIVE
MS004028,2026-08-26 09:35:35+00:00,S08,8,S07,S09,60.0,58.14,1,ACTIVE
MS004029,2026-08-26 09:35:40+00:00,S09,9,S08,S10,60.0,55.51,1,ACTIVE
MS004030,2026-08-26 09:35:45+00:00,S10,10,S09,S11,60.0,56.8,1,ACTIVE
MS004031,2026-08-26 09:35:50+00:00,S11,11,S10,S12,60.0,56.48,1,ACTIVE
MS004032,2026-08-26 09:35:55+00:00,S12,12,S11,,60.0,58.71,1,ACTIVE
MS004033,2026-08-26 09:36:00+00:00,S01,1,,S02,60.0,58.1,1,ACTIVE
MS004034,2026-08-26 09:36:05+00:00,S02,2,S01,S03,60.0,56.76,1,ACTIVE
MS004035,2026-08-26 09:36:10+00:00,S03,3,S02,S04,60.0,58.43,1,ACTIVE
MS004036,2026-08-26 09:36:15+00:00,S04,4,S03,S05,60.0,57.79,1,ACTIVE
MS004037,2026-08-26 09:36:20+00:00,S05,5,S04,S06,60.0,55.38,1,ACTIVE
MS004038,2026-08-26 09:36:25+00:00,S06,6,S05,S07,60.0,58.9,1,ACTIVE
MS004039,2026-08-26 09:36:30+00:00,S07,7,S06,S08,60.0,58.04,1,ACTIVE
MS004040,2026-08-26 09:36:35+00:00,S08,8,S07,S09,60.0,58.14,1,ACTIVE
MS004041,2026-08-26 09:36:40+00:00,S09,9,S08,S10,60.0,55.51,1,ACTIVE
MS004042,2026-08-26 09:36:45+00:00,S10,10,S09,S11,60.0,56.8,1,ACTIVE
MS004043,2026-08-26 09:36:50+00:00,S11,11,S10,S12,60.0,56.48,1,ACTIVE
MS004044,2026-08-26 09:36:55+00:00,S12,12,S11,,60.0,58.71,1,ACTIVE
MS004045,2026-08-26 09:37:00+00:00,S01,1,,S02,60.0,58.1,1,ACTIVE
MS004046,2026-08-26 09:37:05+00:00,S02,2,S01,S03,60.0,56.76,1,ACTIVE
MS004047,2026-08-26 09:37:10+00:00,S03,3,S02,S04,60.0,58.43,1,ACTIVE
MS004048,2026-08-26 09:37:15+00:00,S04,4,S03,S05,60.0,57.79,1,ACTIVE
MS004049,2026-08-26 09:37:20+00:00,S05,5,S04,S06,60.0,55.38,1,ACTIVE
MS004050,2026-08-26 09:37:25+00:00,S06,6,S05,S07,60.0,58.9,1,ACTIVE
MS004051,2026-08-26 09:37:30+00:00,S07,7,S06,S08,60.0,58.04,1,ACTIVE
MS004052,2026-08-26 09:37:35+00:00,S08,8,S07,S09,60.0,58.14,1,ACTIVE
MS004053,2026-08-26 09:37:40+00:00,S09,9,S08,S10,60.0,55.51,1,ACTIVE
MS004054,2026-08-26 09:37:45+00:00,S10,10,S09,S11,60.0,56.8,1,ACTIVE
MS004055,2026-08-26 09:37:50+00:00,S11,11,S10,S12,60.0,56.48,1,ACTIVE
MS004056,2026-08-26 09:37:55+00:00,S12,12,S11,,60.0,58.71,1,ACTIVE
MS004057,2026-08-26 09:38:00+00:00,S01,1,,S02,60.0,58.1,1,ACTIVE
MS004058,2026-08-26 09:38:05+00:00,S02,2,S01,S03,60.0,56.76,1,ACTIVE
MS004059,2026-08-26 09:38:10+00:00,S03,3,S02,S04,60.0,58.43,1,ACTIVE
MS004060,2026-08-26 09:38:15+00:00,S04,4,S03,S05,60.0,57.79,1,ACTIVE
MS004061,2026-08-26 09:38:20+00:00,S05,5,S04,S06,60.0,55.38,1,ACTIVE
MS004062,2026-08-26 09:38:25+00:00,S06,6,S05,S07,60.0,58.9,1,ACTIVE
MS004063,2026-08-26 09:38:30+00:00,S07,7,S06,S08,60.0,58.04,1,ACTIVE
MS004064,2026-08-26 09:38:35+00:00,S08,8,S07,S09,60.0,58.14,1,ACTIVE
MS004065,2026-08-26 09:38:40+00:00,S09,9,S08,S10,60.0,55.51,1,ACTIVE
MS004066,2026-08-26 09:38:45+00:00,S10,10,S09,S11,60.0,56.8,1,ACTIVE
MS004067,2026-08-26 09:38:50+00:00,S11,11,S10,S12,60.0,56.48,1,ACTIVE
MS004068,2026-08-26 09:38:55+00:00,S12,12,S11,,60.0,58.71,1,ACTIVE
MS004069,2026-08-26 09:39:00+00:00,S01,1,,S02,60.0,58.1,1,ACTIVE
MS004070,2026-08-26 09:39:05+00:00,S02,2,S01,S03,60.0,56.76,1,ACTIVE
MS004071,2026-08-26 09:39:10+00:00,S03,3,S02,S04,60.0,58.43,1,ACTIVE
MS004072,2026-08-26 09:39:15+00:00,S04,4,S03,S05,60.0,57.79,1,ACTIVE
MS004073,2026-08-26 09:39:20+00:00,S05,5,S04,S06,60.0,55.38,1,ACTIVE
MS004074,2026-08-26 09:39:25+00:00,S06,6,S05,S07,60.0,58.9,1,ACTIVE
MS004075,2026-08-26 09:39:30+00:00,S07,7,S06,S08,60.0,58.04,1,ACTIVE
MS004076,2026-08-26 09:39:35+00:00,S08,8,S07,S09,60.0,58.14,1,ACTIVE
MS004077,2026-08-26 09:39:40+00:00,S09,9,S08,S10,60.0,55.51,1,ACTIVE
MS004078,2026-08-26 09:39:45+00:00,S10,10,S09,S11,60.0,56.8,1,ACTIVE
MS004079,2026-08-26 09:39:50+00:00,S11,11,S10,S12,60.0,56.48,1,ACTIVE
MS004080,2026-08-26 09:39:55+00:00,S12,12,S11,,60.0,58.71,1,ACTIVE
MS004081,2026-08-26 09:40:00+00:00,S01,1,,S02,60.0,58.1,1,ACTIVE
MS004082,2026-08-26 09:40:05+00:00,S02,2,S01,S03,60.0,56.76,1,ACTIVE
MS004083,2026-08-26 09:40:10+00:00,S03,3,S02,S04,60.0,58.43,1,ACTIVE
MS004084,2026-08-26 09:40:15+00:00,S04,4,S03,S05,60.0,57.79,1,ACTIVE
MS004085,2026-08-26 09:40:20+00:00,S05,5,S04,S06,60.0,55.38,1,ACTIVE
MS004086,2026-08-26 09:40:25+00:00,S06,6,S05,S07,60.0,58.9,1,ACTIVE
MS004087,2026-08-26 09:40:30+00:00,S07,7,S06,S08,60.0,58.04,1,ACTIVE
MS004088,2026-08-26 09:40:35+00:00,S08,8,S07,S09,60.0,58.14,1,ACTIVE
MS004089,2026-08-26 09:40:40+00:00,S09,9,S08,S10,60.0,55.51,1,ACTIVE
MS004090,2026-08-26 09:40:45+00:00,S10,10,S09,S11,60.0,56.8,1,ACTIVE
MS004091,2026-08-26 09:40:50+00:00,S11,11,S10,S12,60.0,56.48,1,ACTIVE
MS004092,2026-08-26 09:40:55+00:00,S12,12,S11,,60.0,58.71,1,ACTIVE
MS004093,2026-08-26 09:41:00+00:00,S01,1,,S02,60.0,58.1,1,ACTIVE
MS004094,2026-08-26 09:41:05+00:00,S02,2,S01,S03,60.0,56.76,1,ACTIVE
MS004095,2026-08-26 09:41:10+00:00,S03,3,S02,S04,60.0,58.43,1,ACTIVE
MS004096,2026-08-26 09:41:15+00:00,S04,4,S03,S05,60.0,57.79,1,ACTIVE
MS004097,2026-08-26 09:41:20+00:00,S05,5,S04,S06,60.0,55.38,1,ACTIVE
MS004098,2026-08-26 09:41:25+00:00,S06,6,S05,S07,60.0,58.9,1,ACTIVE
MS004099,2026-08-26 09:41:30+00:00,S07,7,S06,S08,60.0,58.04,1,ACTIVE
MS004100,2026-08-26 09:41:35+00:00,S08,8,S07,S09,60.0,58.14,1,ACTIVE
MS004101,2026-08-26 09:41:40+00:00,S09,9,S08,S10,60.0,55.51,1,ACTIVE
MS004102,2026-08-26 09:41:45+00:00,S10,10,S09,S11,60.0,56.8,1,ACTIVE
MS004103,2026-08-26 09:41:50+00:00,S11,11,S10,S12,60.0,56.48,1,ACTIVE
MS004104,2026-08-26 09:41:55+00:00,S12,12,S11,,60.0,58.71,1,ACTIVE
MS004105,2026-08-26 09:42:00+00:00,S01,1,,S02,60.0,58.1,1,ACTIVE
MS004106,2026-08-26 09:42:05+00:00,S02,2,S01,S03,60.0,56.76,1,ACTIVE
MS004107,2026-08-26 09:42:10+00:00,S03,3,S02,S04,60.0,58.43,1,ACTIVE
MS004108,2026-08-26 09:42:15+00:00,S04,4,S03,S05,60.0,57.79,1,ACTIVE
MS004109,2026-08-26 09:42:20+00:00,S05,5,S04,S06,60.0,55.38,1,ACTIVE
MS004110,2026-08-26 09:42:25+00:00,S06,6,S05,S07,60.0,58.9,1,ACTIVE
MS004111,2026-08-26 09:42:30+00:00,S07,7,S06,S08,60.0,58.04,1,ACTIVE
MS004112,2026-08-26 09:42:35+00:00,S08,8,S07,S09,60.0,58.14,1,ACTIVE
MS004113,2026-08-26 09:42:40+00:00,S09,9,S08,S10,60.0,55.51,1,ACTIVE
MS004114,2026-08-26 09:42:45+00:00,S10,10,S09,S11,60.0,56.8,1,ACTIVE
MS004115,2026-08-26 09:42:50+00:00,S11,11,S10,S12,60.0,56.48,1,ACTIVE
MS004116,2026-08-26 09:42:55+00:00,S12,12,S11,,60.0,58.71,1,ACTIVE
MS004117,2026-08-26 09:43:00+00:00,S01,1,,S02,60.0,58.1,1,ACTIVE
MS004118,2026-08-26 09:43:05+00:00,S02,2,S01,S03,60.0,56.76,1,ACTIVE
MS004119,2026-08-26 09:43:10+00:00,S03,3,S02,S04,60.0,58.43,1,ACTIVE
MS004120,2026-08-26 09:43:15+00:00,S04,4,S03,S05,60.0,57.79,1,ACTIVE
MS004121,2026-08-26 09:43:20+00:00,S05,5,S04,S06,60.0,55.38,1,ACTIVE
MS004122,2026-08-26 09:43:25+00:00,S06,6,S05,S07,60.0,58.9,1,ACTIVE
MS004123,2026-08-26 09:43:30+00:00,S07,7,S06,S08,60.0,58.04,1,ACTIVE
MS004124,2026-08-26 09:43:35+00:00,S08,8,S07,S09,60.0,58.14,1,ACTIVE
MS004125,2026-08-26 09:43:40+00:00,S09,9,S08,S10,60.0,55.51,1,ACTIVE
MS004126,2026-08-26 09:43:45+00:00,S10,10,S09,S11,60.0,56.8,1,ACTIVE
MS004127,2026-08-26 09:43:50+00:00,S11,11,S10,S12,60.0,56.48,1,ACTIVE
MS004128,2026-08-26 09:43:55+00:00,S12,12,S11,,60.0,58.71,1,ACTIVE
MS004129,2026-08-26 09:44:00+00:00,S01,1,,S02,60.0,58.1,1,ACTIVE
MS004130,2026-08-26 09:44:05+00:00,S02,2,S01,S03,60.0,56.76,1,ACTIVE
MS004131,2026-08-26 09:44:10+00:00,S03,3,S02,S04,60.0,58.43,1,ACTIVE
MS004132,2026-08-26 09:44:15+00:00,S04,4,S03,S05,60.0,57.79,1,ACTIVE
MS004133,2026-08-26 09:44:20+00:00,S05,5,S04,S06,60.0,55.38,1,ACTIVE
MS004134,2026-08-26 09:44:25+00:00,S06,6,S05,S07,60.0,58.9,1,ACTIVE
MS004135,2026-08-26 09:44:30+00:00,S07,7,S06,S08,60.0,58.04,1,ACTIVE
MS004136,2026-08-26 09:44:35+00:00,S08,8,S07,S09,60.0,58.14,1,ACTIVE
MS004137,2026-08-26 09:44:40+00:00,S09,9,S08,S10,60.0,55.51,1,ACTIVE
MS004138,2026-08-26 09:44:45+00:00,S10,10,S09,S11,60.0,56.8,1,ACTIVE
MS004139,2026-08-26 09:44:50+00:00,S11,11,S10,S12,60.0,56.48,1,ACTIVE
MS004140,2026-08-26 09:44:55+00:00,S12,12,S11,,60.0,58.71,1,ACTIVE
MS004141,2026-08-26 09:45:00+00:00,S01,1,,S02,60.0,58.1,1,ACTIVE
MS004142,2026-08-26 09:45:05+00:00,S02,2,S01,S03,60.0,56.76,1,ACTIVE
MS004143,2026-08-26 09:45:10+00:00,S03,3,S02,S04,60.0,58.43,1,ACTIVE
MS004144,2026-08-26 09:45:15+00:00,S04,4,S03,S05,60.0,57.79,1,ACTIVE
MS004145,2026-08-26 09:45:20+00:00,S05,5,S04,S06,60.0,55.38,1,ACTIVE
MS004146,2026-08-26 09:45:25+00:00,S06,6,S05,S07,60.0,58.9,1,ACTIVE
MS004147,2026-08-26 09:45:30+00:00,S07,7,S06,S08,60.0,58.04,1,ACTIVE
MS004148,2026-08-26 09:45:35+00:00,S08,8,S07,S09,60.0,58.14,1,ACTIVE
MS004149,2026-08-26 09:45:40+00:00,S09,9,S08,S10,60.0,55.51,1,ACTIVE
MS004150,2026-08-26 09:45:45+00:00,S10,10,S09,S11,60.0,56.8,1,ACTIVE
MS004151,2026-08-26 09:45:50+00:00,S11,11,S10,S12,60.0,56.48,1,ACTIVE
MS004152,2026-08-26 09:45:55+00:00,S12,12,S11,,60.0,58.71,1,ACTIVE
MS004153,2026-08-26 09:46:00+00:00,S01,1,,S02,60.0,58.1,1,ACTIVE
MS004154,2026-08-26 09:46:05+00:00,S02,2,S01,S03,60.0,56.76,1,ACTIVE
MS004155,2026-08-26 09:46:10+00:00,S03,3,S02,S04,60.0,58.43,1,ACTIVE
MS004156,2026-08-26 09:46:15+00:00,S04,4,S03,S05,60.0,57.79,1,ACTIVE
MS004157,2026-08-26 09:46:20+00:00,S05,5,S04,S06,60.0,55.38,1,ACTIVE
MS004158,2026-08-26 09:46:25+00:00,S06,6,S05,S07,60.0,58.9,1,ACTIVE
MS004159,2026-08-26 09:46:30+00:00,S07,7,S06,S08,60.0,58.04,1,ACTIVE
MS004160,2026-08-26 09:46:35+00:00,S08,8,S07,S09,60.0,58.14,1,ACTIVE
MS004161,2026-08-26 09:46:40+00:00,S09,9,S08,S10,60.0,55.51,1,ACTIVE
MS004162,2026-08-26 09:46:45+00:00,S10,10,S09,S11,60.0,56.8,1,ACTIVE
MS004163,2026-08-26 09:46:50+00:00,S11,11,S10,S12,60.0,56.48,1,ACTIVE
MS004164,2026-08-26 09:46:55+00:00,S12,12,S11,,60.0,58.71,1,ACTIVE
MS004165,2026-08-26 09:47:00+00:00,S01,1,,S02,60.0,58.1,1,ACTIVE
MS004166,2026-08-26 09:47:05+00:00,S02,2,S01,S03,60.0,56.76,1,ACTIVE
MS004167,2026-08-26 09:47:10+00:00,S03,3,S02,S04,60.0,58.43,1,ACTIVE
MS004168,2026-08-26 09:47:15+00:00,S04,4,S03,S05,60.0,57.79,1,ACTIVE
MS004169,2026-08-26 09:47:20+00:00,S05,5,S04,S06,60.0,55.38,1,ACTIVE
MS004170,2026-08-26 09:47:25+00:00,S06,6,S05,S07,60.0,58.9,1,ACTIVE
MS004171,2026-08-26 09:47:30+00:00,S07,7,S06,S08,60.0,58.04,1,ACTIVE
MS004172,2026-08-26 09:47:35+00:00,S08,8,S07,S09,60.0,58.14,1,ACTIVE
MS004173,2026-08-26 09:47:40+00:00,S09,9,S08,S10,60.0,55.51,1,ACTIVE
MS004174,2026-08-26 09:47:45+00:00,S10,10,S09,S11,60.0,56.8,1,ACTIVE
MS004175,2026-08-26 09:47:50+00:00,S11,11,S10,S12,60.0,56.48,1,ACTIVE
MS004176,2026-08-26 09:47:55+00:00,S12,12,S11,,60.0,58.71,1,ACTIVE
MS004177,2026-08-26 09:48:00+00:00,S01,1,,S02,60.0,58.1,1,ACTIVE
MS004178,2026-08-26 09:48:05+00:00,S02,2,S01,S03,60.0,56.76,1,ACTIVE
MS004179,2026-08-26 09:48:10+00:00,S03,3,S02,S04,60.0,58.43,1,ACTIVE
MS004180,2026-08-26 09:48:15+00:00,S04,4,S03,S05,60.0,57.79,1,ACTIVE
MS004181,2026-08-26 09:48:20+00:00,S05,5,S04,S06,60.0,55.38,1,ACTIVE
MS004182,2026-08-26 09:48:25+00:00,S06,6,S05,S07,60.0,58.9,1,ACTIVE
MS004183,2026-08-26 09:48:30+00:00,S07,7,S06,S08,60.0,58.04,1,ACTIVE
MS004184,2026-08-26 09:48:35+00:00,S08,8,S07,S09,60.0,58.14,1,ACTIVE
MS004185,2026-08-26 09:48:40+00:00,S09,9,S08,S10,60.0,55.51,1,ACTIVE
MS004186,2026-08-26 09:48:45+00:00,S10,10,S09,S11,60.0,56.8,1,ACTIVE
MS004187,2026-08-26 09:48:50+00:00,S11,11,S10,S12,60.0,56.48,1,ACTIVE
MS004188,2026-08-26 09:48:55+00:00,S12,12,S11,,60.0,58.71,1,ACTIVE
MS004189,2026-08-26 09:49:00+00:00,S01,1,,S02,60.0,58.1,1,ACTIVE
MS004190,2026-08-26 09:49:05+00:00,S02,2,S01,S03,60.0,56.76,1,ACTIVE
MS004191,2026-08-26 09:49:10+00:00,S03,3,S02,S04,60.0,58.43,1,ACTIVE
MS004192,2026-08-26 09:49:15+00:00,S04,4,S03,S05,60.0,57.79,1,ACTIVE
MS004193,2026-08-26 09:49:20+00:00,S05,5,S04,S06,60.0,55.38,1,ACTIVE
MS004194,2026-08-26 09:49:25+00:00,S06,6,S05,S07,60.0,58.9,1,ACTIVE
MS004195,2026-08-26 09:49:30+00:00,S07,7,S06,S08,60.0,58.04,1,ACTIVE
MS004196,2026-08-26 09:49:35+00:00,S08,8,S07,S09,60.0,58.14,1,ACTIVE
MS004197,2026-08-26 09:49:40+00:00,S09,9,S08,S10,60.0,55.51,1,ACTIVE
MS004198,2026-08-26 09:49:45+00:00,S10,10,S09,S11,60.0,56.8,1,ACTIVE
MS004199,2026-08-26 09:49:50+00:00,S11,11,S10,S12,60.0,56.48,1,ACTIVE
MS004200,2026-08-26 09:49:55+00:00,S12,12,S11,,60.0,58.71,1,ACTIVE
MS004201,2026-08-26 09:50:00+00:00,S01,1,,S02,60.0,58.1,1,ACTIVE
MS004202,2026-08-26 09:50:05+00:00,S02,2,S01,S03,60.0,56.76,1,ACTIVE
MS004203,2026-08-26 09:50:10+00:00,S03,3,S02,S04,60.0,58.43,1,ACTIVE
MS004204,2026-08-26 09:50:15+00:00,S04,4,S03,S05,60.0,57.79,1,ACTIVE
MS004205,2026-08-26 09:50:20+00:00,S05,5,S04,S06,60.0,55.38,1,ACTIVE
MS004206,2026-08-26 09:50:25+00:00,S06,6,S05,S07,60.0,58.9,1,ACTIVE
MS004207,2026-08-26 09:50:30+00:00,S07,7,S06,S08,60.0,58.04,1,ACTIVE
MS004208,2026-08-26 09:50:35+00:00,S08,8,S07,S09,60.0,58.14,1,ACTIVE
MS004209,2026-08-26 09:50:40+00:00,S09,9,S08,S10,60.0,55.51,1,ACTIVE
MS004210,2026-08-26 09:50:45+00:00,S10,10,S09,S11,60.0,56.8,1,ACTIVE
MS004211,2026-08-26 09:50:50+00:00,S11,11,S10,S12,60.0,56.48,1,ACTIVE
MS004212,2026-08-26 09:50:55+00:00,S12,12,S11,,60.0,58.71,1,ACTIVE
MS004213,2026-08-26 09:51:00+00:00,S01,1,,S02,60.0,58.1,1,ACTIVE
MS004214,2026-08-26 09:51:05+00:00,S02,2,S01,S03,60.0,56.76,1,ACTIVE
MS004215,2026-08-26 09:51:10+00:00,S03,3,S02,S04,60.0,58.43,1,ACTIVE
MS004216,2026-08-26 09:51:15+00:00,S04,4,S03,S05,60.0,57.79,1,ACTIVE
MS004217,2026-08-26 09:51:20+00:00,S05,5,S04,S06,60.0,55.38,1,ACTIVE
MS004218,2026-08-26 09:51:25+00:00,S06,6,S05,S07,60.0,58.9,1,ACTIVE
MS004219,2026-08-26 09:51:30+00:00,S07,7,S06,S08,60.0,58.04,1,ACTIVE
MS004220,2026-08-26 09:51:35+00:00,S08,8,S07,S09,60.0,58.14,1,ACTIVE
MS004221,2026-08-26 09:51:40+00:00,S09,9,S08,S10,60.0,55.51,1,ACTIVE
MS004222,2026-08-26 09:51:45+00:00,S10,10,S09,S11,60.0,56.8,1,ACTIVE
MS004223,2026-08-26 09:51:50+00:00,S11,11,S10,S12,60.0,56.48,1,ACTIVE
MS004224,2026-08-26 09:51:55+00:00,S12,12,S11,,60.0,58.71,1,ACTIVE
MS004225,2026-08-26 09:52:00+00:00,S01,1,,S02,60.0,58.1,1,ACTIVE
MS004226,2026-08-26 09:52:05+00:00,S02,2,S01,S03,60.0,56.76,1,ACTIVE
MS004227,2026-08-26 09:52:10+00:00,S03,3,S02,S04,60.0,58.43,1,ACTIVE
MS004228,2026-08-26 09:52:15+00:00,S04,4,S03,S05,60.0,57.79,1,ACTIVE
MS004229,2026-08-26 09:52:20+00:00,S05,5,S04,S06,60.0,55.38,1,ACTIVE
MS004230,2026-08-26 09:52:25+00:00,S06,6,S05,S07,60.0,58.9,1,ACTIVE
MS004231,2026-08-26 09:52:30+00:00,S07,7,S06,S08,60.0,58.04,1,ACTIVE
MS004232,2026-08-26 09:52:35+00:00,S08,8,S07,S09,60.0,58.14,1,ACTIVE
MS004233,2026-08-26 09:52:40+00:00,S09,9,S08,S10,60.0,55.51,1,ACTIVE
MS004234,2026-08-26 09:52:45+00:00,S10,10,S09,S11,60.0,56.8,1,ACTIVE
MS004235,2026-08-26 09:52:50+00:00,S11,11,S10,S12,60.0,56.48,1,ACTIVE
MS004236,2026-08-26 09:52:55+00:00,S12,12,S11,,60.0,58.71,1,ACTIVE
MS004237,2026-08-26 09:53:00+00:00,S01,1,,S02,60.0,58.1,1,ACTIVE
MS004238,2026-08-26 09:53:05+00:00,S02,2,S01,S03,60.0,56.76,1,ACTIVE
MS004239,2026-08-26 09:53:10+00:00,S03,3,S02,S04,60.0,58.43,1,ACTIVE
MS004240,2026-08-26 09:53:15+00:00,S04,4,S03,S05,60.0,57.79,1,ACTIVE
MS004241,2026-08-26 09:53:20+00:00,S05,5,S04,S06,60.0,55.38,1,ACTIVE
MS004242,2026-08-26 09:53:25+00:00,S06,6,S05,S07,60.0,58.9,1,ACTIVE
MS004243,2026-08-26 09:53:30+00:00,S07,7,S06,S08,60.0,58.04,1,ACTIVE
MS004244,2026-08-26 09:53:35+00:00,S08,8,S07,S09,60.0,58.14,1,ACTIVE
MS004245,2026-08-26 09:53:40+00:00,S09,9,S08,S10,60.0,55.51,1,ACTIVE
MS004246,2026-08-26 09:53:45+00:00,S10,10,S09,S11,60.0,56.8,1,ACTIVE
MS004247,2026-08-26 09:53:50+00:00,S11,11,S10,S12,60.0,56.48,1,ACTIVE
MS004248,2026-08-26 09:53:55+00:00,S12,12,S11,,60.0,58.71,1,ACTIVE
MS004249,2026-08-26 09:54:00+00:00,S01,1,,S02,60.0,58.1,1,ACTIVE
MS004250,2026-08-26 09:54:05+00:00,S02,2,S01,S03,60.0,56.76,1,ACTIVE
MS004251,2026-08-26 09:54:10+00:00,S03,3,S02,S04,60.0,58.43,1,ACTIVE
MS004252,2026-08-26 09:54:15+00:00,S04,4,S03,S05,60.0,57.79,1,ACTIVE
MS004253,2026-08-26 09:54:20+00:00,S05,5,S04,S06,60.0,55.38,1,ACTIVE
MS004254,2026-08-26 09:54:25+00:00,S06,6,S05,S07,60.0,58.9,1,ACTIVE
MS004255,2026-08-26 09:54:30+00:00,S07,7,S06,S08,60.0,58.04,1,ACTIVE
MS004256,2026-08-26 09:54:35+00:00,S08,8,S07,S09,60.0,58.14,1,ACTIVE
MS004257,2026-08-26 09:54:40+00:00,S09,9,S08,S10,60.0,55.51,1,ACTIVE
MS004258,2026-08-26 09:54:45+00:00,S10,10,S09,S11,60.0,56.8,1,ACTIVE
MS004259,2026-08-26 09:54:50+00:00,S11,11,S10,S12,60.0,56.48,1,ACTIVE
MS004260,2026-08-26 09:54:55+00:00,S12,12,S11,,60.0,58.71,1,ACTIVE
MS004261,2026-08-26 09:55:00+00:00,S01,1,,S02,60.0,58.1,1,ACTIVE
MS004262,2026-08-26 09:55:05+00:00,S02,2,S01,S03,60.0,56.76,1,ACTIVE
MS004263,2026-08-26 09:55:10+00:00,S03,3,S02,S04,60.0,58.43,1,ACTIVE
MS004264,2026-08-26 09:55:15+00:00,S04,4,S03,S05,60.0,57.79,1,ACTIVE
MS004265,2026-08-26 09:55:20+00:00,S05,5,S04,S06,60.0,55.38,1,ACTIVE
MS004266,2026-08-26 09:55:25+00:00,S06,6,S05,S07,60.0,58.9,1,ACTIVE
MS004267,2026-08-26 09:55:30+00:00,S07,7,S06,S08,60.0,58.04,1,ACTIVE
MS004268,2026-08-26 09:55:35+00:00,S08,8,S07,S09,60.0,58.14,1,ACTIVE
MS004269,2026-08-26 09:55:40+00:00,S09,9,S08,S10,60.0,55.51,1,ACTIVE
MS004270,2026-08-26 09:55:45+00:00,S10,10,S09,S11,60.0,56.8,1,ACTIVE
MS004271,2026-08-26 09:55:50+00:00,S11,11,S10,S12,60.0,56.48,1,ACTIVE
MS004272,2026-08-26 09:55:55+00:00,S12,12,S11,,60.0,58.71,1,ACTIVE
MS004273,2026-08-26 09:56:00+00:00,S01,1,,S02,60.0,58.1,1,ACTIVE
MS004274,2026-08-26 09:56:05+00:00,S02,2,S01,S03,60.0,56.76,1,ACTIVE
MS004275,2026-08-26 09:56:10+00:00,S03,3,S02,S04,60.0,58.43,1,ACTIVE
MS004276,2026-08-26 09:56:15+00:00,S04,4,S03,S05,60.0,57.79,1,ACTIVE
MS004277,2026-08-26 09:56:20+00:00,S05,5,S04,S06,60.0,55.38,1,ACTIVE
MS004278,2026-08-26 09:56:25+00:00,S06,6,S05,S07,60.0,58.9,1,ACTIVE
MS004279,2026-08-26 09:56:30+00:00,S07,7,S06,S08,60.0,58.04,1,ACTIVE
MS004280,2026-08-26 09:56:35+00:00,S08,8,S07,S09,60.0,58.14,1,ACTIVE
MS004281,2026-08-26 09:56:40+00:00,S09,9,S08,S10,60.0,55.51,1,ACTIVE
MS004282,2026-08-26 09:56:45+00:00,S10,10,S09,S11,60.0,56.8,1,ACTIVE
MS004283,2026-08-26 09:56:50+00:00,S11,11,S10,S12,60.0,56.48,1,ACTIVE
MS004284,2026-08-26 09:56:55+00:00,S12,12,S11,,60.0,58.71,1,ACTIVE
MS004285,2026-08-26 09:57:00+00:00,S01,1,,S02,60.0,58.1,1,ACTIVE
MS004286,2026-08-26 09:57:05+00:00,S02,2,S01,S03,60.0,56.76,1,ACTIVE
MS004287,2026-08-26 09:57:10+00:00,S03,3,S02,S04,60.0,58.43,1,ACTIVE
MS004288,2026-08-26 09:57:15+00:00,S04,4,S03,S05,60.0,57.79,1,ACTIVE
MS004289,2026-08-26 09:57:20+00:00,S05,5,S04,S06,60.0,55.38,1,ACTIVE
MS004290,2026-08-26 09:57:25+00:00,S06,6,S05,S07,60.0,58.9,1,ACTIVE
MS004291,2026-08-26 09:57:30+00:00,S07,7,S06,S08,60.0,58.04,1,ACTIVE
MS004292,2026-08-26 09:57:35+00:00,S08,8,S07,S09,60.0,58.14,1,ACTIVE
MS004293,2026-08-26 09:57:40+00:00,S09,9,S08,S10,60.0,55.51,1,ACTIVE
MS004294,2026-08-26 09:57:45+00:00,S10,10,S09,S11,60.0,56.8,1,ACTIVE
MS004295,2026-08-26 09:57:50+00:00,S11,11,S10,S12,60.0,56.48,1,ACTIVE
MS004296,2026-08-26 09:57:55+00:00,S12,12,S11,,60.0,58.71,1,ACTIVE
MS004297,2026-08-26 09:58:00+00:00,S01,1,,S02,60.0,58.1,1,ACTIVE
MS004298,2026-08-26 09:58:05+00:00,S02,2,S01,S03,60.0,56.76,1,ACTIVE
MS004299,2026-08-26 09:58:10+00:00,S03,3,S02,S04,60.0,58.43,1,ACTIVE
MS004300,2026-08-26 09:58:15+00:00,S04,4,S03,S05,60.0,57.79,1,ACTIVE
MS004301,2026-08-26 09:58:20+00:00,S05,5,S04,S06,60.0,55.38,1,ACTIVE
MS004302,2026-08-26 09:58:25+00:00,S06,6,S05,S07,60.0,58.9,1,ACTIVE
MS004303,2026-08-26 09:58:30+00:00,S07,7,S06,S08,60.0,58.04,1,ACTIVE
MS004304,2026-08-26 09:58:35+00:00,S08,8,S07,S09,60.0,58.14,1,ACTIVE
MS004305,2026-08-26 09:58:40+00:00,S09,9,S08,S10,60.0,55.51,1,ACTIVE
MS004306,2026-08-26 09:58:45+00:00,S10,10,S09,S11,60.0,56.8,1,ACTIVE
MS004307,2026-08-26 09:58:50+00:00,S11,11,S10,S12,60.0,56.48,1,ACTIVE
MS004308,2026-08-26 09:58:55+00:00,S12,12,S11,,60.0,58.71,1,ACTIVE
MS004309,2026-08-26 09:59:00+00:00,S01,1,,S02,60.0,58.1,1,ACTIVE
MS004310,2026-08-26 09:59:05+00:00,S02,2,S01,S03,60.0,56.76,1,ACTIVE
MS004311,2026-08-26 09:59:10+00:00,S03,3,S02,S04,60.0,58.43,1,ACTIVE
MS004312,2026-08-26 09:59:15+00:00,S04,4,S03,S05,60.0,57.79,1,ACTIVE
MS004313,2026-08-26 09:59:20+00:00,S05,5,S04,S06,60.0,55.38,1,ACTIVE
MS004314,2026-08-26 09:59:25+00:00,S06,6,S05,S07,60.0,58.9,1,ACTIVE
MS004315,2026-08-26 09:59:30+00:00,S07,7,S06,S08,60.0,58.04,1,ACTIVE
MS004316,2026-08-26 09:59:35+00:00,S08,8,S07,S09,60.0,58.14,1,ACTIVE
MS004317,2026-08-26 09:59:40+00:00,S09,9,S08,S10,60.0,55.51,1,ACTIVE
MS004318,2026-08-26 09:59:45+00:00,S10,10,S09,S11,60.0,56.8,1,ACTIVE
MS004319,2026-08-26 09:59:50+00:00,S11,11,S10,S12,60.0,56.48,1,ACTIVE
MS004320,2026-08-26 09:59:55+00:00,S12,12,S11,,60.0,58.71,1,ACTIVE
MS004321,2026-08-26 10:00:00+00:00,S01,1,,S02,60.0,58.1,1,ACTIVE
MS004322,2026-08-26 10:00:05+00:00,S02,2,S01,S03,60.0,56.76,1,ACTIVE
MS004323,2026-08-26 10:00:10+00:00,S03,3,S02,S04,60.0,58.43,1,ACTIVE
MS004324,2026-08-26 10:00:15+00:00,S04,4,S03,S05,60.0,57.79,1,ACTIVE
MS004325,2026-08-26 10:00:20+00:00,S05,5,S04,S06,60.0,55.38,1,ACTIVE
MS004326,2026-08-26 10:00:25+00:00,S06,6,S05,S07,60.0,58.9,1,ACTIVE
MS004327,2026-08-26 10:00:30+00:00,S07,7,S06,S08,60.0,58.04,1,ACTIVE
MS004328,2026-08-26 10:00:35+00:00,S08,8,S07,S09,60.0,58.14,1,ACTIVE
MS004329,2026-08-26 10:00:40+00:00,S09,9,S08,S10,60.0,55.51,1,ACTIVE
MS004330,2026-08-26 10:00:45+00:00,S10,10,S09,S11,60.0,56.8,1,ACTIVE
MS004331,2026-08-26 10:00:50+00:00,S11,11,S10,S12,60.0,56.48,1,ACTIVE
MS004332,2026-08-26 10:00:55+00:00,S12,12,S11,,60.0,58.71,1,ACTIVE
MS004333,2026-08-26 10:01:00+00:00,S01,1,,S02,60.0,58.1,1,ACTIVE
MS004334,2026-08-26 10:01:05+00:00,S02,2,S01,S03,60.0,56.76,1,ACTIVE
MS004335,2026-08-26 10:01:10+00:00,S03,3,S02,S04,60.0,58.43,1,ACTIVE
MS004336,2026-08-26 10:01:15+00:00,S04,4,S03,S05,60.0,57.79,1,ACTIVE
MS004337,2026-08-26 10:01:20+00:00,S05,5,S04,S06,60.0,55.38,1,ACTIVE
MS004338,2026-08-26 10:01:25+00:00,S06,6,S05,S07,60.0,58.9,1,ACTIVE
MS004339,2026-08-26 10:01:30+00:00,S07,7,S06,S08,60.0,58.04,1,ACTIVE
MS004340,2026-08-26 10:01:35+00:00,S08,8,S07,S09,60.0,58.14,1,ACTIVE
MS004341,2026-08-26 10:01:40+00:00,S09,9,S08,S10,60.0,55.51,1,ACTIVE
MS004342,2026-08-26 10:01:45+00:00,S10,10,S09,S11,60.0,56.8,1,ACTIVE
MS004343,2026-08-26 10:01:50+00:00,S11,11,S10,S12,60.0,56.48,1,ACTIVE
MS004344,2026-08-26 10:01:55+00:00,S12,12,S11,,60.0,58.71,1,ACTIVE
MS004345,2026-08-26 10:02:00+00:00,S01,1,,S02,60.0,58.1,1,ACTIVE
MS004346,2026-08-26 10:02:05+00:00,S02,2,S01,S03,60.0,56.76,1,ACTIVE
MS004347,2026-08-26 10:02:10+00:00,S03,3,S02,S04,60.0,58.43,1,ACTIVE
MS004348,2026-08-26 10:02:15+00:00,S04,4,S03,S05,60.0,57.79,1,ACTIVE
MS004349,2026-08-26 10:02:20+00:00,S05,5,S04,S06,60.0,55.38,1,ACTIVE
MS004350,2026-08-26 10:02:25+00:00,S06,6,S05,S07,60.0,58.9,1,ACTIVE
MS004351,2026-08-26 10:02:30+00:00,S07,7,S06,S08,60.0,58.04,1,ACTIVE
MS004352,2026-08-26 10:02:35+00:00,S08,8,S07,S09,60.0,58.14,1,ACTIVE
MS004353,2026-08-26 10:02:40+00:00,S09,9,S08,S10,60.0,55.51,1,ACTIVE
MS004354,2026-08-26 10:02:45+00:00,S10,10,S09,S11,60.0,56.8,1,ACTIVE
MS004355,2026-08-26 10:02:50+00:00,S11,11,S10,S12,60.0,56.48,1,ACTIVE
MS004356,2026-08-26 10:02:55+00:00,S12,12,S11,,60.0,58.71,1,ACTIVE
MS004357,2026-08-26 10:03:00+00:00,S01,1,,S02,60.0,58.1,1,ACTIVE
MS004358,2026-08-26 10:03:05+00:00,S02,2,S01,S03,60.0,56.76,1,ACTIVE
MS004359,2026-08-26 10:03:10+00:00,S03,3,S02,S04,60.0,58.43,1,ACTIVE
MS004360,2026-08-26 10:03:15+00:00,S04,4,S03,S05,60.0,57.79,1,ACTIVE
MS004361,2026-08-26 10:03:20+00:00,S05,5,S04,S06,60.0,55.38,1,ACTIVE
MS004362,2026-08-26 10:03:25+00:00,S06,6,S05,S07,60.0,58.9,1,ACTIVE
MS004363,2026-08-26 10:03:30+00:00,S07,7,S06,S08,60.0,58.04,1,ACTIVE
MS004364,2026-08-26 10:03:35+00:00,S08,8,S07,S09,60.0,58.14,1,ACTIVE
MS004365,2026-08-26 10:03:40+00:00,S09,9,S08,S10,60.0,55.51,1,ACTIVE
MS004366,2026-08-26 10:03:45+00:00,S10,10,S09,S11,60.0,56.8,1,ACTIVE
MS004367,2026-08-26 10:03:50+00:00,S11,11,S10,S12,60.0,56.48,1,ACTIVE
MS004368,2026-08-26 10:03:55+00:00,S12,12,S11,,60.0,58.71,1,ACTIVE
MS004369,2026-08-26 10:04:00+00:00,S01,1,,S02,60.0,58.1,1,ACTIVE
MS004370,2026-08-26 10:04:05+00:00,S02,2,S01,S03,60.0,56.76,1,ACTIVE
MS004371,2026-08-26 10:04:10+00:00,S03,3,S02,S04,60.0,58.43,1,ACTIVE
MS004372,2026-08-26 10:04:15+00:00,S04,4,S03,S05,60.0,57.79,1,ACTIVE
MS004373,2026-08-26 10:04:20+00:00,S05,5,S04,S06,60.0,55.38,1,ACTIVE
MS004374,2026-08-26 10:04:25+00:00,S06,6,S05,S07,60.0,58.9,1,ACTIVE
MS004375,2026-08-26 10:04:30+00:00,S07,7,S06,S08,60.0,58.04,1,ACTIVE
MS004376,2026-08-26 10:04:35+00:00,S08,8,S07,S09,60.0,58.14,1,ACTIVE
MS004377,2026-08-26 10:04:40+00:00,S09,9,S08,S10,60.0,55.51,1,ACTIVE
MS004378,2026-08-26 10:04:45+00:00,S10,10,S09,S11,60.0,56.8,1,ACTIVE
MS004379,2026-08-26 10:04:50+00:00,S11,11,S10,S12,60.0,56.48,1,ACTIVE
MS004380,2026-08-26 10:04:55+00:00,S12,12,S11,,60.0,58.71,1,ACTIVE
MS004381,2026-08-26 10:05:00+00:00,S01,1,,S02,60.0,58.1,1,ACTIVE
MS004382,2026-08-26 10:05:05+00:00,S02,2,S01,S03,60.0,56.76,1,ACTIVE
MS004383,2026-08-26 10:05:10+00:00,S03,3,S02,S04,60.0,58.43,1,ACTIVE
MS004384,2026-08-26 10:05:15+00:00,S04,4,S03,S05,60.0,57.79,1,ACTIVE
MS004385,2026-08-26 10:05:20+00:00,S05,5,S04,S06,60.0,55.38,1,ACTIVE
MS004386,2026-08-26 10:05:25+00:00,S06,6,S05,S07,60.0,58.9,1,ACTIVE
MS004387,2026-08-26 10:05:30+00:00,S07,7,S06,S08,60.0,58.04,1,ACTIVE
MS004388,2026-08-26 10:05:35+00:00,S08,8,S07,S09,60.0,58.14,1,ACTIVE
MS004389,2026-08-26 10:05:40+00:00,S09,9,S08,S10,60.0,55.51,1,ACTIVE
MS004390,2026-08-26 10:05:45+00:00,S10,10,S09,S11,60.0,56.8,1,ACTIVE
MS004391,2026-08-26 10:05:50+00:00,S11,11,S10,S12,60.0,56.48,1,ACTIVE
MS004392,2026-08-26 10:05:55+00:00,S12,12,S11,,60.0,58.71,1,ACTIVE
MS004393,2026-08-26 10:06:00+00:00,S01,1,,S02,60.0,58.1,1,ACTIVE
MS004394,2026-08-26 10:06:05+00:00,S02,2,S01,S03,60.0,56.76,1,ACTIVE
MS004395,2026-08-26 10:06:10+00:00,S03,3,S02,S04,60.0,58.43,1,ACTIVE
MS004396,2026-08-26 10:06:15+00:00,S04,4,S03,S05,60.0,57.79,1,ACTIVE
MS004397,2026-08-26 10:06:20+00:00,S05,5,S04,S06,60.0,55.38,1,ACTIVE
MS004398,2026-08-26 10:06:25+00:00,S06,6,S05,S07,60.0,58.9,1,ACTIVE
MS004399,2026-08-26 10:06:30+00:00,S07,7,S06,S08,60.0,58.04,1,ACTIVE
MS004400,2026-08-26 10:06:35+00:00,S08,8,S07,S09,60.0,58.14,1,ACTIVE
MS004401,2026-08-26 10:06:40+00:00,S09,9,S08,S10,60.0,55.51,1,ACTIVE
MS004402,2026-08-26 10:06:45+00:00,S10,10,S09,S11,60.0,56.8,1,ACTIVE
MS004403,2026-08-26 10:06:50+00:00,S11,11,S10,S12,60.0,56.48,1,ACTIVE
MS004404,2026-08-26 10:06:55+00:00,S12,12,S11,,60.0,58.71,1,ACTIVE
MS004405,2026-08-26 10:07:00+00:00,S01,1,,S02,60.0,58.1,1,ACTIVE
MS004406,2026-08-26 10:07:05+00:00,S02,2,S01,S03,60.0,56.76,1,ACTIVE
MS004407,2026-08-26 10:07:10+00:00,S03,3,S02,S04,60.0,58.43,1,ACTIVE
MS004408,2026-08-26 10:07:15+00:00,S04,4,S03,S05,60.0,57.79,1,ACTIVE
MS004409,2026-08-26 10:07:20+00:00,S05,5,S04,S06,60.0,55.38,1,ACTIVE
MS004410,2026-08-26 10:07:25+00:00,S06,6,S05,S07,60.0,58.9,1,ACTIVE
MS004411,2026-08-26 10:07:30+00:00,S07,7,S06,S08,60.0,58.04,1,ACTIVE
MS004412,2026-08-26 10:07:35+00:00,S08,8,S07,S09,60.0,58.14,1,ACTIVE
MS004413,2026-08-26 10:07:40+00:00,S09,9,S08,S10,60.0,55.51,1,ACTIVE
MS004414,2026-08-26 10:07:45+00:00,S10,10,S09,S11,60.0,56.8,1,ACTIVE
MS004415,2026-08-26 10:07:50+00:00,S11,11,S10,S12,60.0,56.48,1,ACTIVE
MS004416,2026-08-26 10:07:55+00:00,S12,12,S11,,60.0,58.71,1,ACTIVE
MS004417,2026-08-26 10:08:00+00:00,S01,1,,S02,60.0,58.1,1,ACTIVE
MS004418,2026-08-26 10:08:05+00:00,S02,2,S01,S03,60.0,56.76,1,ACTIVE
MS004419,2026-08-26 10:08:10+00:00,S03,3,S02,S04,60.0,58.43,1,ACTIVE
MS004420,2026-08-26 10:08:15+00:00,S04,4,S03,S05,60.0,57.79,1,ACTIVE
MS004421,2026-08-26 10:08:20+00:00,S05,5,S04,S06,60.0,55.38,1,ACTIVE
MS004422,2026-08-26 10:08:25+00:00,S06,6,S05,S07,60.0,58.9,1,ACTIVE
MS004423,2026-08-26 10:08:30+00:00,S07,7,S06,S08,60.0,58.04,1,ACTIVE
MS004424,2026-08-26 10:08:35+00:00,S08,8,S07,S09,60.0,58.14,1,ACTIVE
MS004425,2026-08-26 10:08:40+00:00,S09,9,S08,S10,60.0,55.51,1,ACTIVE
MS004426,2026-08-26 10:08:45+00:00,S10,10,S09,S11,60.0,56.8,1,ACTIVE
MS004427,2026-08-26 10:08:50+00:00,S11,11,S10,S12,60.0,56.48,1,ACTIVE
MS004428,2026-08-26 10:08:55+00:00,S12,12,S11,,60.0,58.71,1,ACTIVE
MS004429,2026-08-26 10:09:00+00:00,S01,1,,S02,60.0,58.1,1,ACTIVE
MS004430,2026-08-26 10:09:05+00:00,S02,2,S01,S03,60.0,56.76,1,ACTIVE
MS004431,2026-08-26 10:09:10+00:00,S03,3,S02,S04,60.0,58.43,1,ACTIVE
MS004432,2026-08-26 10:09:15+00:00,S04,4,S03,S05,60.0,57.79,1,ACTIVE
MS004433,2026-08-26 10:09:20+00:00,S05,5,S04,S06,60.0,55.38,1,ACTIVE
MS004434,2026-08-26 10:09:25+00:00,S06,6,S05,S07,60.0,58.9,1,ACTIVE
MS004435,2026-08-26 10:09:30+00:00,S07,7,S06,S08,60.0,58.04,1,ACTIVE
MS004436,2026-08-26 10:09:35+00:00,S08,8,S07,S09,60.0,58.14,1,ACTIVE
MS004437,2026-08-26 10:09:40+00:00,S09,9,S08,S10,60.0,55.51,1,ACTIVE
MS004438,2026-08-26 10:09:45+00:00,S10,10,S09,S11,60.0,56.8,1,ACTIVE
MS004439,2026-08-26 10:09:50+00:00,S11,11,S10,S12,60.0,56.48,1,ACTIVE
MS004440,2026-08-26 10:09:55+00:00,S12,12,S11,,60.0,58.71,1,ACTIVE
MS004441,2026-08-26 10:10:00+00:00,S01,1,,S02,60.0,58.1,1,ACTIVE
MS004442,2026-08-26 10:10:05+00:00,S02,2,S01,S03,60.0,56.76,1,ACTIVE
MS004443,2026-08-26 10:10:10+00:00,S03,3,S02,S04,60.0,58.43,1,ACTIVE
MS004444,2026-08-26 10:10:15+00:00,S04,4,S03,S05,60.0,57.79,1,ACTIVE
MS004445,2026-08-26 10:10:20+00:00,S05,5,S04,S06,60.0,55.38,1,ACTIVE
MS004446,2026-08-26 10:10:25+00:00,S06,6,S05,S07,60.0,58.9,1,ACTIVE
MS004447,2026-08-26 10:10:30+00:00,S07,7,S06,S08,60.0,58.04,1,ACTIVE
MS004448,2026-08-26 10:10:35+00:00,S08,8,S07,S09,60.0,58.14,1,ACTIVE
MS004449,2026-08-26 10:10:40+00:00,S09,9,S08,S10,60.0,55.51,1,ACTIVE
MS004450,2026-08-26 10:10:45+00:00,S10,10,S09,S11,60.0,56.8,1,ACTIVE
MS004451,2026-08-26 10:10:50+00:00,S11,11,S10,S12,60.0,56.48,1,ACTIVE
MS004452,2026-08-26 10:10:55+00:00,S12,12,S11,,60.0,58.71,1,ACTIVE
MS004453,2026-08-26 10:11:00+00:00,S01,1,,S02,60.0,58.1,1,ACTIVE
MS004454,2026-08-26 10:11:05+00:00,S02,2,S01,S03,60.0,56.76,1,ACTIVE
MS004455,2026-08-26 10:11:10+00:00,S03,3,S02,S04,60.0,58.43,1,ACTIVE
MS004456,2026-08-26 10:11:15+00:00,S04,4,S03,S05,60.0,57.79,1,ACTIVE
MS004457,2026-08-26 10:11:20+00:00,S05,5,S04,S06,60.0,55.38,1,ACTIVE
MS004458,2026-08-26 10:11:25+00:00,S06,6,S05,S07,60.0,58.9,1,ACTIVE
MS004459,2026-08-26 10:11:30+00:00,S07,7,S06,S08,60.0,58.04,1,ACTIVE
MS004460,2026-08-26 10:11:35+00:00,S08,8,S07,S09,60.0,58.14,1,ACTIVE
MS004461,2026-08-26 10:11:40+00:00,S09,9,S08,S10,60.0,55.51,1,ACTIVE
MS004462,2026-08-26 10:11:45+00:00,S10,10,S09,S11,60.0,56.8,1,ACTIVE
MS004463,2026-08-26 10:11:50+00:00,S11,11,S10,S12,60.0,56.48,1,ACTIVE
MS004464,2026-08-26 10:11:55+00:00,S12,12,S11,,60.0,58.71,1,ACTIVE
MS004465,2026-08-26 10:12:00+00:00,S01,1,,S02,60.0,58.1,1,ACTIVE
MS004466,2026-08-26 10:12:05+00:00,S02,2,S01,S03,60.0,56.76,1,ACTIVE
MS004467,2026-08-26 10:12:10+00:00,S03,3,S02,S04,60.0,58.43,1,ACTIVE
MS004468,2026-08-26 10:12:15+00:00,S04,4,S03,S05,60.0,57.79,1,ACTIVE
MS004469,2026-08-26 10:12:20+00:00,S05,5,S04,S06,60.0,55.38,1,ACTIVE
MS004470,2026-08-26 10:12:25+00:00,S06,6,S05,S07,60.0,58.9,1,ACTIVE
MS004471,2026-08-26 10:12:30+00:00,S07,7,S06,S08,60.0,58.04,1,ACTIVE
MS004472,2026-08-26 10:12:35+00:00,S08,8,S07,S09,60.0,58.14,1,ACTIVE
MS004473,2026-08-26 10:12:40+00:00,S09,9,S08,S10,60.0,55.51,1,ACTIVE
MS004474,2026-08-26 10:12:45+00:00,S10,10,S09,S11,60.0,56.8,1,ACTIVE
MS004475,2026-08-26 10:12:50+00:00,S11,11,S10,S12,60.0,56.48,1,ACTIVE
MS004476,2026-08-26 10:12:55+00:00,S12,12,S11,,60.0,58.71,1,ACTIVE
MS004477,2026-08-26 10:13:00+00:00,S01,1,,S02,60.0,58.1,1,ACTIVE
MS004478,2026-08-26 10:13:05+00:00,S02,2,S01,S03,60.0,56.76,1,ACTIVE
MS004479,2026-08-26 10:13:10+00:00,S03,3,S02,S04,60.0,58.43,1,ACTIVE
MS004480,2026-08-26 10:13:15+00:00,S04,4,S03,S05,60.0,57.79,1,ACTIVE
MS004481,2026-08-26 10:13:20+00:00,S05,5,S04,S06,60.0,55.38,1,ACTIVE
MS004482,2026-08-26 10:13:25+00:00,S06,6,S05,S07,60.0,58.9,1,ACTIVE
MS004483,2026-08-26 10:13:30+00:00,S07,7,S06,S08,60.0,58.04,1,ACTIVE
MS004484,2026-08-26 10:13:35+00:00,S08,8,S07,S09,60.0,58.14,1,ACTIVE
MS004485,2026-08-26 10:13:40+00:00,S09,9,S08,S10,60.0,55.51,1,ACTIVE
MS004486,2026-08-26 10:13:45+00:00,S10,10,S09,S11,60.0,56.8,1,ACTIVE
MS004487,2026-08-26 10:13:50+00:00,S11,11,S10,S12,60.0,56.48,1,ACTIVE
MS004488,2026-08-26 10:13:55+00:00,S12,12,S11,,60.0,58.71,1,ACTIVE
MS004489,2026-08-26 10:14:00+00:00,S01,1,,S02,60.0,58.1,1,ACTIVE
MS004490,2026-08-26 10:14:05+00:00,S02,2,S01,S03,60.0,56.76,1,ACTIVE
MS004491,2026-08-26 10:14:10+00:00,S03,3,S02,S04,60.0,58.43,1,ACTIVE
MS004492,2026-08-26 10:14:15+00:00,S04,4,S03,S05,60.0,57.79,1,ACTIVE
MS004493,2026-08-26 10:14:20+00:00,S05,5,S04,S06,60.0,55.38,1,ACTIVE
MS004494,2026-08-26 10:14:25+00:00,S06,6,S05,S07,60.0,58.9,1,ACTIVE
MS004495,2026-08-26 10:14:30+00:00,S07,7,S06,S08,60.0,58.04,1,ACTIVE
MS004496,2026-08-26 10:14:35+00:00,S08,8,S07,S09,60.0,58.14,1,ACTIVE
MS004497,2026-08-26 10:14:40+00:00,S09,9,S08,S10,60.0,55.51,1,ACTIVE
MS004498,2026-08-26 10:14:45+00:00,S10,10,S09,S11,60.0,56.8,1,ACTIVE
MS004499,2026-08-26 10:14:50+00:00,S11,11,S10,S12,60.0,56.48,1,ACTIVE
MS004500,2026-08-26 10:14:55+00:00,S12,12,S11,,60.0,58.71,1,ACTIVE
MS004501,2026-08-26 10:15:00+00:00,S01,1,,S02,60.0,58.1,1,ACTIVE
MS004502,2026-08-26 10:15:05+00:00,S02,2,S01,S03,60.0,56.76,1,ACTIVE
MS004503,2026-08-26 10:15:10+00:00,S03,3,S02,S04,60.0,58.43,1,ACTIVE
MS004504,2026-08-26 10:15:15+00:00,S04,4,S03,S05,60.0,57.79,1,ACTIVE
MS004505,2026-08-26 10:15:20+00:00,S05,5,S04,S06,60.0,55.38,1,ACTIVE
MS004506,2026-08-26 10:15:25+00:00,S06,6,S05,S07,60.0,58.9,1,ACTIVE
MS004507,2026-08-26 10:15:30+00:00,S07,7,S06,S08,60.0,58.04,1,ACTIVE
MS004508,2026-08-26 10:15:35+00:00,S08,8,S07,S09,60.0,58.14,1,ACTIVE
MS004509,2026-08-26 10:15:40+00:00,S09,9,S08,S10,60.0,55.51,1,ACTIVE
MS004510,2026-08-26 10:15:45+00:00,S10,10,S09,S11,60.0,56.8,1,ACTIVE
MS004511,2026-08-26 10:15:50+00:00,S11,11,S10,S12,60.0,56.48,1,ACTIVE
MS004512,2026-08-26 10:15:55+00:00,S12,12,S11,,60.0,58.71,1,ACTIVE
MS004513,2026-08-26 10:16:00+00:00,S01,1,,S02,60.0,58.1,1,ACTIVE
MS004514,2026-08-26 10:16:05+00:00,S02,2,S01,S03,60.0,56.76,1,ACTIVE
MS004515,2026-08-26 10:16:10+00:00,S03,3,S02,S04,60.0,58.43,1,ACTIVE
MS004516,2026-08-26 10:16:15+00:00,S04,4,S03,S05,60.0,57.79,1,ACTIVE
MS004517,2026-08-26 10:16:20+00:00,S05,5,S04,S06,60.0,55.38,1,ACTIVE
MS004518,2026-08-26 10:16:25+00:00,S06,6,S05,S07,60.0,58.9,1,ACTIVE
MS004519,2026-08-26 10:16:30+00:00,S07,7,S06,S08,60.0,58.04,1,ACTIVE
MS004520,2026-08-26 10:16:35+00:00,S08,8,S07,S09,60.0,58.14,1,ACTIVE
MS004521,2026-08-26 10:16:40+00:00,S09,9,S08,S10,60.0,55.51,1,ACTIVE
MS004522,2026-08-26 10:16:45+00:00,S10,10,S09,S11,60.0,56.8,1,ACTIVE
MS004523,2026-08-26 10:16:50+00:00,S11,11,S10,S12,60.0,56.48,1,ACTIVE
MS004524,2026-08-26 10:16:55+00:00,S12,12,S11,,60.0,58.71,1,ACTIVE
MS004525,2026-08-26 10:17:00+00:00,S01,1,,S02,60.0,58.1,1,ACTIVE
MS004526,2026-08-26 10:17:05+00:00,S02,2,S01,S03,60.0,56.76,1,ACTIVE
MS004527,2026-08-26 10:17:10+00:00,S03,3,S02,S04,60.0,58.43,1,ACTIVE
MS004528,2026-08-26 10:17:15+00:00,S04,4,S03,S05,60.0,57.79,1,ACTIVE
MS004529,2026-08-26 10:17:20+00:00,S05,5,S04,S06,60.0,55.38,1,ACTIVE
MS004530,2026-08-26 10:17:25+00:00,S06,6,S05,S07,60.0,58.9,1,ACTIVE
MS004531,2026-08-26 10:17:30+00:00,S07,7,S06,S08,60.0,58.04,1,ACTIVE
MS004532,2026-08-26 10:17:35+00:00,S08,8,S07,S09,60.0,58.14,1,ACTIVE
MS004533,2026-08-26 10:17:40+00:00,S09,9,S08,S10,60.0,55.51,1,ACTIVE
MS004534,2026-08-26 10:17:45+00:00,S10,10,S09,S11,60.0,56.8,1,ACTIVE
MS004535,2026-08-26 10:17:50+00:00,S11,11,S10,S12,60.0,56.48,1,ACTIVE
MS004536,2026-08-26 10:17:55+00:00,S12,12,S11,,60.0,58.71,1,ACTIVE
MS004537,2026-08-26 10:18:00+00:00,S01,1,,S02,60.0,58.1,1,ACTIVE
MS004538,2026-08-26 10:18:05+00:00,S02,2,S01,S03,60.0,56.76,1,ACTIVE
MS004539,2026-08-26 10:18:10+00:00,S03,3,S02,S04,60.0,58.43,1,ACTIVE
MS004540,2026-08-26 10:18:15+00:00,S04,4,S03,S05,60.0,57.79,1,ACTIVE
MS004541,2026-08-26 10:18:20+00:00,S05,5,S04,S06,60.0,55.38,1,ACTIVE
MS004542,2026-08-26 10:18:25+00:00,S06,6,S05,S07,60.0,58.9,1,ACTIVE
MS004543,2026-08-26 10:18:30+00:00,S07,7,S06,S08,60.0,58.04,1,ACTIVE
MS004544,2026-08-26 10:18:35+00:00,S08,8,S07,S09,60.0,58.14,1,ACTIVE
MS004545,2026-08-26 10:18:40+00:00,S09,9,S08,S10,60.0,55.51,1,ACTIVE
MS004546,2026-08-26 10:18:45+00:00,S10,10,S09,S11,60.0,56.8,1,ACTIVE
MS004547,2026-08-26 10:18:50+00:00,S11,11,S10,S12,60.0,56.48,1,ACTIVE
MS004548,2026-08-26 10:18:55+00:00,S12,12,S11,,60.0,58.71,1,ACTIVE
MS004549,2026-08-26 10:19:00+00:00,S01,1,,S02,60.0,58.1,1,ACTIVE
MS004550,2026-08-26 10:19:05+00:00,S02,2,S01,S03,60.0,56.76,1,ACTIVE
MS004551,2026-08-26 10:19:10+00:00,S03,3,S02,S04,60.0,58.43,1,ACTIVE
MS004552,2026-08-26 10:19:15+00:00,S04,4,S03,S05,60.0,57.79,1,ACTIVE
MS004553,2026-08-26 10:19:20+00:00,S05,5,S04,S06,60.0,55.38,1,ACTIVE
MS004554,2026-08-26 10:19:25+00:00,S06,6,S05,S07,60.0,58.9,1,ACTIVE
MS004555,2026-08-26 10:19:30+00:00,S07,7,S06,S08,60.0,58.04,1,ACTIVE
MS004556,2026-08-26 10:19:35+00:00,S08,8,S07,S09,60.0,58.14,1,ACTIVE
MS004557,2026-08-26 10:19:40+00:00,S09,9,S08,S10,60.0,55.51,1,ACTIVE
MS004558,2026-08-26 10:19:45+00:00,S10,10,S09,S11,60.0,56.8,1,ACTIVE
MS004559,2026-08-26 10:19:50+00:00,S11,11,S10,S12,60.0,56.48,1,ACTIVE
MS004560,2026-08-26 10:19:55+00:00,S12,12,S11,,60.0,58.71,1,ACTIVE
MS004561,2026-08-26 10:20:00+00:00,S01,1,,S02,60.0,58.1,1,ACTIVE
MS004562,2026-08-26 10:20:05+00:00,S02,2,S01,S03,60.0,56.76,1,ACTIVE
MS004563,2026-08-26 10:20:10+00:00,S03,3,S02,S04,60.0,58.43,1,ACTIVE
MS004564,2026-08-26 10:20:15+00:00,S04,4,S03,S05,60.0,57.79,1,ACTIVE
MS004565,2026-08-26 10:20:20+00:00,S05,5,S04,S06,60.0,55.38,1,ACTIVE
MS004566,2026-08-26 10:20:25+00:00,S06,6,S05,S07,60.0,58.9,1,ACTIVE
MS004567,2026-08-26 10:20:30+00:00,S07,7,S06,S08,60.0,58.04,1,ACTIVE
MS004568,2026-08-26 10:20:35+00:00,S08,8,S07,S09,60.0,58.14,1,ACTIVE
MS004569,2026-08-26 10:20:40+00:00,S09,9,S08,S10,60.0,55.51,1,ACTIVE
MS004570,2026-08-26 10:20:45+00:00,S10,10,S09,S11,60.0,56.8,1,ACTIVE
MS004571,2026-08-26 10:20:50+00:00,S11,11,S10,S12,60.0,56.48,1,ACTIVE
MS004572,2026-08-26 10:20:55+00:00,S12,12,S11,,60.0,58.71,1,ACTIVE
MS004573,2026-08-26 10:21:00+00:00,S01,1,,S02,60.0,58.1,1,ACTIVE
MS004574,2026-08-26 10:21:05+00:00,S02,2,S01,S03,60.0,56.76,1,ACTIVE
MS004575,2026-08-26 10:21:10+00:00,S03,3,S02,S04,60.0,58.43,1,ACTIVE
MS004576,2026-08-26 10:21:15+00:00,S04,4,S03,S05,60.0,57.79,1,ACTIVE
MS004577,2026-08-26 10:21:20+00:00,S05,5,S04,S06,60.0,55.38,1,ACTIVE
MS004578,2026-08-26 10:21:25+00:00,S06,6,S05,S07,60.0,58.9,1,ACTIVE
MS004579,2026-08-26 10:21:30+00:00,S07,7,S06,S08,60.0,58.04,1,ACTIVE
MS004580,2026-08-26 10:21:35+00:00,S08,8,S07,S09,60.0,58.14,1,ACTIVE
MS004581,2026-08-26 10:21:40+00:00,S09,9,S08,S10,60.0,55.51,1,ACTIVE
MS004582,2026-08-26 10:21:45+00:00,S10,10,S09,S11,60.0,56.8,1,ACTIVE
MS004583,2026-08-26 10:21:50+00:00,S11,11,S10,S12,60.0,56.48,1,ACTIVE
MS004584,2026-08-26 10:21:55+00:00,S12,12,S11,,60.0,58.71,1,ACTIVE
MS004585,2026-08-26 10:22:00+00:00,S01,1,,S02,60.0,58.1,1,ACTIVE
MS004586,2026-08-26 10:22:05+00:00,S02,2,S01,S03,60.0,56.76,1,ACTIVE
MS004587,2026-08-26 10:22:10+00:00,S03,3,S02,S04,60.0,58.43,1,ACTIVE
MS004588,2026-08-26 10:22:15+00:00,S04,4,S03,S05,60.0,57.79,1,ACTIVE
MS004589,2026-08-26 10:22:20+00:00,S05,5,S04,S06,60.0,55.38,1,ACTIVE
MS004590,2026-08-26 10:22:25+00:00,S06,6,S05,S07,60.0,58.9,1,ACTIVE
MS004591,2026-08-26 10:22:30+00:00,S07,7,S06,S08,60.0,58.04,1,ACTIVE
MS004592,2026-08-26 10:22:35+00:00,S08,8,S07,S09,60.0,58.14,1,ACTIVE
MS004593,2026-08-26 10:22:40+00:00,S09,9,S08,S10,60.0,55.51,1,ACTIVE
MS004594,2026-08-26 10:22:45+00:00,S10,10,S09,S11,60.0,56.8,1,ACTIVE
MS004595,2026-08-26 10:22:50+00:00,S11,11,S10,S12,60.0,56.48,1,ACTIVE
MS004596,2026-08-26 10:22:55+00:00,S12,12,S11,,60.0,58.71,1,ACTIVE
MS004597,2026-08-26 10:23:00+00:00,S01,1,,S02,60.0,58.1,1,ACTIVE
MS004598,2026-08-26 10:23:05+00:00,S02,2,S01,S03,60.0,56.76,1,ACTIVE
MS004599,2026-08-26 10:23:10+00:00,S03,3,S02,S04,60.0,58.43,1,ACTIVE
MS004600,2026-08-26 10:23:15+00:00,S04,4,S03,S05,60.0,57.79,1,ACTIVE
MS004601,2026-08-26 10:23:20+00:00,S05,5,S04,S06,60.0,55.38,1,ACTIVE
MS004602,2026-08-26 10:23:25+00:00,S06,6,S05,S07,60.0,58.9,1,ACTIVE
MS004603,2026-08-26 10:23:30+00:00,S07,7,S06,S08,60.0,58.04,1,ACTIVE
MS004604,2026-08-26 10:23:35+00:00,S08,8,S07,S09,60.0,58.14,1,ACTIVE
MS004605,2026-08-26 10:23:40+00:00,S09,9,S08,S10,60.0,55.51,1,ACTIVE
MS004606,2026-08-26 10:23:45+00:00,S10,10,S09,S11,60.0,56.8,1,ACTIVE
MS004607,2026-08-26 10:23:50+00:00,S11,11,S10,S12,60.0,56.48,1,ACTIVE
MS004608,2026-08-26 10:23:55+00:00,S12,12,S11,,60.0,58.71,1,ACTIVE
MS004609,2026-08-26 10:24:00+00:00,S01,1,,S02,60.0,58.1,1,ACTIVE
MS004610,2026-08-26 10:24:05+00:00,S02,2,S01,S03,60.0,56.76,1,ACTIVE
MS004611,2026-08-26 10:24:10+00:00,S03,3,S02,S04,60.0,58.43,1,ACTIVE
MS004612,2026-08-26 10:24:15+00:00,S04,4,S03,S05,60.0,57.79,1,ACTIVE
MS004613,2026-08-26 10:24:20+00:00,S05,5,S04,S06,60.0,55.38,1,ACTIVE
MS004614,2026-08-26 10:24:25+00:00,S06,6,S05,S07,60.0,58.9,1,ACTIVE
MS004615,2026-08-26 10:24:30+00:00,S07,7,S06,S08,60.0,58.04,1,ACTIVE
MS004616,2026-08-26 10:24:35+00:00,S08,8,S07,S09,60.0,58.14,1,ACTIVE
MS004617,2026-08-26 10:24:40+00:00,S09,9,S08,S10,60.0,55.51,1,ACTIVE
MS004618,2026-08-26 10:24:45+00:00,S10,10,S09,S11,60.0,56.8,1,ACTIVE
MS004619,2026-08-26 10:24:50+00:00,S11,11,S10,S12,60.0,56.48,1,ACTIVE
MS004620,2026-08-26 10:24:55+00:00,S12,12,S11,,60.0,58.71,1,ACTIVE
MS004621,2026-08-26 10:25:00+00:00,S01,1,,S02,60.0,58.1,1,ACTIVE
MS004622,2026-08-26 10:25:05+00:00,S02,2,S01,S03,60.0,56.76,1,ACTIVE
MS004623,2026-08-26 10:25:10+00:00,S03,3,S02,S04,60.0,58.43,1,ACTIVE
MS004624,2026-08-26 10:25:15+00:00,S04,4,S03,S05,60.0,57.79,1,ACTIVE
MS004625,2026-08-26 10:25:20+00:00,S05,5,S04,S06,60.0,55.38,1,ACTIVE
MS004626,2026-08-26 10:25:25+00:00,S06,6,S05,S07,60.0,58.9,1,ACTIVE
MS004627,2026-08-26 10:25:30+00:00,S07,7,S06,S08,60.0,58.04,1,ACTIVE
MS004628,2026-08-26 10:25:35+00:00,S08,8,S07,S09,60.0,58.14,1,ACTIVE
MS004629,2026-08-26 10:25:40+00:00,S09,9,S08,S10,60.0,55.51,1,ACTIVE
MS004630,2026-08-26 10:25:45+00:00,S10,10,S09,S11,60.0,56.8,1,ACTIVE
MS004631,2026-08-26 10:25:50+00:00,S11,11,S10,S12,60.0,56.48,1,ACTIVE
MS004632,2026-08-26 10:25:55+00:00,S12,12,S11,,60.0,58.71,1,ACTIVE
MS004633,2026-08-26 10:26:00+00:00,S01,1,,S02,60.0,58.1,1,ACTIVE
MS004634,2026-08-26 10:26:05+00:00,S02,2,S01,S03,60.0,56.76,1,ACTIVE
MS004635,2026-08-26 10:26:10+00:00,S03,3,S02,S04,60.0,58.43,1,ACTIVE
MS004636,2026-08-26 10:26:15+00:00,S04,4,S03,S05,60.0,57.79,1,ACTIVE
MS004637,2026-08-26 10:26:20+00:00,S05,5,S04,S06,60.0,55.38,1,ACTIVE
MS004638,2026-08-26 10:26:25+00:00,S06,6,S05,S07,60.0,58.9,1,ACTIVE
MS004639,2026-08-26 10:26:30+00:00,S07,7,S06,S08,60.0,58.04,1,ACTIVE
MS004640,2026-08-26 10:26:35+00:00,S08,8,S07,S09,60.0,58.14,1,ACTIVE
MS004641,2026-08-26 10:26:40+00:00,S09,9,S08,S10,60.0,55.51,1,ACTIVE
MS004642,2026-08-26 10:26:45+00:00,S10,10,S09,S11,60.0,56.8,1,ACTIVE
MS004643,2026-08-26 10:26:50+00:00,S11,11,S10,S12,60.0,56.48,1,ACTIVE
MS004644,2026-08-26 10:26:55+00:00,S12,12,S11,,60.0,58.71,1,ACTIVE
MS004645,2026-08-26 10:27:00+00:00,S01,1,,S02,60.0,58.1,1,ACTIVE
MS004646,2026-08-26 10:27:05+00:00,S02,2,S01,S03,60.0,56.76,1,ACTIVE
MS004647,2026-08-26 10:27:10+00:00,S03,3,S02,S04,60.0,58.43,1,ACTIVE
MS004648,2026-08-26 10:27:15+00:00,S04,4,S03,S05,60.0,57.79,1,ACTIVE
MS004649,2026-08-26 10:27:20+00:00,S05,5,S04,S06,60.0,55.38,1,ACTIVE
MS004650,2026-08-26 10:27:25+00:00,S06,6,S05,S07,60.0,58.9,1,ACTIVE
MS004651,2026-08-26 10:27:30+00:00,S07,7,S06,S08,60.0,58.04,1,ACTIVE
MS004652,2026-08-26 10:27:35+00:00,S08,8,S07,S09,60.0,58.14,1,ACTIVE
MS004653,2026-08-26 10:27:40+00:00,S09,9,S08,S10,60.0,55.51,1,ACTIVE
MS004654,2026-08-26 10:27:45+00:00,S10,10,S09,S11,60.0,56.8,1,ACTIVE
MS004655,2026-08-26 10:27:50+00:00,S11,11,S10,S12,60.0,56.48,1,ACTIVE
MS004656,2026-08-26 10:27:55+00:00,S12,12,S11,,60.0,58.71,1,ACTIVE
MS004657,2026-08-26 10:28:00+00:00,S01,1,,S02,60.0,58.1,1,ACTIVE
MS004658,2026-08-26 10:28:05+00:00,S02,2,S01,S03,60.0,56.76,1,ACTIVE
MS004659,2026-08-26 10:28:10+00:00,S03,3,S02,S04,60.0,58.43,1,ACTIVE
MS004660,2026-08-26 10:28:15+00:00,S04,4,S03,S05,60.0,57.79,1,ACTIVE
MS004661,2026-08-26 10:28:20+00:00,S05,5,S04,S06,60.0,55.38,1,ACTIVE
MS004662,2026-08-26 10:28:25+00:00,S06,6,S05,S07,60.0,58.9,1,ACTIVE
MS004663,2026-08-26 10:28:30+00:00,S07,7,S06,S08,60.0,58.04,1,ACTIVE
MS004664,2026-08-26 10:28:35+00:00,S08,8,S07,S09,60.0,58.14,1,ACTIVE
MS004665,2026-08-26 10:28:40+00:00,S09,9,S08,S10,60.0,55.51,1,ACTIVE
MS004666,2026-08-26 10:28:45+00:00,S10,10,S09,S11,60.0,56.8,1,ACTIVE
MS004667,2026-08-26 10:28:50+00:00,S11,11,S10,S12,60.0,56.48,1,ACTIVE
MS004668,2026-08-26 10:28:55+00:00,S12,12,S11,,60.0,58.71,1,ACTIVE
MS004669,2026-08-26 10:29:00+00:00,S01,1,,S02,60.0,58.1,1,ACTIVE
MS004670,2026-08-26 10:29:05+00:00,S02,2,S01,S03,60.0,56.76,1,ACTIVE
MS004671,2026-08-26 10:29:10+00:00,S03,3,S02,S04,60.0,58.43,1,ACTIVE
MS004672,2026-08-26 10:29:15+00:00,S04,4,S03,S05,60.0,57.79,1,ACTIVE
MS004673,2026-08-26 10:29:20+00:00,S05,5,S04,S06,60.0,55.38,1,ACTIVE
MS004674,2026-08-26 10:29:25+00:00,S06,6,S05,S07,60.0,58.9,1,ACTIVE
MS004675,2026-08-26 10:29:30+00:00,S07,7,S06,S08,60.0,58.04,1,ACTIVE
MS004676,2026-08-26 10:29:35+00:00,S08,8,S07,S09,60.0,58.14,1,ACTIVE
MS004677,2026-08-26 10:29:40+00:00,S09,9,S08,S10,60.0,55.51,1,ACTIVE
MS004678,2026-08-26 10:29:45+00:00,S10,10,S09,S11,60.0,56.8,1,ACTIVE
MS004679,2026-08-26 10:29:50+00:00,S11,11,S10,S12,60.0,56.48,1,ACTIVE
MS004680,2026-08-26 10:29:55+00:00,S12,12,S11,,60.0,58.71,1,ACTIVE
MS004681,2026-08-26 10:30:00+00:00,S01,1,,S02,60.0,58.1,1,ACTIVE
MS004682,2026-08-26 10:30:05+00:00,S02,2,S01,S03,60.0,56.76,1,ACTIVE
MS004683,2026-08-26 10:30:10+00:00,S03,3,S02,S04,60.0,58.43,1,ACTIVE
MS004684,2026-08-26 10:30:15+00:00,S04,4,S03,S05,60.0,57.79,1,ACTIVE
MS004685,2026-08-26 10:30:20+00:00,S05,5,S04,S06,60.0,55.38,1,ACTIVE
MS004686,2026-08-26 10:30:25+00:00,S06,6,S05,S07,60.0,58.9,1,ACTIVE
MS004687,2026-08-26 10:30:30+00:00,S07,7,S06,S08,60.0,58.04,1,ACTIVE
MS004688,2026-08-26 10:30:35+00:00,S08,8,S07,S09,60.0,58.14,1,ACTIVE
MS004689,2026-08-26 10:30:40+00:00,S09,9,S08,S10,60.0,55.51,1,ACTIVE
MS004690,2026-08-26 10:30:45+00:00,S10,10,S09,S11,60.0,56.8,1,ACTIVE
MS004691,2026-08-26 10:30:50+00:00,S11,11,S10,S12,60.0,56.48,1,ACTIVE
MS004692,2026-08-26 10:30:55+00:00,S12,12,S11,,60.0,58.71,1,ACTIVE
MS004693,2026-08-26 10:31:00+00:00,S01,1,,S02,60.0,58.1,1,ACTIVE
MS004694,2026-08-26 10:31:05+00:00,S02,2,S01,S03,60.0,56.76,1,ACTIVE
MS004695,2026-08-26 10:31:10+00:00,S03,3,S02,S04,60.0,58.43,1,ACTIVE
MS004696,2026-08-26 10:31:15+00:00,S04,4,S03,S05,60.0,57.79,1,ACTIVE
MS004697,2026-08-26 10:31:20+00:00,S05,5,S04,S06,60.0,55.38,1,ACTIVE
MS004698,2026-08-26 10:31:25+00:00,S06,6,S05,S07,60.0,58.9,1,ACTIVE
MS004699,2026-08-26 10:31:30+00:00,S07,7,S06,S08,60.0,58.04,1,ACTIVE
MS004700,2026-08-26 10:31:35+00:00,S08,8,S07,S09,60.0,58.14,1,ACTIVE
MS004701,2026-08-26 10:31:40+00:00,S09,9,S08,S10,60.0,55.51,1,ACTIVE
MS004702,2026-08-26 10:31:45+00:00,S10,10,S09,S11,60.0,56.8,1,ACTIVE
MS004703,2026-08-26 10:31:50+00:00,S11,11,S10,S12,60.0,56.48,1,ACTIVE
MS004704,2026-08-26 10:31:55+00:00,S12,12,S11,,60.0,58.71,1,ACTIVE
MS004705,2026-08-26 10:32:00+00:00,S01,1,,S02,60.0,58.1,1,ACTIVE
MS004706,2026-08-26 10:32:05+00:00,S02,2,S01,S03,60.0,56.76,1,ACTIVE
MS004707,2026-08-26 10:32:10+00:00,S03,3,S02,S04,60.0,58.43,1,ACTIVE
MS004708,2026-08-26 10:32:15+00:00,S04,4,S03,S05,60.0,57.79,1,ACTIVE
MS004709,2026-08-26 10:32:20+00:00,S05,5,S04,S06,60.0,55.38,1,ACTIVE
MS004710,2026-08-26 10:32:25+00:00,S06,6,S05,S07,60.0,58.9,1,ACTIVE
MS004711,2026-08-26 10:32:30+00:00,S07,7,S06,S08,60.0,58.04,1,ACTIVE
MS004712,2026-08-26 10:32:35+00:00,S08,8,S07,S09,60.0,58.14,1,ACTIVE
MS004713,2026-08-26 10:32:40+00:00,S09,9,S08,S10,60.0,55.51,1,ACTIVE
MS004714,2026-08-26 10:32:45+00:00,S10,10,S09,S11,60.0,56.8,1,ACTIVE
MS004715,2026-08-26 10:32:50+00:00,S11,11,S10,S12,60.0,56.48,1,ACTIVE
MS004716,2026-08-26 10:32:55+00:00,S12,12,S11,,60.0,58.71,1,ACTIVE
MS004717,2026-08-26 10:33:00+00:00,S01,1,,S02,60.0,58.1,1,ACTIVE
MS004718,2026-08-26 10:33:05+00:00,S02,2,S01,S03,60.0,56.76,1,ACTIVE
MS004719,2026-08-26 10:33:10+00:00,S03,3,S02,S04,60.0,58.43,1,ACTIVE
MS004720,2026-08-26 10:33:15+00:00,S04,4,S03,S05,60.0,57.79,1,ACTIVE
MS004721,2026-08-26 10:33:20+00:00,S05,5,S04,S06,60.0,55.38,1,ACTIVE
MS004722,2026-08-26 10:33:25+00:00,S06,6,S05,S07,60.0,58.9,1,ACTIVE
MS004723,2026-08-26 10:33:30+00:00,S07,7,S06,S08,60.0,58.04,1,ACTIVE
MS004724,2026-08-26 10:33:35+00:00,S08,8,S07,S09,60.0,58.14,1,ACTIVE
MS004725,2026-08-26 10:33:40+00:00,S09,9,S08,S10,60.0,55.51,1,ACTIVE
MS004726,2026-08-26 10:33:45+00:00,S10,10,S09,S11,60.0,56.8,1,ACTIVE
MS004727,2026-08-26 10:33:50+00:00,S11,11,S10,S12,60.0,56.48,1,ACTIVE
MS004728,2026-08-26 10:33:55+00:00,S12,12,S11,,60.0,58.71,1,ACTIVE
MS004729,2026-08-26 10:34:00+00:00,S01,1,,S02,60.0,58.1,1,ACTIVE
MS004730,2026-08-26 10:34:05+00:00,S02,2,S01,S03,60.0,56.76,1,ACTIVE
MS004731,2026-08-26 10:34:10+00:00,S03,3,S02,S04,60.0,58.43,1,ACTIVE
MS004732,2026-08-26 10:34:15+00:00,S04,4,S03,S05,60.0,57.79,1,ACTIVE
MS004733,2026-08-26 10:34:20+00:00,S05,5,S04,S06,60.0,55.38,1,ACTIVE
MS004734,2026-08-26 10:34:25+00:00,S06,6,S05,S07,60.0,58.9,1,ACTIVE
MS004735,2026-08-26 10:34:30+00:00,S07,7,S06,S08,60.0,58.04,1,ACTIVE
MS004736,2026-08-26 10:34:35+00:00,S08,8,S07,S09,60.0,58.14,1,ACTIVE
MS004737,2026-08-26 10:34:40+00:00,S09,9,S08,S10,60.0,55.51,1,ACTIVE
MS004738,2026-08-26 10:34:45+00:00,S10,10,S09,S11,60.0,56.8,1,ACTIVE
MS004739,2026-08-26 10:34:50+00:00,S11,11,S10,S12,60.0,56.48,1,ACTIVE
MS004740,2026-08-26 10:34:55+00:00,S12,12,S11,,60.0,58.71,1,ACTIVE
MS004741,2026-08-26 10:35:00+00:00,S01,1,,S02,60.0,58.1,1,ACTIVE
MS004742,2026-08-26 10:35:05+00:00,S02,2,S01,S03,60.0,56.76,1,ACTIVE
MS004743,2026-08-26 10:35:10+00:00,S03,3,S02,S04,60.0,58.43,1,ACTIVE
MS004744,2026-08-26 10:35:15+00:00,S04,4,S03,S05,60.0,57.79,1,ACTIVE
MS004745,2026-08-26 10:35:20+00:00,S05,5,S04,S06,60.0,55.38,1,ACTIVE
MS004746,2026-08-26 10:35:25+00:00,S06,6,S05,S07,60.0,58.9,1,ACTIVE
MS004747,2026-08-26 10:35:30+00:00,S07,7,S06,S08,60.0,58.04,1,ACTIVE
MS004748,2026-08-26 10:35:35+00:00,S08,8,S07,S09,60.0,58.14,1,ACTIVE
MS004749,2026-08-26 10:35:40+00:00,S09,9,S08,S10,60.0,55.51,1,ACTIVE
MS004750,2026-08-26 10:35:45+00:00,S10,10,S09,S11,60.0,56.8,1,ACTIVE
MS004751,2026-08-26 10:35:50+00:00,S11,11,S10,S12,60.0,56.48,1,ACTIVE
MS004752,2026-08-26 10:35:55+00:00,S12,12,S11,,60.0,58.71,1,ACTIVE
MS004753,2026-08-26 10:36:00+00:00,S01,1,,S02,60.0,58.1,1,ACTIVE
MS004754,2026-08-26 10:36:05+00:00,S02,2,S01,S03,60.0,56.76,1,ACTIVE
MS004755,2026-08-26 10:36:10+00:00,S03,3,S02,S04,60.0,58.43,1,ACTIVE
MS004756,2026-08-26 10:36:15+00:00,S04,4,S03,S05,60.0,57.79,1,ACTIVE
MS004757,2026-08-26 10:36:20+00:00,S05,5,S04,S06,60.0,55.38,1,ACTIVE
MS004758,2026-08-26 10:36:25+00:00,S06,6,S05,S07,60.0,58.9,1,ACTIVE
MS004759,2026-08-26 10:36:30+00:00,S07,7,S06,S08,60.0,58.04,1,ACTIVE
MS004760,2026-08-26 10:36:35+00:00,S08,8,S07,S09,60.0,58.14,1,ACTIVE
MS004761,2026-08-26 10:36:40+00:00,S09,9,S08,S10,60.0,55.51,1,ACTIVE
MS004762,2026-08-26 10:36:45+00:00,S10,10,S09,S11,60.0,56.8,1,ACTIVE
MS004763,2026-08-26 10:36:50+00:00,S11,11,S10,S12,60.0,56.48,1,ACTIVE
MS004764,2026-08-26 10:36:55+00:00,S12,12,S11,,60.0,58.71,1,ACTIVE
MS004765,2026-08-26 10:37:00+00:00,S01,1,,S02,60.0,58.1,1,ACTIVE
MS004766,2026-08-26 10:37:05+00:00,S02,2,S01,S03,60.0,56.76,1,ACTIVE
MS004767,2026-08-26 10:37:10+00:00,S03,3,S02,S04,60.0,58.43,1,ACTIVE
MS004768,2026-08-26 10:37:15+00:00,S04,4,S03,S05,60.0,57.79,1,ACTIVE
MS004769,2026-08-26 10:37:20+00:00,S05,5,S04,S06,60.0,55.38,1,ACTIVE
MS004770,2026-08-26 10:37:25+00:00,S06,6,S05,S07,60.0,58.9,1,ACTIVE
MS004771,2026-08-26 10:37:30+00:00,S07,7,S06,S08,60.0,58.04,1,ACTIVE
MS004772,2026-08-26 10:37:35+00:00,S08,8,S07,S09,60.0,58.14,1,ACTIVE
MS004773,2026-08-26 10:37:40+00:00,S09,9,S08,S10,60.0,55.51,1,ACTIVE
MS004774,2026-08-26 10:37:45+00:00,S10,10,S09,S11,60.0,56.8,1,ACTIVE
MS004775,2026-08-26 10:37:50+00:00,S11,11,S10,S12,60.0,56.48,1,ACTIVE
MS004776,2026-08-26 10:37:55+00:00,S12,12,S11,,60.0,58.71,1,ACTIVE
MS004777,2026-08-26 10:38:00+00:00,S01,1,,S02,60.0,58.1,1,ACTIVE
MS004778,2026-08-26 10:38:05+00:00,S02,2,S01,S03,60.0,56.76,1,ACTIVE
MS004779,2026-08-26 10:38:10+00:00,S03,3,S02,S04,60.0,58.43,1,ACTIVE
MS004780,2026-08-26 10:38:15+00:00,S04,4,S03,S05,60.0,57.79,1,ACTIVE
MS004781,2026-08-26 10:38:20+00:00,S05,5,S04,S06,60.0,55.38,1,ACTIVE
MS004782,2026-08-26 10:38:25+00:00,S06,6,S05,S07,60.0,58.9,1,ACTIVE
MS004783,2026-08-26 10:38:30+00:00,S07,7,S06,S08,60.0,58.04,1,ACTIVE
MS004784,2026-08-26 10:38:35+00:00,S08,8,S07,S09,60.0,58.14,1,ACTIVE
MS004785,2026-08-26 10:38:40+00:00,S09,9,S08,S10,60.0,55.51,1,ACTIVE
MS004786,2026-08-26 10:38:45+00:00,S10,10,S09,S11,60.0,56.8,1,ACTIVE
MS004787,2026-08-26 10:38:50+00:00,S11,11,S10,S12,60.0,56.48,1,ACTIVE
MS004788,2026-08-26 10:38:55+00:00,S12,12,S11,,60.0,58.71,1,ACTIVE
MS004789,2026-08-26 10:39:00+00:00,S01,1,,S02,60.0,58.1,1,ACTIVE
MS004790,2026-08-26 10:39:05+00:00,S02,2,S01,S03,60.0,56.76,1,ACTIVE
MS004791,2026-08-26 10:39:10+00:00,S03,3,S02,S04,60.0,58.43,1,ACTIVE
MS004792,2026-08-26 10:39:15+00:00,S04,4,S03,S05,60.0,57.79,1,ACTIVE
MS004793,2026-08-26 10:39:20+00:00,S05,5,S04,S06,60.0,55.38,1,ACTIVE
MS004794,2026-08-26 10:39:25+00:00,S06,6,S05,S07,60.0,58.9,1,ACTIVE
MS004795,2026-08-26 10:39:30+00:00,S07,7,S06,S08,60.0,58.04,1,ACTIVE
MS004796,2026-08-26 10:39:35+00:00,S08,8,S07,S09,60.0,58.14,1,ACTIVE
MS004797,2026-08-26 10:39:40+00:00,S09,9,S08,S10,60.0,55.51,1,ACTIVE
MS004798,2026-08-26 10:39:45+00:00,S10,10,S09,S11,60.0,56.8,1,ACTIVE
MS004799,2026-08-26 10:39:50+00:00,S11,11,S10,S12,60.0,56.48,1,ACTIVE
MS004800,2026-08-26 10:39:55+00:00,S12,12,S11,,60.0,58.71,1,ACTIVE
MS004801,2026-08-26 10:40:00+00:00,S01,1,,S02,60.0,58.1,1,ACTIVE
MS004802,2026-08-26 10:40:05+00:00,S02,2,S01,S03,60.0,56.76,1,ACTIVE
MS004803,2026-08-26 10:40:10+00:00,S03,3,S02,S04,60.0,58.43,1,ACTIVE
MS004804,2026-08-26 10:40:15+00:00,S04,4,S03,S05,60.0,57.79,1,ACTIVE
MS004805,2026-08-26 10:40:20+00:00,S05,5,S04,S06,60.0,55.38,1,ACTIVE
MS004806,2026-08-26 10:40:25+00:00,S06,6,S05,S07,60.0,58.9,1,ACTIVE
MS004807,2026-08-26 10:40:30+00:00,S07,7,S06,S08,60.0,58.04,1,ACTIVE
MS004808,2026-08-26 10:40:35+00:00,S08,8,S07,S09,60.0,58.14,1,ACTIVE
MS004809,2026-08-26 10:40:40+00:00,S09,9,S08,S10,60.0,55.51,1,ACTIVE
MS004810,2026-08-26 10:40:45+00:00,S10,10,S09,S11,60.0,56.8,1,ACTIVE
MS004811,2026-08-26 10:40:50+00:00,S11,11,S10,S12,60.0,56.48,1,ACTIVE
MS004812,2026-08-26 10:40:55+00:00,S12,12,S11,,60.0,58.71,1,ACTIVE
MS004813,2026-08-26 10:41:00+00:00,S01,1,,S02,60.0,58.1,1,ACTIVE
MS004814,2026-08-26 10:41:05+00:00,S02,2,S01,S03,60.0,56.76,1,ACTIVE
MS004815,2026-08-26 10:41:10+00:00,S03,3,S02,S04,60.0,58.43,1,ACTIVE
MS004816,2026-08-26 10:41:15+00:00,S04,4,S03,S05,60.0,57.79,1,ACTIVE
MS004817,2026-08-26 10:41:20+00:00,S05,5,S04,S06,60.0,55.38,1,ACTIVE
MS004818,2026-08-26 10:41:25+00:00,S06,6,S05,S07,60.0,58.9,1,ACTIVE
MS004819,2026-08-26 10:41:30+00:00,S07,7,S06,S08,60.0,58.04,1,ACTIVE
MS004820,2026-08-26 10:41:35+00:00,S08,8,S07,S09,60.0,58.14,1,ACTIVE
MS004821,2026-08-26 10:41:40+00:00,S09,9,S08,S10,60.0,55.51,1,ACTIVE
MS004822,2026-08-26 10:41:45+00:00,S10,10,S09,S11,60.0,56.8,1,ACTIVE
MS004823,2026-08-26 10:41:50+00:00,S11,11,S10,S12,60.0,56.48,1,ACTIVE
MS004824,2026-08-26 10:41:55+00:00,S12,12,S11,,60.0,58.71,1,ACTIVE
MS004825,2026-08-26 10:42:00+00:00,S01,1,,S02,60.0,58.1,1,ACTIVE
MS004826,2026-08-26 10:42:05+00:00,S02,2,S01,S03,60.0,56.76,1,ACTIVE
MS004827,2026-08-26 10:42:10+00:00,S03,3,S02,S04,60.0,58.43,1,ACTIVE
MS004828,2026-08-26 10:42:15+00:00,S04,4,S03,S05,60.0,57.79,1,ACTIVE
MS004829,2026-08-26 10:42:20+00:00,S05,5,S04,S06,60.0,55.38,1,ACTIVE
MS004830,2026-08-26 10:42:25+00:00,S06,6,S05,S07,60.0,58.9,1,ACTIVE
MS004831,2026-08-26 10:42:30+00:00,S07,7,S06,S08,60.0,58.04,1,ACTIVE
MS004832,2026-08-26 10:42:35+00:00,S08,8,S07,S09,60.0,58.14,1,ACTIVE
MS004833,2026-08-26 10:42:40+00:00,S09,9,S08,S10,60.0,55.51,1,ACTIVE
MS004834,2026-08-26 10:42:45+00:00,S10,10,S09,S11,60.0,56.8,1,ACTIVE
MS004835,2026-08-26 10:42:50+00:00,S11,11,S10,S12,60.0,56.48,1,ACTIVE
MS004836,2026-08-26 10:42:55+00:00,S12,12,S11,,60.0,58.71,1,ACTIVE
MS004837,2026-08-26 10:43:00+00:00,S01,1,,S02,60.0,58.1,1,ACTIVE
MS004838,2026-08-26 10:43:05+00:00,S02,2,S01,S03,60.0,56.76,1,ACTIVE
MS004839,2026-08-26 10:43:10+00:00,S03,3,S02,S04,60.0,58.43,1,ACTIVE
MS004840,2026-08-26 10:43:15+00:00,S04,4,S03,S05,60.0,57.79,1,ACTIVE
MS004841,2026-08-26 10:43:20+00:00,S05,5,S04,S06,60.0,55.38,1,ACTIVE
MS004842,2026-08-26 10:43:25+00:00,S06,6,S05,S07,60.0,58.9,1,ACTIVE
MS004843,2026-08-26 10:43:30+00:00,S07,7,S06,S08,60.0,58.04,1,ACTIVE
MS004844,2026-08-26 10:43:35+00:00,S08,8,S07,S09,60.0,58.14,1,ACTIVE
MS004845,2026-08-26 10:43:40+00:00,S09,9,S08,S10,60.0,55.51,1,ACTIVE
MS004846,2026-08-26 10:43:45+00:00,S10,10,S09,S11,60.0,56.8,1,ACTIVE
MS004847,2026-08-26 10:43:50+00:00,S11,11,S10,S12,60.0,56.48,1,ACTIVE
MS004848,2026-08-26 10:43:55+00:00,S12,12,S11,,60.0,58.71,1,ACTIVE
MS004849,2026-08-26 10:44:00+00:00,S01,1,,S02,60.0,58.1,1,ACTIVE
MS004850,2026-08-26 10:44:05+00:00,S02,2,S01,S03,60.0,56.76,1,ACTIVE
MS004851,2026-08-26 10:44:10+00:00,S03,3,S02,S04,60.0,58.43,1,ACTIVE
MS004852,2026-08-26 10:44:15+00:00,S04,4,S03,S05,60.0,57.79,1,ACTIVE
MS004853,2026-08-26 10:44:20+00:00,S05,5,S04,S06,60.0,55.38,1,ACTIVE
MS004854,2026-08-26 10:44:25+00:00,S06,6,S05,S07,60.0,58.9,1,ACTIVE
MS004855,2026-08-26 10:44:30+00:00,S07,7,S06,S08,60.0,58.04,1,ACTIVE
MS004856,2026-08-26 10:44:35+00:00,S08,8,S07,S09,60.0,58.14,1,ACTIVE
MS004857,2026-08-26 10:44:40+00:00,S09,9,S08,S10,60.0,55.51,1,ACTIVE
MS004858,2026-08-26 10:44:45+00:00,S10,10,S09,S11,60.0,56.8,1,ACTIVE
MS004859,2026-08-26 10:44:50+00:00,S11,11,S10,S12,60.0,56.48,1,ACTIVE
MS004860,2026-08-26 10:44:55+00:00,S12,12,S11,,60.0,58.71,1,ACTIVE
MS004861,2026-08-26 10:45:00+00:00,S01,1,,S02,60.0,58.1,1,ACTIVE
MS004862,2026-08-26 10:45:05+00:00,S02,2,S01,S03,60.0,56.76,1,ACTIVE
MS004863,2026-08-26 10:45:10+00:00,S03,3,S02,S04,60.0,58.43,1,ACTIVE
MS004864,2026-08-26 10:45:15+00:00,S04,4,S03,S05,60.0,57.79,1,ACTIVE
MS004865,2026-08-26 10:45:20+00:00,S05,5,S04,S06,60.0,55.38,1,ACTIVE
MS004866,2026-08-26 10:45:25+00:00,S06,6,S05,S07,60.0,58.9,1,ACTIVE
MS004867,2026-08-26 10:45:30+00:00,S07,7,S06,S08,60.0,58.04,1,ACTIVE
MS004868,2026-08-26 10:45:35+00:00,S08,8,S07,S09,60.0,58.14,1,ACTIVE
MS004869,2026-08-26 10:45:40+00:00,S09,9,S08,S10,60.0,55.51,1,ACTIVE
MS004870,2026-08-26 10:45:45+00:00,S10,10,S09,S11,60.0,56.8,1,ACTIVE
MS004871,2026-08-26 10:45:50+00:00,S11,11,S10,S12,60.0,56.48,1,ACTIVE
MS004872,2026-08-26 10:45:55+00:00,S12,12,S11,,60.0,58.71,1,ACTIVE
MS004873,2026-08-26 10:46:00+00:00,S01,1,,S02,60.0,58.1,1,ACTIVE
MS004874,2026-08-26 10:46:05+00:00,S02,2,S01,S03,60.0,56.76,1,ACTIVE
MS004875,2026-08-26 10:46:10+00:00,S03,3,S02,S04,60.0,58.43,1,ACTIVE
MS004876,2026-08-26 10:46:15+00:00,S04,4,S03,S05,60.0,57.79,1,ACTIVE
MS004877,2026-08-26 10:46:20+00:00,S05,5,S04,S06,60.0,55.38,1,ACTIVE
MS004878,2026-08-26 10:46:25+00:00,S06,6,S05,S07,60.0,58.9,1,ACTIVE
MS004879,2026-08-26 10:46:30+00:00,S07,7,S06,S08,60.0,58.04,1,ACTIVE
MS004880,2026-08-26 10:46:35+00:00,S08,8,S07,S09,60.0,58.14,1,ACTIVE
MS004881,2026-08-26 10:46:40+00:00,S09,9,S08,S10,60.0,55.51,1,ACTIVE
MS004882,2026-08-26 10:46:45+00:00,S10,10,S09,S11,60.0,56.8,1,ACTIVE
MS004883,2026-08-26 10:46:50+00:00,S11,11,S10,S12,60.0,56.48,1,ACTIVE
MS004884,2026-08-26 10:46:55+00:00,S12,12,S11,,60.0,58.71,1,ACTIVE
MS004885,2026-08-26 10:47:00+00:00,S01,1,,S02,60.0,58.1,1,ACTIVE
MS004886,2026-08-26 10:47:05+00:00,S02,2,S01,S03,60.0,56.76,1,ACTIVE
MS004887,2026-08-26 10:47:10+00:00,S03,3,S02,S04,60.0,58.43,1,ACTIVE
MS004888,2026-08-26 10:47:15+00:00,S04,4,S03,S05,60.0,57.79,1,ACTIVE
MS004889,2026-08-26 10:47:20+00:00,S05,5,S04,S06,60.0,55.38,1,ACTIVE
MS004890,2026-08-26 10:47:25+00:00,S06,6,S05,S07,60.0,58.9,1,ACTIVE
MS004891,2026-08-26 10:47:30+00:00,S07,7,S06,S08,60.0,58.04,1,ACTIVE
MS004892,2026-08-26 10:47:35+00:00,S08,8,S07,S09,60.0,58.14,1,ACTIVE
MS004893,2026-08-26 10:47:40+00:00,S09,9,S08,S10,60.0,55.51,1,ACTIVE
MS004894,2026-08-26 10:47:45+00:00,S10,10,S09,S11,60.0,56.8,1,ACTIVE
MS004895,2026-08-26 10:47:50+00:00,S11,11,S10,S12,60.0,56.48,1,ACTIVE
MS004896,2026-08-26 10:47:55+00:00,S12,12,S11,,60.0,58.71,1,ACTIVE
MS004897,2026-08-26 10:48:00+00:00,S01,1,,S02,60.0,58.1,1,ACTIVE
MS004898,2026-08-26 10:48:05+00:00,S02,2,S01,S03,60.0,56.76,1,ACTIVE
MS004899,2026-08-26 10:48:10+00:00,S03,3,S02,S04,60.0,58.43,1,ACTIVE
MS004900,2026-08-26 10:48:15+00:00,S04,4,S03,S05,60.0,57.79,1,ACTIVE
MS004901,2026-08-26 10:48:20+00:00,S05,5,S04,S06,60.0,55.38,1,ACTIVE
MS004902,2026-08-26 10:48:25+00:00,S06,6,S05,S07,60.0,58.9,1,ACTIVE
MS004903,2026-08-26 10:48:30+00:00,S07,7,S06,S08,60.0,58.04,1,ACTIVE
MS004904,2026-08-26 10:48:35+00:00,S08,8,S07,S09,60.0,58.14,1,ACTIVE
MS004905,2026-08-26 10:48:40+00:00,S09,9,S08,S10,60.0,55.51,1,ACTIVE
MS004906,2026-08-26 10:48:45+00:00,S10,10,S09,S11,60.0,56.8,1,ACTIVE
MS004907,2026-08-26 10:48:50+00:00,S11,11,S10,S12,60.0,56.48,1,ACTIVE
MS004908,2026-08-26 10:48:55+00:00,S12,12,S11,,60.0,58.71,1,ACTIVE
MS004909,2026-08-26 10:49:00+00:00,S01,1,,S02,60.0,58.1,1,ACTIVE
MS004910,2026-08-26 10:49:05+00:00,S02,2,S01,S03,60.0,56.76,1,ACTIVE
MS004911,2026-08-26 10:49:10+00:00,S03,3,S02,S04,60.0,58.43,1,ACTIVE
MS004912,2026-08-26 10:49:15+00:00,S04,4,S03,S05,60.0,57.79,1,ACTIVE
MS004913,2026-08-26 10:49:20+00:00,S05,5,S04,S06,60.0,55.38,1,ACTIVE
MS004914,2026-08-26 10:49:25+00:00,S06,6,S05,S07,60.0,58.9,1,ACTIVE
MS004915,2026-08-26 10:49:30+00:00,S07,7,S06,S08,60.0,58.04,1,ACTIVE
MS004916,2026-08-26 10:49:35+00:00,S08,8,S07,S09,60.0,58.14,1,ACTIVE
MS004917,2026-08-26 10:49:40+00:00,S09,9,S08,S10,60.0,55.51,1,ACTIVE
MS004918,2026-08-26 10:49:45+00:00,S10,10,S09,S11,60.0,56.8,1,ACTIVE
MS004919,2026-08-26 10:49:50+00:00,S11,11,S10,S12,60.0,56.48,1,ACTIVE
MS004920,2026-08-26 10:49:55+00:00,S12,12,S11,,60.0,58.71,1,ACTIVE
MS004921,2026-08-26 10:50:00+00:00,S01,1,,S02,60.0,58.1,1,ACTIVE
MS004922,2026-08-26 10:50:05+00:00,S02,2,S01,S03,60.0,56.76,1,ACTIVE
MS004923,2026-08-26 10:50:10+00:00,S03,3,S02,S04,60.0,58.43,1,ACTIVE
MS004924,2026-08-26 10:50:15+00:00,S04,4,S03,S05,60.0,57.79,1,ACTIVE
MS004925,2026-08-26 10:50:20+00:00,S05,5,S04,S06,60.0,55.38,1,ACTIVE
MS004926,2026-08-26 10:50:25+00:00,S06,6,S05,S07,60.0,58.9,1,ACTIVE
MS004927,2026-08-26 10:50:30+00:00,S07,7,S06,S08,60.0,58.04,1,ACTIVE
MS004928,2026-08-26 10:50:35+00:00,S08,8,S07,S09,60.0,58.14,1,ACTIVE
MS004929,2026-08-26 10:50:40+00:00,S09,9,S08,S10,60.0,55.51,1,ACTIVE
MS004930,2026-08-26 10:50:45+00:00,S10,10,S09,S11,60.0,56.8,1,ACTIVE
MS004931,2026-08-26 10:50:50+00:00,S11,11,S10,S12,60.0,56.48,1,ACTIVE
MS004932,2026-08-26 10:50:55+00:00,S12,12,S11,,60.0,58.71,1,ACTIVE
MS004933,2026-08-26 10:51:00+00:00,S01,1,,S02,60.0,58.1,1,ACTIVE
MS004934,2026-08-26 10:51:05+00:00,S02,2,S01,S03,60.0,56.76,1,ACTIVE
MS004935,2026-08-26 10:51:10+00:00,S03,3,S02,S04,60.0,58.43,1,ACTIVE
MS004936,2026-08-26 10:51:15+00:00,S04,4,S03,S05,60.0,57.79,1,ACTIVE
MS004937,2026-08-26 10:51:20+00:00,S05,5,S04,S06,60.0,55.38,1,ACTIVE
MS004938,2026-08-26 10:51:25+00:00,S06,6,S05,S07,60.0,58.9,1,ACTIVE
MS004939,2026-08-26 10:51:30+00:00,S07,7,S06,S08,60.0,58.04,1,ACTIVE
MS004940,2026-08-26 10:51:35+00:00,S08,8,S07,S09,60.0,58.14,1,ACTIVE
MS004941,2026-08-26 10:51:40+00:00,S09,9,S08,S10,60.0,55.51,1,ACTIVE
MS004942,2026-08-26 10:51:45+00:00,S10,10,S09,S11,60.0,56.8,1,ACTIVE
MS004943,2026-08-26 10:51:50+00:00,S11,11,S10,S12,60.0,56.48,1,ACTIVE
MS004944,2026-08-26 10:51:55+00:00,S12,12,S11,,60.0,58.71,1,ACTIVE
MS004945,2026-08-26 10:52:00+00:00,S01,1,,S02,60.0,58.1,1,ACTIVE
MS004946,2026-08-26 10:52:05+00:00,S02,2,S01,S03,60.0,56.76,1,ACTIVE
MS004947,2026-08-26 10:52:10+00:00,S03,3,S02,S04,60.0,58.43,1,ACTIVE
MS004948,2026-08-26 10:52:15+00:00,S04,4,S03,S05,60.0,57.79,1,ACTIVE
MS004949,2026-08-26 10:52:20+00:00,S05,5,S04,S06,60.0,55.38,1,ACTIVE
MS004950,2026-08-26 10:52:25+00:00,S06,6,S05,S07,60.0,58.9,1,ACTIVE
MS004951,2026-08-26 10:52:30+00:00,S07,7,S06,S08,60.0,58.04,1,ACTIVE
MS004952,2026-08-26 10:52:35+00:00,S08,8,S07,S09,60.0,58.14,1,ACTIVE
MS004953,2026-08-26 10:52:40+00:00,S09,9,S08,S10,60.0,55.51,1,ACTIVE
MS004954,2026-08-26 10:52:45+00:00,S10,10,S09,S11,60.0,56.8,1,ACTIVE
MS004955,2026-08-26 10:52:50+00:00,S11,11,S10,S12,60.0,56.48,1,ACTIVE
MS004956,2026-08-26 10:52:55+00:00,S12,12,S11,,60.0,58.71,1,ACTIVE
MS004957,2026-08-26 10:53:00+00:00,S01,1,,S02,60.0,58.1,1,ACTIVE
MS004958,2026-08-26 10:53:05+00:00,S02,2,S01,S03,60.0,56.76,1,ACTIVE
MS004959,2026-08-26 10:53:10+00:00,S03,3,S02,S04,60.0,58.43,1,ACTIVE
MS004960,2026-08-26 10:53:15+00:00,S04,4,S03,S05,60.0,57.79,1,ACTIVE
MS004961,2026-08-26 10:53:20+00:00,S05,5,S04,S06,60.0,55.38,1,ACTIVE
MS004962,2026-08-26 10:53:25+00:00,S06,6,S05,S07,60.0,58.9,1,ACTIVE
MS004963,2026-08-26 10:53:30+00:00,S07,7,S06,S08,60.0,58.04,1,ACTIVE
MS004964,2026-08-26 10:53:35+00:00,S08,8,S07,S09,60.0,58.14,1,ACTIVE
MS004965,2026-08-26 10:53:40+00:00,S09,9,S08,S10,60.0,55.51,1,ACTIVE
MS004966,2026-08-26 10:53:45+00:00,S10,10,S09,S11,60.0,56.8,1,ACTIVE
MS004967,2026-08-26 10:53:50+00:00,S11,11,S10,S12,60.0,56.48,1,ACTIVE
MS004968,2026-08-26 10:53:55+00:00,S12,12,S11,,60.0,58.71,1,ACTIVE
MS004969,2026-08-26 10:54:00+00:00,S01,1,,S02,60.0,58.1,1,ACTIVE
MS004970,2026-08-26 10:54:05+00:00,S02,2,S01,S03,60.0,56.76,1,ACTIVE
MS004971,2026-08-26 10:54:10+00:00,S03,3,S02,S04,60.0,58.43,1,ACTIVE
MS004972,2026-08-26 10:54:15+00:00,S04,4,S03,S05,60.0,57.79,1,ACTIVE
MS004973,2026-08-26 10:54:20+00:00,S05,5,S04,S06,60.0,55.38,1,ACTIVE
MS004974,2026-08-26 10:54:25+00:00,S06,6,S05,S07,60.0,58.9,1,ACTIVE
MS004975,2026-08-26 10:54:30+00:00,S07,7,S06,S08,60.0,58.04,1,ACTIVE
MS004976,2026-08-26 10:54:35+00:00,S08,8,S07,S09,60.0,58.14,1,ACTIVE
MS004977,2026-08-26 10:54:40+00:00,S09,9,S08,S10,60.0,55.51,1,ACTIVE
MS004978,2026-08-26 10:54:45+00:00,S10,10,S09,S11,60.0,56.8,1,ACTIVE
MS004979,2026-08-26 10:54:50+00:00,S11,11,S10,S12,60.0,56.48,1,ACTIVE
MS004980,2026-08-26 10:54:55+00:00,S12,12,S11,,60.0,58.71,1,ACTIVE
MS004981,2026-08-26 10:55:00+00:00,S01,1,,S02,60.0,58.1,1,ACTIVE
MS004982,2026-08-26 10:55:05+00:00,S02,2,S01,S03,60.0,56.76,1,ACTIVE
MS004983,2026-08-26 10:55:10+00:00,S03,3,S02,S04,60.0,58.43,1,ACTIVE
MS004984,2026-08-26 10:55:15+00:00,S04,4,S03,S05,60.0,57.79,1,ACTIVE
MS004985,2026-08-26 10:55:20+00:00,S05,5,S04,S06,60.0,55.38,1,ACTIVE
MS004986,2026-08-26 10:55:25+00:00,S06,6,S05,S07,60.0,58.9,1,ACTIVE
MS004987,2026-08-26 10:55:30+00:00,S07,7,S06,S08,60.0,58.04,1,ACTIVE
MS004988,2026-08-26 10:55:35+00:00,S08,8,S07,S09,60.0,58.14,1,ACTIVE
MS004989,2026-08-26 10:55:40+00:00,S09,9,S08,S10,60.0,55.51,1,ACTIVE
MS004990,2026-08-26 10:55:45+00:00,S10,10,S09,S11,60.0,56.8,1,ACTIVE
MS004991,2026-08-26 10:55:50+00:00,S11,11,S10,S12,60.0,56.48,1,ACTIVE
MS004992,2026-08-26 10:55:55+00:00,S12,12,S11,,60.0,58.71,1,ACTIVE
MS004993,2026-08-26 10:56:00+00:00,S01,1,,S02,60.0,58.1,1,ACTIVE
MS004994,2026-08-26 10:56:05+00:00,S02,2,S01,S03,60.0,56.76,1,ACTIVE
MS004995,2026-08-26 10:56:10+00:00,S03,3,S02,S04,60.0,58.43,1,ACTIVE
MS004996,2026-08-26 10:56:15+00:00,S04,4,S03,S05,60.0,57.79,1,ACTIVE
MS004997,2026-08-26 10:56:20+00:00,S05,5,S04,S06,60.0,55.38,1,ACTIVE
MS004998,2026-08-26 10:56:25+00:00,S06,6,S05,S07,60.0,58.9,1,ACTIVE
MS004999,2026-08-26 10:56:30+00:00,S07,7,S06,S08,60.0,58.04,1,ACTIVE
MS005000,2026-08-26 10:56:35+00:00,S08,8,S07,S09,60.0,58.14,1,ACTIVE
MS005001,2026-08-26 10:56:40+00:00,S09,9,S08,S10,60.0,55.51,1,ACTIVE
MS005002,2026-08-26 10:56:45+00:00,S10,10,S09,S11,60.0,56.8,1,ACTIVE
MS005003,2026-08-26 10:56:50+00:00,S11,11,S10,S12,60.0,56.48,1,ACTIVE
MS005004,2026-08-26 10:56:55+00:00,S12,12,S11,,60.0,58.71,1,ACTIVE
MS005005,2026-08-26 10:57:00+00:00,S01,1,,S02,60.0,58.1,1,ACTIVE
MS005006,2026-08-26 10:57:05+00:00,S02,2,S01,S03,60.0,56.76,1,ACTIVE
MS005007,2026-08-26 10:57:10+00:00,S03,3,S02,S04,60.0,58.43,1,ACTIVE
MS005008,2026-08-26 10:57:15+00:00,S04,4,S03,S05,60.0,57.79,1,ACTIVE
MS005009,2026-08-26 10:57:20+00:00,S05,5,S04,S06,60.0,55.38,1,ACTIVE
MS005010,2026-08-26 10:57:25+00:00,S06,6,S05,S07,60.0,58.9,1,ACTIVE
MS005011,2026-08-26 10:57:30+00:00,S07,7,S06,S08,60.0,58.04,1,ACTIVE
MS005012,2026-08-26 10:57:35+00:00,S08,8,S07,S09,60.0,58.14,1,ACTIVE
MS005013,2026-08-26 10:57:40+00:00,S09,9,S08,S10,60.0,55.51,1,ACTIVE
MS005014,2026-08-26 10:57:45+00:00,S10,10,S09,S11,60.0,56.8,1,ACTIVE
MS005015,2026-08-26 10:57:50+00:00,S11,11,S10,S12,60.0,56.48,1,ACTIVE
MS005016,2026-08-26 10:57:55+00:00,S12,12,S11,,60.0,58.71,1,ACTIVE
MS005017,2026-08-26 10:58:00+00:00,S01,1,,S02,60.0,58.1,1,ACTIVE
MS005018,2026-08-26 10:58:05+00:00,S02,2,S01,S03,60.0,56.76,1,ACTIVE
MS005019,2026-08-26 10:58:10+00:00,S03,3,S02,S04,60.0,58.43,1,ACTIVE
MS005020,2026-08-26 10:58:15+00:00,S04,4,S03,S05,60.0,57.79,1,ACTIVE
MS005021,2026-08-26 10:58:20+00:00,S05,5,S04,S06,60.0,55.38,1,ACTIVE
MS005022,2026-08-26 10:58:25+00:00,S06,6,S05,S07,60.0,58.9,1,ACTIVE
MS005023,2026-08-26 10:58:30+00:00,S07,7,S06,S08,60.0,58.04,1,ACTIVE
MS005024,2026-08-26 10:58:35+00:00,S08,8,S07,S09,60.0,58.14,1,ACTIVE
MS005025,2026-08-26 10:58:40+00:00,S09,9,S08,S10,60.0,55.51,1,ACTIVE
MS005026,2026-08-26 10:58:45+00:00,S10,10,S09,S11,60.0,56.8,1,ACTIVE
MS005027,2026-08-26 10:58:50+00:00,S11,11,S10,S12,60.0,56.48,1,ACTIVE
MS005028,2026-08-26 10:58:55+00:00,S12,12,S11,,60.0,58.71,1,ACTIVE
MS005029,2026-08-26 10:59:00+00:00,S01,1,,S02,60.0,58.1,1,ACTIVE
MS005030,2026-08-26 10:59:05+00:00,S02,2,S01,S03,60.0,56.76,1,ACTIVE
MS005031,2026-08-26 10:59:10+00:00,S03,3,S02,S04,60.0,58.43,1,ACTIVE
MS005032,2026-08-26 10:59:15+00:00,S04,4,S03,S05,60.0,57.79,1,ACTIVE
MS005033,2026-08-26 10:59:20+00:00,S05,5,S04,S06,60.0,55.38,1,ACTIVE
MS005034,2026-08-26 10:59:25+00:00,S06,6,S05,S07,60.0,58.9,1,ACTIVE
MS005035,2026-08-26 10:59:30+00:00,S07,7,S06,S08,60.0,58.04,1,ACTIVE
MS005036,2026-08-26 10:59:35+00:00,S08,8,S07,S09,60.0,58.14,1,ACTIVE
MS005037,2026-08-26 10:59:40+00:00,S09,9,S08,S10,60.0,55.51,1,ACTIVE
MS005038,2026-08-26 10:59:45+00:00,S10,10,S09,S11,60.0,56.8,1,ACTIVE
MS005039,2026-08-26 10:59:50+00:00,S11,11,S10,S12,60.0,56.48,1,ACTIVE
MS005040,2026-08-26 10:59:55+00:00,S12,12,S11,,60.0,58.71,1,ACTIVE
MS005041,2026-08-26 11:00:00+00:00,S01,1,,S02,60.0,58.1,1,ACTIVE
MS005042,2026-08-26 11:00:05+00:00,S02,2,S01,S03,60.0,56.76,1,ACTIVE
MS005043,2026-08-26 11:00:10+00:00,S03,3,S02,S04,60.0,58.43,1,ACTIVE
MS005044,2026-08-26 11:00:15+00:00,S04,4,S03,S05,60.0,57.79,1,ACTIVE
MS005045,2026-08-26 11:00:20+00:00,S05,5,S04,S06,60.0,55.38,1,ACTIVE
MS005046,2026-08-26 11:00:25+00:00,S06,6,S05,S07,60.0,58.9,1,ACTIVE
MS005047,2026-08-26 11:00:30+00:00,S07,7,S06,S08,60.0,58.04,1,ACTIVE
MS005048,2026-08-26 11:00:35+00:00,S08,8,S07,S09,60.0,58.14,1,ACTIVE
MS005049,2026-08-26 11:00:40+00:00,S09,9,S08,S10,60.0,55.51,1,ACTIVE
MS005050,2026-08-26 11:00:45+00:00,S10,10,S09,S11,60.0,56.8,1,ACTIVE
MS005051,2026-08-26 11:00:50+00:00,S11,11,S10,S12,60.0,56.48,1,ACTIVE
MS005052,2026-08-26 11:00:55+00:00,S12,12,S11,,60.0,58.71,1,ACTIVE
MS005053,2026-08-26 11:01:00+00:00,S01,1,,S02,60.0,58.1,1,ACTIVE
MS005054,2026-08-26 11:01:05+00:00,S02,2,S01,S03,60.0,56.76,1,ACTIVE
MS005055,2026-08-26 11:01:10+00:00,S03,3,S02,S04,60.0,58.43,1,ACTIVE
MS005056,2026-08-26 11:01:15+00:00,S04,4,S03,S05,60.0,57.79,1,ACTIVE
MS005057,2026-08-26 11:01:20+00:00,S05,5,S04,S06,60.0,55.38,1,ACTIVE
MS005058,2026-08-26 11:01:25+00:00,S06,6,S05,S07,60.0,58.9,1,ACTIVE
MS005059,2026-08-26 11:01:30+00:00,S07,7,S06,S08,60.0,58.04,1,ACTIVE
MS005060,2026-08-26 11:01:35+00:00,S08,8,S07,S09,60.0,58.14,1,ACTIVE
MS005061,2026-08-26 11:01:40+00:00,S09,9,S08,S10,60.0,55.51,1,ACTIVE
MS005062,2026-08-26 11:01:45+00:00,S10,10,S09,S11,60.0,56.8,1,ACTIVE
MS005063,2026-08-26 11:01:50+00:00,S11,11,S10,S12,60.0,56.48,1,ACTIVE
MS005064,2026-08-26 11:01:55+00:00,S12,12,S11,,60.0,58.71,1,ACTIVE
MS005065,2026-08-26 11:02:00+00:00,S01,1,,S02,60.0,58.1,1,ACTIVE
MS005066,2026-08-26 11:02:05+00:00,S02,2,S01,S03,60.0,56.76,1,ACTIVE
MS005067,2026-08-26 11:02:10+00:00,S03,3,S02,S04,60.0,58.43,1,ACTIVE
MS005068,2026-08-26 11:02:15+00:00,S04,4,S03,S05,60.0,57.79,1,ACTIVE
MS005069,2026-08-26 11:02:20+00:00,S05,5,S04,S06,60.0,55.38,1,ACTIVE
MS005070,2026-08-26 11:02:25+00:00,S06,6,S05,S07,60.0,58.9,1,ACTIVE
MS005071,2026-08-26 11:02:30+00:00,S07,7,S06,S08,60.0,58.04,1,ACTIVE
MS005072,2026-08-26 11:02:35+00:00,S08,8,S07,S09,60.0,58.14,1,ACTIVE
MS005073,2026-08-26 11:02:40+00:00,S09,9,S08,S10,60.0,55.51,1,ACTIVE
MS005074,2026-08-26 11:02:45+00:00,S10,10,S09,S11,60.0,56.8,1,ACTIVE
MS005075,2026-08-26 11:02:50+00:00,S11,11,S10,S12,60.0,56.48,1,ACTIVE
MS005076,2026-08-26 11:02:55+00:00,S12,12,S11,,60.0,58.71,1,ACTIVE
MS005077,2026-08-26 11:03:00+00:00,S01,1,,S02,60.0,58.1,1,ACTIVE
MS005078,2026-08-26 11:03:05+00:00,S02,2,S01,S03,60.0,56.76,1,ACTIVE
MS005079,2026-08-26 11:03:10+00:00,S03,3,S02,S04,60.0,58.43,1,ACTIVE
MS005080,2026-08-26 11:03:15+00:00,S04,4,S03,S05,60.0,57.79,1,ACTIVE
MS005081,2026-08-26 11:03:20+00:00,S05,5,S04,S06,60.0,55.38,1,ACTIVE
MS005082,2026-08-26 11:03:25+00:00,S06,6,S05,S07,60.0,58.9,1,ACTIVE
MS005083,2026-08-26 11:03:30+00:00,S07,7,S06,S08,60.0,58.04,1,ACTIVE
MS005084,2026-08-26 11:03:35+00:00,S08,8,S07,S09,60.0,58.14,1,ACTIVE
MS005085,2026-08-26 11:03:40+00:00,S09,9,S08,S10,60.0,55.51,1,ACTIVE
MS005086,2026-08-26 11:03:45+00:00,S10,10,S09,S11,60.0,56.8,1,ACTIVE
MS005087,2026-08-26 11:03:50+00:00,S11,11,S10,S12,60.0,56.48,1,ACTIVE
MS005088,2026-08-26 11:03:55+00:00,S12,12,S11,,60.0,58.71,1,ACTIVE
MS005089,2026-08-26 11:04:00+00:00,S01,1,,S02,60.0,58.1,1,ACTIVE
MS005090,2026-08-26 11:04:05+00:00,S02,2,S01,S03,60.0,56.76,1,ACTIVE
MS005091,2026-08-26 11:04:10+00:00,S03,3,S02,S04,60.0,58.43,1,ACTIVE
MS005092,2026-08-26 11:04:15+00:00,S04,4,S03,S05,60.0,57.79,1,ACTIVE
MS005093,2026-08-26 11:04:20+00:00,S05,5,S04,S06,60.0,55.38,1,ACTIVE
MS005094,2026-08-26 11:04:25+00:00,S06,6,S05,S07,60.0,58.9,1,ACTIVE
MS005095,2026-08-26 11:04:30+00:00,S07,7,S06,S08,60.0,58.04,1,ACTIVE
MS005096,2026-08-26 11:04:35+00:00,S08,8,S07,S09,60.0,58.14,1,ACTIVE
MS005097,2026-08-26 11:04:40+00:00,S09,9,S08,S10,60.0,55.51,1,ACTIVE
MS005098,2026-08-26 11:04:45+00:00,S10,10,S09,S11,60.0,56.8,1,ACTIVE
MS005099,2026-08-26 11:04:50+00:00,S11,11,S10,S12,60.0,56.48,1,ACTIVE
MS005100,2026-08-26 11:04:55+00:00,S12,12,S11,,60.0,58.71,1,ACTIVE
MS005101,2026-08-26 11:05:00+00:00,S01,1,,S02,60.0,58.1,1,ACTIVE
MS005102,2026-08-26 11:05:05+00:00,S02,2,S01,S03,60.0,56.76,1,ACTIVE
MS005103,2026-08-26 11:05:10+00:00,S03,3,S02,S04,60.0,58.43,1,ACTIVE
MS005104,2026-08-26 11:05:15+00:00,S04,4,S03,S05,60.0,57.79,1,ACTIVE
MS005105,2026-08-26 11:05:20+00:00,S05,5,S04,S06,60.0,55.38,1,ACTIVE
MS005106,2026-08-26 11:05:25+00:00,S06,6,S05,S07,60.0,58.9,1,ACTIVE
MS005107,2026-08-26 11:05:30+00:00,S07,7,S06,S08,60.0,58.04,1,ACTIVE
MS005108,2026-08-26 11:05:35+00:00,S08,8,S07,S09,60.0,58.14,1,ACTIVE
MS005109,2026-08-26 11:05:40+00:00,S09,9,S08,S10,60.0,55.51,1,ACTIVE
MS005110,2026-08-26 11:05:45+00:00,S10,10,S09,S11,60.0,56.8,1,ACTIVE
MS005111,2026-08-26 11:05:50+00:00,S11,11,S10,S12,60.0,56.48,1,ACTIVE
MS005112,2026-08-26 11:05:55+00:00,S12,12,S11,,60.0,58.71,1,ACTIVE
MS005113,2026-08-26 11:06:00+00:00,S01,1,,S02,60.0,58.1,1,ACTIVE
MS005114,2026-08-26 11:06:05+00:00,S02,2,S01,S03,60.0,56.76,1,ACTIVE
MS005115,2026-08-26 11:06:10+00:00,S03,3,S02,S04,60.0,58.43,1,ACTIVE
MS005116,2026-08-26 11:06:15+00:00,S04,4,S03,S05,60.0,57.79,1,ACTIVE
MS005117,2026-08-26 11:06:20+00:00,S05,5,S04,S06,60.0,55.38,1,ACTIVE
MS005118,2026-08-26 11:06:25+00:00,S06,6,S05,S07,60.0,58.9,1,ACTIVE
MS005119,2026-08-26 11:06:30+00:00,S07,7,S06,S08,60.0,58.04,1,ACTIVE
MS005120,2026-08-26 11:06:35+00:00,S08,8,S07,S09,60.0,58.14,1,ACTIVE
MS005121,2026-08-26 11:06:40+00:00,S09,9,S08,S10,60.0,55.51,1,ACTIVE
MS005122,2026-08-26 11:06:45+00:00,S10,10,S09,S11,60.0,56.8,1,ACTIVE
MS005123,2026-08-26 11:06:50+00:00,S11,11,S10,S12,60.0,56.48,1,ACTIVE
MS005124,2026-08-26 11:06:55+00:00,S12,12,S11,,60.0,58.71,1,ACTIVE
MS005125,2026-08-26 11:07:00+00:00,S01,1,,S02,60.0,58.1,1,ACTIVE
MS005126,2026-08-26 11:07:05+00:00,S02,2,S01,S03,60.0,56.76,1,ACTIVE
MS005127,2026-08-26 11:07:10+00:00,S03,3,S02,S04,60.0,58.43,1,ACTIVE
MS005128,2026-08-26 11:07:15+00:00,S04,4,S03,S05,60.0,57.79,1,ACTIVE
MS005129,2026-08-26 11:07:20+00:00,S05,5,S04,S06,60.0,55.38,1,ACTIVE
MS005130,2026-08-26 11:07:25+00:00,S06,6,S05,S07,60.0,58.9,1,ACTIVE
MS005131,2026-08-26 11:07:30+00:00,S07,7,S06,S08,60.0,58.04,1,ACTIVE
MS005132,2026-08-26 11:07:35+00:00,S08,8,S07,S09,60.0,58.14,1,ACTIVE
MS005133,2026-08-26 11:07:40+00:00,S09,9,S08,S10,60.0,55.51,1,ACTIVE
MS005134,2026-08-26 11:07:45+00:00,S10,10,S09,S11,60.0,56.8,1,ACTIVE
MS005135,2026-08-26 11:07:50+00:00,S11,11,S10,S12,60.0,56.48,1,ACTIVE
MS005136,2026-08-26 11:07:55+00:00,S12,12,S11,,60.0,58.71,1,ACTIVE
MS005137,2026-08-26 11:08:00+00:00,S01,1,,S02,60.0,58.1,1,ACTIVE
MS005138,2026-08-26 11:08:05+00:00,S02,2,S01,S03,60.0,56.76,1,ACTIVE
MS005139,2026-08-26 11:08:10+00:00,S03,3,S02,S04,60.0,58.43,1,ACTIVE
MS005140,2026-08-26 11:08:15+00:00,S04,4,S03,S05,60.0,57.79,1,ACTIVE
MS005141,2026-08-26 11:08:20+00:00,S05,5,S04,S06,60.0,55.38,1,ACTIVE
MS005142,2026-08-26 11:08:25+00:00,S06,6,S05,S07,60.0,58.9,1,ACTIVE
MS005143,2026-08-26 11:08:30+00:00,S07,7,S06,S08,60.0,58.04,1,ACTIVE
MS005144,2026-08-26 11:08:35+00:00,S08,8,S07,S09,60.0,58.14,1,ACTIVE
MS005145,2026-08-26 11:08:40+00:00,S09,9,S08,S10,60.0,55.51,1,ACTIVE
MS005146,2026-08-26 11:08:45+00:00,S10,10,S09,S11,60.0,56.8,1,ACTIVE
MS005147,2026-08-26 11:08:50+00:00,S11,11,S10,S12,60.0,56.48,1,ACTIVE
MS005148,2026-08-26 11:08:55+00:00,S12,12,S11,,60.0,58.71,1,ACTIVE
MS005149,2026-08-26 11:09:00+00:00,S01,1,,S02,60.0,58.1,1,ACTIVE
MS005150,2026-08-26 11:09:05+00:00,S02,2,S01,S03,60.0,56.76,1,ACTIVE
MS005151,2026-08-26 11:09:10+00:00,S03,3,S02,S04,60.0,58.43,1,ACTIVE
MS005152,2026-08-26 11:09:15+00:00,S04,4,S03,S05,60.0,57.79,1,ACTIVE
MS005153,2026-08-26 11:09:20+00:00,S05,5,S04,S06,60.0,55.38,1,ACTIVE
MS005154,2026-08-26 11:09:25+00:00,S06,6,S05,S07,60.0,58.9,1,ACTIVE
MS005155,2026-08-26 11:09:30+00:00,S07,7,S06,S08,60.0,58.04,1,ACTIVE
MS005156,2026-08-26 11:09:35+00:00,S08,8,S07,S09,60.0,58.14,1,ACTIVE
MS005157,2026-08-26 11:09:40+00:00,S09,9,S08,S10,60.0,55.51,1,ACTIVE
MS005158,2026-08-26 11:09:45+00:00,S10,10,S09,S11,60.0,56.8,1,ACTIVE
MS005159,2026-08-26 11:09:50+00:00,S11,11,S10,S12,60.0,56.48,1,ACTIVE
MS005160,2026-08-26 11:09:55+00:00,S12,12,S11,,60.0,58.71,1,ACTIVE
MS005161,2026-08-26 11:10:00+00:00,S01,1,,S02,60.0,58.1,1,ACTIVE
MS005162,2026-08-26 11:10:05+00:00,S02,2,S01,S03,60.0,56.76,1,ACTIVE
MS005163,2026-08-26 11:10:10+00:00,S03,3,S02,S04,60.0,58.43,1,ACTIVE
MS005164,2026-08-26 11:10:15+00:00,S04,4,S03,S05,60.0,57.79,1,ACTIVE
MS005165,2026-08-26 11:10:20+00:00,S05,5,S04,S06,60.0,55.38,1,ACTIVE
MS005166,2026-08-26 11:10:25+00:00,S06,6,S05,S07,60.0,58.9,1,ACTIVE
MS005167,2026-08-26 11:10:30+00:00,S07,7,S06,S08,60.0,58.04,1,ACTIVE
MS005168,2026-08-26 11:10:35+00:00,S08,8,S07,S09,60.0,58.14,1,ACTIVE
MS005169,2026-08-26 11:10:40+00:00,S09,9,S08,S10,60.0,55.51,1,ACTIVE
MS005170,2026-08-26 11:10:45+00:00,S10,10,S09,S11,60.0,56.8,1,ACTIVE
MS005171,2026-08-26 11:10:50+00:00,S11,11,S10,S12,60.0,56.48,1,ACTIVE
MS005172,2026-08-26 11:10:55+00:00,S12,12,S11,,60.0,58.71,1,ACTIVE
MS005173,2026-08-26 11:11:00+00:00,S01,1,,S02,60.0,58.1,1,ACTIVE
MS005174,2026-08-26 11:11:05+00:00,S02,2,S01,S03,60.0,56.76,1,ACTIVE
MS005175,2026-08-26 11:11:10+00:00,S03,3,S02,S04,60.0,58.43,1,ACTIVE
MS005176,2026-08-26 11:11:15+00:00,S04,4,S03,S05,60.0,57.79,1,ACTIVE
MS005177,2026-08-26 11:11:20+00:00,S05,5,S04,S06,60.0,55.38,1,ACTIVE
MS005178,2026-08-26 11:11:25+00:00,S06,6,S05,S07,60.0,58.9,1,ACTIVE
MS005179,2026-08-26 11:11:30+00:00,S07,7,S06,S08,60.0,58.04,1,ACTIVE
MS005180,2026-08-26 11:11:35+00:00,S08,8,S07,S09,60.0,58.14,1,ACTIVE
MS005181,2026-08-26 11:11:40+00:00,S09,9,S08,S10,60.0,55.51,1,ACTIVE
MS005182,2026-08-26 11:11:45+00:00,S10,10,S09,S11,60.0,56.8,1,ACTIVE
MS005183,2026-08-26 11:11:50+00:00,S11,11,S10,S12,60.0,56.48,1,ACTIVE
MS005184,2026-08-26 11:11:55+00:00,S12,12,S11,,60.0,58.71,1,ACTIVE
MS005185,2026-08-26 11:12:00+00:00,S01,1,,S02,60.0,58.1,1,ACTIVE
MS005186,2026-08-26 11:12:05+00:00,S02,2,S01,S03,60.0,56.76,1,ACTIVE
MS005187,2026-08-26 11:12:10+00:00,S03,3,S02,S04,60.0,58.43,1,ACTIVE
MS005188,2026-08-26 11:12:15+00:00,S04,4,S03,S05,60.0,57.79,1,ACTIVE
MS005189,2026-08-26 11:12:20+00:00,S05,5,S04,S06,60.0,55.38,1,ACTIVE
MS005190,2026-08-26 11:12:25+00:00,S06,6,S05,S07,60.0,58.9,1,ACTIVE
MS005191,2026-08-26 11:12:30+00:00,S07,7,S06,S08,60.0,58.04,1,ACTIVE
MS005192,2026-08-26 11:12:35+00:00,S08,8,S07,S09,60.0,58.14,1,ACTIVE
MS005193,2026-08-26 11:12:40+00:00,S09,9,S08,S10,60.0,55.51,1,ACTIVE
MS005194,2026-08-26 11:12:45+00:00,S10,10,S09,S11,60.0,56.8,1,ACTIVE
MS005195,2026-08-26 11:12:50+00:00,S11,11,S10,S12,60.0,56.48,1,ACTIVE
MS005196,2026-08-26 11:12:55+00:00,S12,12,S11,,60.0,58.71,1,ACTIVE
MS005197,2026-08-26 11:13:00+00:00,S01,1,,S02,60.0,58.1,1,ACTIVE
MS005198,2026-08-26 11:13:05+00:00,S02,2,S01,S03,60.0,56.76,1,ACTIVE
MS005199,2026-08-26 11:13:10+00:00,S03,3,S02,S04,60.0,58.43,1,ACTIVE
MS005200,2026-08-26 11:13:15+00:00,S04,4,S03,S05,60.0,57.79,1,ACTIVE
MS005201,2026-08-26 11:13:20+00:00,S05,5,S04,S06,60.0,55.38,1,ACTIVE
MS005202,2026-08-26 11:13:25+00:00,S06,6,S05,S07,60.0,58.9,1,ACTIVE
MS005203,2026-08-26 11:13:30+00:00,S07,7,S06,S08,60.0,58.04,1,ACTIVE
MS005204,2026-08-26 11:13:35+00:00,S08,8,S07,S09,60.0,58.14,1,ACTIVE
MS005205,2026-08-26 11:13:40+00:00,S09,9,S08,S10,60.0,55.51,1,ACTIVE
MS005206,2026-08-26 11:13:45+00:00,S10,10,S09,S11,60.0,56.8,1,ACTIVE
MS005207,2026-08-26 11:13:50+00:00,S11,11,S10,S12,60.0,56.48,1,ACTIVE
MS005208,2026-08-26 11:13:55+00:00,S12,12,S11,,60.0,58.71,1,ACTIVE
MS005209,2026-08-26 11:14:00+00:00,S01,1,,S02,60.0,58.1,1,ACTIVE
MS005210,2026-08-26 11:14:05+00:00,S02,2,S01,S03,60.0,56.76,1,ACTIVE
MS005211,2026-08-26 11:14:10+00:00,S03,3,S02,S04,60.0,58.43,1,ACTIVE
MS005212,2026-08-26 11:14:15+00:00,S04,4,S03,S05,60.0,57.79,1,ACTIVE
MS005213,2026-08-26 11:14:20+00:00,S05,5,S04,S06,60.0,55.38,1,ACTIVE
MS005214,2026-08-26 11:14:25+00:00,S06,6,S05,S07,60.0,58.9,1,ACTIVE
MS005215,2026-08-26 11:14:30+00:00,S07,7,S06,S08,60.0,58.04,1,ACTIVE
MS005216,2026-08-26 11:14:35+00:00,S08,8,S07,S09,60.0,58.14,1,ACTIVE
MS005217,2026-08-26 11:14:40+00:00,S09,9,S08,S10,60.0,55.51,1,ACTIVE
MS005218,2026-08-26 11:14:45+00:00,S10,10,S09,S11,60.0,56.8,1,ACTIVE
MS005219,2026-08-26 11:14:50+00:00,S11,11,S10,S12,60.0,56.48,1,ACTIVE
MS005220,2026-08-26 11:14:55+00:00,S12,12,S11,,60.0,58.71,1,ACTIVE
MS005221,2026-08-26 11:15:00+00:00,S01,1,,S02,60.0,58.1,1,ACTIVE
MS005222,2026-08-26 11:15:05+00:00,S02,2,S01,S03,60.0,56.76,1,ACTIVE
MS005223,2026-08-26 11:15:10+00:00,S03,3,S02,S04,60.0,58.43,1,ACTIVE
MS005224,2026-08-26 11:15:15+00:00,S04,4,S03,S05,60.0,57.79,1,ACTIVE
MS005225,2026-08-26 11:15:20+00:00,S05,5,S04,S06,60.0,55.38,1,ACTIVE
MS005226,2026-08-26 11:15:25+00:00,S06,6,S05,S07,60.0,58.9,1,ACTIVE
MS005227,2026-08-26 11:15:30+00:00,S07,7,S06,S08,60.0,58.04,1,ACTIVE
MS005228,2026-08-26 11:15:35+00:00,S08,8,S07,S09,60.0,58.14,1,ACTIVE
MS005229,2026-08-26 11:15:40+00:00,S09,9,S08,S10,60.0,55.51,1,ACTIVE
MS005230,2026-08-26 11:15:45+00:00,S10,10,S09,S11,60.0,56.8,1,ACTIVE
MS005231,2026-08-26 11:15:50+00:00,S11,11,S10,S12,60.0,56.48,1,ACTIVE
MS005232,2026-08-26 11:15:55+00:00,S12,12,S11,,60.0,58.71,1,ACTIVE
MS005233,2026-08-26 11:16:00+00:00,S01,1,,S02,60.0,58.1,1,ACTIVE
MS005234,2026-08-26 11:16:05+00:00,S02,2,S01,S03,60.0,56.76,1,ACTIVE
MS005235,2026-08-26 11:16:10+00:00,S03,3,S02,S04,60.0,58.43,1,ACTIVE
MS005236,2026-08-26 11:16:15+00:00,S04,4,S03,S05,60.0,57.79,1,ACTIVE
MS005237,2026-08-26 11:16:20+00:00,S05,5,S04,S06,60.0,55.38,1,ACTIVE
MS005238,2026-08-26 11:16:25+00:00,S06,6,S05,S07,60.0,58.9,1,ACTIVE
MS005239,2026-08-26 11:16:30+00:00,S07,7,S06,S08,60.0,58.04,1,ACTIVE
MS005240,2026-08-26 11:16:35+00:00,S08,8,S07,S09,60.0,58.14,1,ACTIVE
MS005241,2026-08-26 11:16:40+00:00,S09,9,S08,S10,60.0,55.51,1,ACTIVE
MS005242,2026-08-26 11:16:45+00:00,S10,10,S09,S11,60.0,56.8,1,ACTIVE
MS005243,2026-08-26 11:16:50+00:00,S11,11,S10,S12,60.0,56.48,1,ACTIVE
MS005244,2026-08-26 11:16:55+00:00,S12,12,S11,,60.0,58.71,1,ACTIVE
MS005245,2026-08-26 11:17:00+00:00,S01,1,,S02,60.0,58.1,1,ACTIVE
MS005246,2026-08-26 11:17:05+00:00,S02,2,S01,S03,60.0,56.76,1,ACTIVE
MS005247,2026-08-26 11:17:10+00:00,S03,3,S02,S04,60.0,58.43,1,ACTIVE
MS005248,2026-08-26 11:17:15+00:00,S04,4,S03,S05,60.0,57.79,1,ACTIVE
MS005249,2026-08-26 11:17:20+00:00,S05,5,S04,S06,60.0,55.38,1,ACTIVE
MS005250,2026-08-26 11:17:25+00:00,S06,6,S05,S07,60.0,58.9,1,ACTIVE
MS005251,2026-08-26 11:17:30+00:00,S07,7,S06,S08,60.0,58.04,1,ACTIVE
MS005252,2026-08-26 11:17:35+00:00,S08,8,S07,S09,60.0,58.14,1,ACTIVE
MS005253,2026-08-26 11:17:40+00:00,S09,9,S08,S10,60.0,55.51,1,ACTIVE
MS005254,2026-08-26 11:17:45+00:00,S10,10,S09,S11,60.0,56.8,1,ACTIVE
MS005255,2026-08-26 11:17:50+00:00,S11,11,S10,S12,60.0,56.48,1,ACTIVE
MS005256,2026-08-26 11:17:55+00:00,S12,12,S11,,60.0,58.71,1,ACTIVE
MS005257,2026-08-26 11:18:00+00:00,S01,1,,S02,60.0,58.1,1,ACTIVE
MS005258,2026-08-26 11:18:05+00:00,S02,2,S01,S03,60.0,56.76,1,ACTIVE
MS005259,2026-08-26 11:18:10+00:00,S03,3,S02,S04,60.0,58.43,1,ACTIVE
MS005260,2026-08-26 11:18:15+00:00,S04,4,S03,S05,60.0,57.79,1,ACTIVE
MS005261,2026-08-26 11:18:20+00:00,S05,5,S04,S06,60.0,55.38,1,ACTIVE
MS005262,2026-08-26 11:18:25+00:00,S06,6,S05,S07,60.0,58.9,1,ACTIVE
MS005263,2026-08-26 11:18:30+00:00,S07,7,S06,S08,60.0,58.04,1,ACTIVE
MS005264,2026-08-26 11:18:35+00:00,S08,8,S07,S09,60.0,58.14,1,ACTIVE
MS005265,2026-08-26 11:18:40+00:00,S09,9,S08,S10,60.0,55.51,1,ACTIVE
MS005266,2026-08-26 11:18:45+00:00,S10,10,S09,S11,60.0,56.8,1,ACTIVE
MS005267,2026-08-26 11:18:50+00:00,S11,11,S10,S12,60.0,56.48,1,ACTIVE
MS005268,2026-08-26 11:18:55+00:00,S12,12,S11,,60.0,58.71,1,ACTIVE
MS005269,2026-08-26 11:19:00+00:00,S01,1,,S02,60.0,58.1,1,ACTIVE
MS005270,2026-08-26 11:19:05+00:00,S02,2,S01,S03,60.0,56.76,1,ACTIVE
MS005271,2026-08-26 11:19:10+00:00,S03,3,S02,S04,60.0,58.43,1,ACTIVE
MS005272,2026-08-26 11:19:15+00:00,S04,4,S03,S05,60.0,57.79,1,ACTIVE
MS005273,2026-08-26 11:19:20+00:00,S05,5,S04,S06,60.0,55.38,1,ACTIVE
MS005274,2026-08-26 11:19:25+00:00,S06,6,S05,S07,60.0,58.9,1,ACTIVE
MS005275,2026-08-26 11:19:30+00:00,S07,7,S06,S08,60.0,58.04,1,ACTIVE
MS005276,2026-08-26 11:19:35+00:00,S08,8,S07,S09,60.0,58.14,1,ACTIVE
MS005277,2026-08-26 11:19:40+00:00,S09,9,S08,S10,60.0,55.51,1,ACTIVE
MS005278,2026-08-26 11:19:45+00:00,S10,10,S09,S11,60.0,56.8,1,ACTIVE
MS005279,2026-08-26 11:19:50+00:00,S11,11,S10,S12,60.0,56.48,1,ACTIVE
MS005280,2026-08-26 11:19:55+00:00,S12,12,S11,,60.0,58.71,1,ACTIVE
MS005281,2026-08-26 11:20:00+00:00,S01,1,,S02,60.0,58.1,1,ACTIVE
MS005282,2026-08-26 11:20:05+00:00,S02,2,S01,S03,60.0,56.76,1,ACTIVE
MS005283,2026-08-26 11:20:10+00:00,S03,3,S02,S04,60.0,58.43,1,ACTIVE
MS005284,2026-08-26 11:20:15+00:00,S04,4,S03,S05,60.0,57.79,1,ACTIVE
MS005285,2026-08-26 11:20:20+00:00,S05,5,S04,S06,60.0,55.38,1,ACTIVE
MS005286,2026-08-26 11:20:25+00:00,S06,6,S05,S07,60.0,58.9,1,ACTIVE
MS005287,2026-08-26 11:20:30+00:00,S07,7,S06,S08,60.0,58.04,1,ACTIVE
MS005288,2026-08-26 11:20:35+00:00,S08,8,S07,S09,60.0,58.14,1,ACTIVE
MS005289,2026-08-26 11:20:40+00:00,S09,9,S08,S10,60.0,55.51,1,ACTIVE
MS005290,2026-08-26 11:20:45+00:00,S10,10,S09,S11,60.0,56.8,1,ACTIVE
MS005291,2026-08-26 11:20:50+00:00,S11,11,S10,S12,60.0,56.48,1,ACTIVE
MS005292,2026-08-26 11:20:55+00:00,S12,12,S11,,60.0,58.71,1,ACTIVE
MS005293,2026-08-26 11:21:00+00:00,S01,1,,S02,60.0,58.1,1,ACTIVE
MS005294,2026-08-26 11:21:05+00:00,S02,2,S01,S03,60.0,56.76,1,ACTIVE
MS005295,2026-08-26 11:21:10+00:00,S03,3,S02,S04,60.0,58.43,1,ACTIVE
MS005296,2026-08-26 11:21:15+00:00,S04,4,S03,S05,60.0,57.79,1,ACTIVE
MS005297,2026-08-26 11:21:20+00:00,S05,5,S04,S06,60.0,55.38,1,ACTIVE
MS005298,2026-08-26 11:21:25+00:00,S06,6,S05,S07,60.0,58.9,1,ACTIVE
MS005299,2026-08-26 11:21:30+00:00,S07,7,S06,S08,60.0,58.04,1,ACTIVE
MS005300,2026-08-26 11:21:35+00:00,S08,8,S07,S09,60.0,58.14,1,ACTIVE
MS005301,2026-08-26 11:21:40+00:00,S09,9,S08,S10,60.0,55.51,1,ACTIVE
MS005302,2026-08-26 11:21:45+00:00,S10,10,S09,S11,60.0,56.8,1,ACTIVE
MS005303,2026-08-26 11:21:50+00:00,S11,11,S10,S12,60.0,56.48,1,ACTIVE
MS005304,2026-08-26 11:21:55+00:00,S12,12,S11,,60.0,58.71,1,ACTIVE
MS005305,2026-08-26 11:22:00+00:00,S01,1,,S02,60.0,58.1,1,ACTIVE
MS005306,2026-08-26 11:22:05+00:00,S02,2,S01,S03,60.0,56.76,1,ACTIVE
MS005307,2026-08-26 11:22:10+00:00,S03,3,S02,S04,60.0,58.43,1,ACTIVE
MS005308,2026-08-26 11:22:15+00:00,S04,4,S03,S05,60.0,57.79,1,ACTIVE
MS005309,2026-08-26 11:22:20+00:00,S05,5,S04,S06,60.0,55.38,1,ACTIVE
MS005310,2026-08-26 11:22:25+00:00,S06,6,S05,S07,60.0,58.9,1,ACTIVE
MS005311,2026-08-26 11:22:30+00:00,S07,7,S06,S08,60.0,58.04,1,ACTIVE
MS005312,2026-08-26 11:22:35+00:00,S08,8,S07,S09,60.0,58.14,1,ACTIVE
MS005313,2026-08-26 11:22:40+00:00,S09,9,S08,S10,60.0,55.51,1,ACTIVE
MS005314,2026-08-26 11:22:45+00:00,S10,10,S09,S11,60.0,56.8,1,ACTIVE
MS005315,2026-08-26 11:22:50+00:00,S11,11,S10,S12,60.0,56.48,1,ACTIVE
MS005316,2026-08-26 11:22:55+00:00,S12,12,S11,,60.0,58.71,1,ACTIVE
MS005317,2026-08-26 11:23:00+00:00,S01,1,,S02,60.0,58.1,1,ACTIVE
MS005318,2026-08-26 11:23:05+00:00,S02,2,S01,S03,60.0,56.76,1,ACTIVE
MS005319,2026-08-26 11:23:10+00:00,S03,3,S02,S04,60.0,58.43,1,ACTIVE
MS005320,2026-08-26 11:23:15+00:00,S04,4,S03,S05,60.0,57.79,1,ACTIVE
MS005321,2026-08-26 11:23:20+00:00,S05,5,S04,S06,60.0,55.38,1,ACTIVE
MS005322,2026-08-26 11:23:25+00:00,S06,6,S05,S07,60.0,58.9,1,ACTIVE
MS005323,2026-08-26 11:23:30+00:00,S07,7,S06,S08,60.0,58.04,1,ACTIVE
MS005324,2026-08-26 11:23:35+00:00,S08,8,S07,S09,60.0,58.14,1,ACTIVE
MS005325,2026-08-26 11:23:40+00:00,S09,9,S08,S10,60.0,55.51,1,ACTIVE
MS005326,2026-08-26 11:23:45+00:00,S10,10,S09,S11,60.0,56.8,1,ACTIVE
MS005327,2026-08-26 11:23:50+00:00,S11,11,S10,S12,60.0,56.48,1,ACTIVE
MS005328,2026-08-26 11:23:55+00:00,S12,12,S11,,60.0,58.71,1,ACTIVE
MS005329,2026-08-26 11:24:00+00:00,S01,1,,S02,60.0,58.1,1,ACTIVE
MS005330,2026-08-26 11:24:05+00:00,S02,2,S01,S03,60.0,56.76,1,ACTIVE
MS005331,2026-08-26 11:24:10+00:00,S03,3,S02,S04,60.0,58.43,1,ACTIVE
MS005332,2026-08-26 11:24:15+00:00,S04,4,S03,S05,60.0,57.79,1,ACTIVE
MS005333,2026-08-26 11:24:20+00:00,S05,5,S04,S06,60.0,55.38,1,ACTIVE
MS005334,2026-08-26 11:24:25+00:00,S06,6,S05,S07,60.0,58.9,1,ACTIVE
MS005335,2026-08-26 11:24:30+00:00,S07,7,S06,S08,60.0,58.04,1,ACTIVE
MS005336,2026-08-26 11:24:35+00:00,S08,8,S07,S09,60.0,58.14,1,ACTIVE
MS005337,2026-08-26 11:24:40+00:00,S09,9,S08,S10,60.0,55.51,1,ACTIVE
MS005338,2026-08-26 11:24:45+00:00,S10,10,S09,S11,60.0,56.8,1,ACTIVE
MS005339,2026-08-26 11:24:50+00:00,S11,11,S10,S12,60.0,56.48,1,ACTIVE
MS005340,2026-08-26 11:24:55+00:00,S12,12,S11,,60.0,58.71,1,ACTIVE
MS005341,2026-08-26 11:25:00+00:00,S01,1,,S02,60.0,58.1,1,ACTIVE
MS005342,2026-08-26 11:25:05+00:00,S02,2,S01,S03,60.0,56.76,1,ACTIVE
MS005343,2026-08-26 11:25:10+00:00,S03,3,S02,S04,60.0,58.43,1,ACTIVE
MS005344,2026-08-26 11:25:15+00:00,S04,4,S03,S05,60.0,57.79,1,ACTIVE
MS005345,2026-08-26 11:25:20+00:00,S05,5,S04,S06,60.0,55.38,1,ACTIVE
MS005346,2026-08-26 11:25:25+00:00,S06,6,S05,S07,60.0,58.9,1,ACTIVE
MS005347,2026-08-26 11:25:30+00:00,S07,7,S06,S08,60.0,58.04,1,ACTIVE
MS005348,2026-08-26 11:25:35+00:00,S08,8,S07,S09,60.0,58.14,1,ACTIVE
MS005349,2026-08-26 11:25:40+00:00,S09,9,S08,S10,60.0,55.51,1,ACTIVE
MS005350,2026-08-26 11:25:45+00:00,S10,10,S09,S11,60.0,56.8,1,ACTIVE
MS005351,2026-08-26 11:25:50+00:00,S11,11,S10,S12,60.0,56.48,1,ACTIVE
MS005352,2026-08-26 11:25:55+00:00,S12,12,S11,,60.0,58.71,1,ACTIVE
MS005353,2026-08-26 11:26:00+00:00,S01,1,,S02,60.0,58.1,1,ACTIVE
MS005354,2026-08-26 11:26:05+00:00,S02,2,S01,S03,60.0,56.76,1,ACTIVE
MS005355,2026-08-26 11:26:10+00:00,S03,3,S02,S04,60.0,58.43,1,ACTIVE
MS005356,2026-08-26 11:26:15+00:00,S04,4,S03,S05,60.0,57.79,1,ACTIVE
MS005357,2026-08-26 11:26:20+00:00,S05,5,S04,S06,60.0,55.38,1,ACTIVE
MS005358,2026-08-26 11:26:25+00:00,S06,6,S05,S07,60.0,58.9,1,ACTIVE
MS005359,2026-08-26 11:26:30+00:00,S07,7,S06,S08,60.0,58.04,1,ACTIVE
MS005360,2026-08-26 11:26:35+00:00,S08,8,S07,S09,60.0,58.14,1,ACTIVE
MS005361,2026-08-26 11:26:40+00:00,S09,9,S08,S10,60.0,55.51,1,ACTIVE
MS005362,2026-08-26 11:26:45+00:00,S10,10,S09,S11,60.0,56.8,1,ACTIVE
MS005363,2026-08-26 11:26:50+00:00,S11,11,S10,S12,60.0,56.48,1,ACTIVE
MS005364,2026-08-26 11:26:55+00:00,S12,12,S11,,60.0,58.71,1,ACTIVE
MS005365,2026-08-26 11:27:00+00:00,S01,1,,S02,60.0,58.1,1,ACTIVE
MS005366,2026-08-26 11:27:05+00:00,S02,2,S01,S03,60.0,56.76,1,ACTIVE
MS005367,2026-08-26 11:27:10+00:00,S03,3,S02,S04,60.0,58.43,1,ACTIVE
MS005368,2026-08-26 11:27:15+00:00,S04,4,S03,S05,60.0,57.79,1,ACTIVE
MS005369,2026-08-26 11:27:20+00:00,S05,5,S04,S06,60.0,55.38,1,ACTIVE
MS005370,2026-08-26 11:27:25+00:00,S06,6,S05,S07,60.0,58.9,1,ACTIVE
MS005371,2026-08-26 11:27:30+00:00,S07,7,S06,S08,60.0,58.04,1,ACTIVE
MS005372,2026-08-26 11:27:35+00:00,S08,8,S07,S09,60.0,58.14,1,ACTIVE
MS005373,2026-08-26 11:27:40+00:00,S09,9,S08,S10,60.0,55.51,1,ACTIVE
MS005374,2026-08-26 11:27:45+00:00,S10,10,S09,S11,60.0,56.8,1,ACTIVE
MS005375,2026-08-26 11:27:50+00:00,S11,11,S10,S12,60.0,56.48,1,ACTIVE
MS005376,2026-08-26 11:27:55+00:00,S12,12,S11,,60.0,58.71,1,ACTIVE
MS005377,2026-08-26 11:28:00+00:00,S01,1,,S02,60.0,58.1,1,ACTIVE
MS005378,2026-08-26 11:28:05+00:00,S02,2,S01,S03,60.0,56.76,1,ACTIVE
MS005379,2026-08-26 11:28:10+00:00,S03,3,S02,S04,60.0,58.43,1,ACTIVE
MS005380,2026-08-26 11:28:15+00:00,S04,4,S03,S05,60.0,57.79,1,ACTIVE
MS005381,2026-08-26 11:28:20+00:00,S05,5,S04,S06,60.0,55.38,1,ACTIVE
MS005382,2026-08-26 11:28:25+00:00,S06,6,S05,S07,60.0,58.9,1,ACTIVE
MS005383,2026-08-26 11:28:30+00:00,S07,7,S06,S08,60.0,58.04,1,ACTIVE
MS005384,2026-08-26 11:28:35+00:00,S08,8,S07,S09,60.0,58.14,1,ACTIVE
MS005385,2026-08-26 11:28:40+00:00,S09,9,S08,S10,60.0,55.51,1,ACTIVE
MS005386,2026-08-26 11:28:45+00:00,S10,10,S09,S11,60.0,56.8,1,ACTIVE
MS005387,2026-08-26 11:28:50+00:00,S11,11,S10,S12,60.0,56.48,1,ACTIVE
MS005388,2026-08-26 11:28:55+00:00,S12,12,S11,,60.0,58.71,1,ACTIVE
MS005389,2026-08-26 11:29:00+00:00,S01,1,,S02,60.0,58.1,1,ACTIVE
MS005390,2026-08-26 11:29:05+00:00,S02,2,S01,S03,60.0,56.76,1,ACTIVE
MS005391,2026-08-26 11:29:10+00:00,S03,3,S02,S04,60.0,58.43,1,ACTIVE
MS005392,2026-08-26 11:29:15+00:00,S04,4,S03,S05,60.0,57.79,1,ACTIVE
MS005393,2026-08-26 11:29:20+00:00,S05,5,S04,S06,60.0,55.38,1,ACTIVE
MS005394,2026-08-26 11:29:25+00:00,S06,6,S05,S07,60.0,58.9,1,ACTIVE
MS005395,2026-08-26 11:29:30+00:00,S07,7,S06,S08,60.0,58.04,1,ACTIVE
MS005396,2026-08-26 11:29:35+00:00,S08,8,S07,S09,60.0,58.14,1,ACTIVE
MS005397,2026-08-26 11:29:40+00:00,S09,9,S08,S10,60.0,55.51,1,ACTIVE
MS005398,2026-08-26 11:29:45+00:00,S10,10,S09,S11,60.0,56.8,1,ACTIVE
MS005399,2026-08-26 11:29:50+00:00,S11,11,S10,S12,60.0,56.48,1,ACTIVE
MS005400,2026-08-26 11:29:55+00:00,S12,12,S11,,60.0,58.71,1,ACTIVE
MS005401,2026-08-26 11:30:00+00:00,S01,1,,S02,60.0,58.1,1,ACTIVE
MS005402,2026-08-26 11:30:05+00:00,S02,2,S01,S03,60.0,56.76,1,ACTIVE
MS005403,2026-08-26 11:30:10+00:00,S03,3,S02,S04,60.0,58.43,1,ACTIVE
MS005404,2026-08-26 11:30:15+00:00,S04,4,S03,S05,60.0,57.79,1,ACTIVE
MS005405,2026-08-26 11:30:20+00:00,S05,5,S04,S06,60.0,55.38,1,ACTIVE
MS005406,2026-08-26 11:30:25+00:00,S06,6,S05,S07,60.0,58.9,1,ACTIVE
MS005407,2026-08-26 11:30:30+00:00,S07,7,S06,S08,60.0,58.04,1,ACTIVE
MS005408,2026-08-26 11:30:35+00:00,S08,8,S07,S09,60.0,58.14,1,ACTIVE
MS005409,2026-08-26 11:30:40+00:00,S09,9,S08,S10,60.0,55.51,1,ACTIVE
MS005410,2026-08-26 11:30:45+00:00,S10,10,S09,S11,60.0,56.8,1,ACTIVE
MS005411,2026-08-26 11:30:50+00:00,S11,11,S10,S12,60.0,56.48,1,ACTIVE
MS005412,2026-08-26 11:30:55+00:00,S12,12,S11,,60.0,58.71,1,ACTIVE
MS005413,2026-08-26 11:31:00+00:00,S01,1,,S02,60.0,58.1,1,ACTIVE
MS005414,2026-08-26 11:31:05+00:00,S02,2,S01,S03,60.0,56.76,1,ACTIVE
MS005415,2026-08-26 11:31:10+00:00,S03,3,S02,S04,60.0,58.43,1,ACTIVE
MS005416,2026-08-26 11:31:15+00:00,S04,4,S03,S05,60.0,57.79,1,ACTIVE
MS005417,2026-08-26 11:31:20+00:00,S05,5,S04,S06,60.0,55.38,1,ACTIVE
MS005418,2026-08-26 11:31:25+00:00,S06,6,S05,S07,60.0,58.9,1,ACTIVE
MS005419,2026-08-26 11:31:30+00:00,S07,7,S06,S08,60.0,58.04,1,ACTIVE
MS005420,2026-08-26 11:31:35+00:00,S08,8,S07,S09,60.0,58.14,1,ACTIVE
MS005421,2026-08-26 11:31:40+00:00,S09,9,S08,S10,60.0,55.51,1,ACTIVE
MS005422,2026-08-26 11:31:45+00:00,S10,10,S09,S11,60.0,56.8,1,ACTIVE
MS005423,2026-08-26 11:31:50+00:00,S11,11,S10,S12,60.0,56.48,1,ACTIVE
MS005424,2026-08-26 11:31:55+00:00,S12,12,S11,,60.0,58.71,1,ACTIVE
MS005425,2026-08-26 11:32:00+00:00,S01,1,,S02,60.0,58.1,1,ACTIVE
MS005426,2026-08-26 11:32:05+00:00,S02,2,S01,S03,60.0,56.76,1,ACTIVE
MS005427,2026-08-26 11:32:10+00:00,S03,3,S02,S04,60.0,58.43,1,ACTIVE
MS005428,2026-08-26 11:32:15+00:00,S04,4,S03,S05,60.0,57.79,1,ACTIVE
MS005429,2026-08-26 11:32:20+00:00,S05,5,S04,S06,60.0,55.38,1,ACTIVE
MS005430,2026-08-26 11:32:25+00:00,S06,6,S05,S07,60.0,58.9,1,ACTIVE
MS005431,2026-08-26 11:32:30+00:00,S07,7,S06,S08,60.0,58.04,1,ACTIVE
MS005432,2026-08-26 11:32:35+00:00,S08,8,S07,S09,60.0,58.14,1,ACTIVE
MS005433,2026-08-26 11:32:40+00:00,S09,9,S08,S10,60.0,55.51,1,ACTIVE
MS005434,2026-08-26 11:32:45+00:00,S10,10,S09,S11,60.0,56.8,1,ACTIVE
MS005435,2026-08-26 11:32:50+00:00,S11,11,S10,S12,60.0,56.48,1,ACTIVE
MS005436,2026-08-26 11:32:55+00:00,S12,12,S11,,60.0,58.71,1,ACTIVE
MS005437,2026-08-26 11:33:00+00:00,S01,1,,S02,60.0,58.1,1,ACTIVE
MS005438,2026-08-26 11:33:05+00:00,S02,2,S01,S03,60.0,56.76,1,ACTIVE
MS005439,2026-08-26 11:33:10+00:00,S03,3,S02,S04,60.0,58.43,1,ACTIVE
MS005440,2026-08-26 11:33:15+00:00,S04,4,S03,S05,60.0,57.79,1,ACTIVE
MS005441,2026-08-26 11:33:20+00:00,S05,5,S04,S06,60.0,55.38,1,ACTIVE
MS005442,2026-08-26 11:33:25+00:00,S06,6,S05,S07,60.0,58.9,1,ACTIVE
MS005443,2026-08-26 11:33:30+00:00,S07,7,S06,S08,60.0,58.04,1,ACTIVE
MS005444,2026-08-26 11:33:35+00:00,S08,8,S07,S09,60.0,58.14,1,ACTIVE
MS005445,2026-08-26 11:33:40+00:00,S09,9,S08,S10,60.0,55.51,1,ACTIVE
MS005446,2026-08-26 11:33:45+00:00,S10,10,S09,S11,60.0,56.8,1,ACTIVE
MS005447,2026-08-26 11:33:50+00:00,S11,11,S10,S12,60.0,56.48,1,ACTIVE
MS005448,2026-08-26 11:33:55+00:00,S12,12,S11,,60.0,58.71,1,ACTIVE
MS005449,2026-08-26 11:34:00+00:00,S01,1,,S02,60.0,58.1,1,ACTIVE
MS005450,2026-08-26 11:34:05+00:00,S02,2,S01,S03,60.0,56.76,1,ACTIVE
MS005451,2026-08-26 11:34:10+00:00,S03,3,S02,S04,60.0,58.43,1,ACTIVE
MS005452,2026-08-26 11:34:15+00:00,S04,4,S03,S05,60.0,57.79,1,ACTIVE
MS005453,2026-08-26 11:34:20+00:00,S05,5,S04,S06,60.0,55.38,1,ACTIVE
MS005454,2026-08-26 11:34:25+00:00,S06,6,S05,S07,60.0,58.9,1,ACTIVE
MS005455,2026-08-26 11:34:30+00:00,S07,7,S06,S08,60.0,58.04,1,ACTIVE
MS005456,2026-08-26 11:34:35+00:00,S08,8,S07,S09,60.0,58.14,1,ACTIVE
MS005457,2026-08-26 11:34:40+00:00,S09,9,S08,S10,60.0,55.51,1,ACTIVE
MS005458,2026-08-26 11:34:45+00:00,S10,10,S09,S11,60.0,56.8,1,ACTIVE
MS005459,2026-08-26 11:34:50+00:00,S11,11,S10,S12,60.0,56.48,1,ACTIVE
MS005460,2026-08-26 11:34:55+00:00,S12,12,S11,,60.0,58.71,1,ACTIVE
MS005461,2026-08-26 11:35:00+00:00,S01,1,,S02,60.0,58.1,1,ACTIVE
MS005462,2026-08-26 11:35:05+00:00,S02,2,S01,S03,60.0,56.76,1,ACTIVE
MS005463,2026-08-26 11:35:10+00:00,S03,3,S02,S04,60.0,58.43,1,ACTIVE
MS005464,2026-08-26 11:35:15+00:00,S04,4,S03,S05,60.0,57.79,1,ACTIVE
MS005465,2026-08-26 11:35:20+00:00,S05,5,S04,S06,60.0,55.38,1,ACTIVE
MS005466,2026-08-26 11:35:25+00:00,S06,6,S05,S07,60.0,58.9,1,ACTIVE
MS005467,2026-08-26 11:35:30+00:00,S07,7,S06,S08,60.0,58.04,1,ACTIVE
MS005468,2026-08-26 11:35:35+00:00,S08,8,S07,S09,60.0,58.14,1,ACTIVE
MS005469,2026-08-26 11:35:40+00:00,S09,9,S08,S10,60.0,55.51,1,ACTIVE
MS005470,2026-08-26 11:35:45+00:00,S10,10,S09,S11,60.0,56.8,1,ACTIVE
MS005471,2026-08-26 11:35:50+00:00,S11,11,S10,S12,60.0,56.48,1,ACTIVE
MS005472,2026-08-26 11:35:55+00:00,S12,12,S11,,60.0,58.71,1,ACTIVE
MS005473,2026-08-26 11:36:00+00:00,S01,1,,S02,60.0,58.1,1,ACTIVE
MS005474,2026-08-26 11:36:05+00:00,S02,2,S01,S03,60.0,56.76,1,ACTIVE
MS005475,2026-08-26 11:36:10+00:00,S03,3,S02,S04,60.0,58.43,1,ACTIVE
MS005476,2026-08-26 11:36:15+00:00,S04,4,S03,S05,60.0,57.79,1,ACTIVE
MS005477,2026-08-26 11:36:20+00:00,S05,5,S04,S06,60.0,55.38,1,ACTIVE
MS005478,2026-08-26 11:36:25+00:00,S06,6,S05,S07,60.0,58.9,1,ACTIVE
MS005479,2026-08-26 11:36:30+00:00,S07,7,S06,S08,60.0,58.04,1,ACTIVE
MS005480,2026-08-26 11:36:35+00:00,S08,8,S07,S09,60.0,58.14,1,ACTIVE
MS005481,2026-08-26 11:36:40+00:00,S09,9,S08,S10,60.0,55.51,1,ACTIVE
MS005482,2026-08-26 11:36:45+00:00,S10,10,S09,S11,60.0,56.8,1,ACTIVE
MS005483,2026-08-26 11:36:50+00:00,S11,11,S10,S12,60.0,56.48,1,ACTIVE
MS005484,2026-08-26 11:36:55+00:00,S12,12,S11,,60.0,58.71,1,ACTIVE
MS005485,2026-08-26 11:37:00+00:00,S01,1,,S02,60.0,58.1,1,ACTIVE
MS005486,2026-08-26 11:37:05+00:00,S02,2,S01,S03,60.0,56.76,1,ACTIVE
MS005487,2026-08-26 11:37:10+00:00,S03,3,S02,S04,60.0,58.43,1,ACTIVE
MS005488,2026-08-26 11:37:15+00:00,S04,4,S03,S05,60.0,57.79,1,ACTIVE
MS005489,2026-08-26 11:37:20+00:00,S05,5,S04,S06,60.0,55.38,1,ACTIVE
MS005490,2026-08-26 11:37:25+00:00,S06,6,S05,S07,60.0,58.9,1,ACTIVE
MS005491,2026-08-26 11:37:30+00:00,S07,7,S06,S08,60.0,58.04,1,ACTIVE
MS005492,2026-08-26 11:37:35+00:00,S08,8,S07,S09,60.0,58.14,1,ACTIVE
MS005493,2026-08-26 11:37:40+00:00,S09,9,S08,S10,60.0,55.51,1,ACTIVE
MS005494,2026-08-26 11:37:45+00:00,S10,10,S09,S11,60.0,56.8,1,ACTIVE
MS005495,2026-08-26 11:37:50+00:00,S11,11,S10,S12,60.0,56.48,1,ACTIVE
MS005496,2026-08-26 11:37:55+00:00,S12,12,S11,,60.0,58.71,1,ACTIVE
MS005497,2026-08-26 11:38:00+00:00,S01,1,,S02,60.0,58.1,1,ACTIVE
MS005498,2026-08-26 11:38:05+00:00,S02,2,S01,S03,60.0,56.76,1,ACTIVE
MS005499,2026-08-26 11:38:10+00:00,S03,3,S02,S04,60.0,58.43,1,ACTIVE
MS005500,2026-08-26 11:38:15+00:00,S04,4,S03,S05,60.0,57.79,1,ACTIVE
MS005501,2026-08-26 11:38:20+00:00,S05,5,S04,S06,60.0,55.38,1,ACTIVE
MS005502,2026-08-26 11:38:25+00:00,S06,6,S05,S07,60.0,58.9,1,ACTIVE
MS005503,2026-08-26 11:38:30+00:00,S07,7,S06,S08,60.0,58.04,1,ACTIVE
MS005504,2026-08-26 11:38:35+00:00,S08,8,S07,S09,60.0,58.14,1,ACTIVE
MS005505,2026-08-26 11:38:40+00:00,S09,9,S08,S10,60.0,55.51,1,ACTIVE
MS005506,2026-08-26 11:38:45+00:00,S10,10,S09,S11,60.0,56.8,1,ACTIVE
MS005507,2026-08-26 11:38:50+00:00,S11,11,S10,S12,60.0,56.48,1,ACTIVE
MS005508,2026-08-26 11:38:55+00:00,S12,12,S11,,60.0,58.71,1,ACTIVE
MS005509,2026-08-26 11:39:00+00:00,S01,1,,S02,60.0,58.1,1,ACTIVE
MS005510,2026-08-26 11:39:05+00:00,S02,2,S01,S03,60.0,56.76,1,ACTIVE
MS005511,2026-08-26 11:39:10+00:00,S03,3,S02,S04,60.0,58.43,1,ACTIVE
MS005512,2026-08-26 11:39:15+00:00,S04,4,S03,S05,60.0,57.79,1,ACTIVE
MS005513,2026-08-26 11:39:20+00:00,S05,5,S04,S06,60.0,55.38,1,ACTIVE
MS005514,2026-08-26 11:39:25+00:00,S06,6,S05,S07,60.0,58.9,1,ACTIVE
MS005515,2026-08-26 11:39:30+00:00,S07,7,S06,S08,60.0,58.04,1,ACTIVE
MS005516,2026-08-26 11:39:35+00:00,S08,8,S07,S09,60.0,58.14,1,ACTIVE
MS005517,2026-08-26 11:39:40+00:00,S09,9,S08,S10,60.0,55.51,1,ACTIVE
MS005518,2026-08-26 11:39:45+00:00,S10,10,S09,S11,60.0,56.8,1,ACTIVE
MS005519,2026-08-26 11:39:50+00:00,S11,11,S10,S12,60.0,56.48,1,ACTIVE
MS005520,2026-08-26 11:39:55+00:00,S12,12,S11,,60.0,58.71,1,ACTIVE
MS005521,2026-08-26 11:40:00+00:00,S01,1,,S02,60.0,58.1,1,ACTIVE
MS005522,2026-08-26 11:40:05+00:00,S02,2,S01,S03,60.0,56.76,1,ACTIVE
MS005523,2026-08-26 11:40:10+00:00,S03,3,S02,S04,60.0,58.43,1,ACTIVE
MS005524,2026-08-26 11:40:15+00:00,S04,4,S03,S05,60.0,57.79,1,ACTIVE
MS005525,2026-08-26 11:40:20+00:00,S05,5,S04,S06,60.0,55.38,1,ACTIVE
MS005526,2026-08-26 11:40:25+00:00,S06,6,S05,S07,60.0,58.9,1,ACTIVE
MS005527,2026-08-26 11:40:30+00:00,S07,7,S06,S08,60.0,58.04,1,ACTIVE
MS005528,2026-08-26 11:40:35+00:00,S08,8,S07,S09,60.0,58.14,1,ACTIVE
MS005529,2026-08-26 11:40:40+00:00,S09,9,S08,S10,60.0,55.51,1,ACTIVE
MS005530,2026-08-26 11:40:45+00:00,S10,10,S09,S11,60.0,56.8,1,ACTIVE
MS005531,2026-08-26 11:40:50+00:00,S11,11,S10,S12,60.0,56.48,1,ACTIVE
MS005532,2026-08-26 11:40:55+00:00,S12,12,S11,,60.0,58.71,1,ACTIVE
MS005533,2026-08-26 11:41:00+00:00,S01,1,,S02,60.0,58.1,1,ACTIVE
MS005534,2026-08-26 11:41:05+00:00,S02,2,S01,S03,60.0,56.76,1,ACTIVE
MS005535,2026-08-26 11:41:10+00:00,S03,3,S02,S04,60.0,58.43,1,ACTIVE
MS005536,2026-08-26 11:41:15+00:00,S04,4,S03,S05,60.0,57.79,1,ACTIVE
MS005537,2026-08-26 11:41:20+00:00,S05,5,S04,S06,60.0,55.38,1,ACTIVE
MS005538,2026-08-26 11:41:25+00:00,S06,6,S05,S07,60.0,58.9,1,ACTIVE
MS005539,2026-08-26 11:41:30+00:00,S07,7,S06,S08,60.0,58.04,1,ACTIVE
MS005540,2026-08-26 11:41:35+00:00,S08,8,S07,S09,60.0,58.14,1,ACTIVE
MS005541,2026-08-26 11:41:40+00:00,S09,9,S08,S10,60.0,55.51,1,ACTIVE
MS005542,2026-08-26 11:41:45+00:00,S10,10,S09,S11,60.0,56.8,1,ACTIVE
MS005543,2026-08-26 11:41:50+00:00,S11,11,S10,S12,60.0,56.48,1,ACTIVE
MS005544,2026-08-26 11:41:55+00:00,S12,12,S11,,60.0,58.71,1,ACTIVE
MS005545,2026-08-26 11:42:00+00:00,S01,1,,S02,60.0,58.1,1,ACTIVE
MS005546,2026-08-26 11:42:05+00:00,S02,2,S01,S03,60.0,56.76,1,ACTIVE
MS005547,2026-08-26 11:42:10+00:00,S03,3,S02,S04,60.0,58.43,1,ACTIVE
MS005548,2026-08-26 11:42:15+00:00,S04,4,S03,S05,60.0,57.79,1,ACTIVE
MS005549,2026-08-26 11:42:20+00:00,S05,5,S04,S06,60.0,55.38,1,ACTIVE
MS005550,2026-08-26 11:42:25+00:00,S06,6,S05,S07,60.0,58.9,1,ACTIVE
MS005551,2026-08-26 11:42:30+00:00,S07,7,S06,S08,60.0,58.04,1,ACTIVE
MS005552,2026-08-26 11:42:35+00:00,S08,8,S07,S09,60.0,58.14,1,ACTIVE
MS005553,2026-08-26 11:42:40+00:00,S09,9,S08,S10,60.0,55.51,1,ACTIVE
MS005554,2026-08-26 11:42:45+00:00,S10,10,S09,S11,60.0,56.8,1,ACTIVE
MS005555,2026-08-26 11:42:50+00:00,S11,11,S10,S12,60.0,56.48,1,ACTIVE
MS005556,2026-08-26 11:42:55+00:00,S12,12,S11,,60.0,58.71,1,ACTIVE
MS005557,2026-08-26 11:43:00+00:00,S01,1,,S02,60.0,58.1,1,ACTIVE
MS005558,2026-08-26 11:43:05+00:00,S02,2,S01,S03,60.0,56.76,1,ACTIVE
MS005559,2026-08-26 11:43:10+00:00,S03,3,S02,S04,60.0,58.43,1,ACTIVE
MS005560,2026-08-26 11:43:15+00:00,S04,4,S03,S05,60.0,57.79,1,ACTIVE
MS005561,2026-08-26 11:43:20+00:00,S05,5,S04,S06,60.0,55.38,1,ACTIVE
MS005562,2026-08-26 11:43:25+00:00,S06,6,S05,S07,60.0,58.9,1,ACTIVE
MS005563,2026-08-26 11:43:30+00:00,S07,7,S06,S08,60.0,58.04,1,ACTIVE
MS005564,2026-08-26 11:43:35+00:00,S08,8,S07,S09,60.0,58.14,1,ACTIVE
MS005565,2026-08-26 11:43:40+00:00,S09,9,S08,S10,60.0,55.51,1,ACTIVE
MS005566,2026-08-26 11:43:45+00:00,S10,10,S09,S11,60.0,56.8,1,ACTIVE
MS005567,2026-08-26 11:43:50+00:00,S11,11,S10,S12,60.0,56.48,1,ACTIVE
MS005568,2026-08-26 11:43:55+00:00,S12,12,S11,,60.0,58.71,1,ACTIVE
MS005569,2026-08-26 11:44:00+00:00,S01,1,,S02,60.0,58.1,1,ACTIVE
MS005570,2026-08-26 11:44:05+00:00,S02,2,S01,S03,60.0,56.76,1,ACTIVE
MS005571,2026-08-26 11:44:10+00:00,S03,3,S02,S04,60.0,58.43,1,ACTIVE
MS005572,2026-08-26 11:44:15+00:00,S04,4,S03,S05,60.0,57.79,1,ACTIVE
MS005573,2026-08-26 11:44:20+00:00,S05,5,S04,S06,60.0,55.38,1,ACTIVE
MS005574,2026-08-26 11:44:25+00:00,S06,6,S05,S07,60.0,58.9,1,ACTIVE
MS005575,2026-08-26 11:44:30+00:00,S07,7,S06,S08,60.0,58.04,1,ACTIVE
MS005576,2026-08-26 11:44:35+00:00,S08,8,S07,S09,60.0,58.14,1,ACTIVE
MS005577,2026-08-26 11:44:40+00:00,S09,9,S08,S10,60.0,55.51,1,ACTIVE
MS005578,2026-08-26 11:44:45+00:00,S10,10,S09,S11,60.0,56.8,1,ACTIVE
MS005579,2026-08-26 11:44:50+00:00,S11,11,S10,S12,60.0,56.48,1,ACTIVE
MS005580,2026-08-26 11:44:55+00:00,S12,12,S11,,60.0,58.71,1,ACTIVE
MS005581,2026-08-26 11:45:00+00:00,S01,1,,S02,60.0,58.1,1,ACTIVE
MS005582,2026-08-26 11:45:05+00:00,S02,2,S01,S03,60.0,56.76,1,ACTIVE
MS005583,2026-08-26 11:45:10+00:00,S03,3,S02,S04,60.0,58.43,1,ACTIVE
MS005584,2026-08-26 11:45:15+00:00,S04,4,S03,S05,60.0,57.79,1,ACTIVE
MS005585,2026-08-26 11:45:20+00:00,S05,5,S04,S06,60.0,55.38,1,ACTIVE
MS005586,2026-08-26 11:45:25+00:00,S06,6,S05,S07,60.0,58.9,1,ACTIVE
MS005587,2026-08-26 11:45:30+00:00,S07,7,S06,S08,60.0,58.04,1,ACTIVE
MS005588,2026-08-26 11:45:35+00:00,S08,8,S07,S09,60.0,58.14,1,ACTIVE
MS005589,2026-08-26 11:45:40+00:00,S09,9,S08,S10,60.0,55.51,1,ACTIVE
MS005590,2026-08-26 11:45:45+00:00,S10,10,S09,S11,60.0,56.8,1,ACTIVE
MS005591,2026-08-26 11:45:50+00:00,S11,11,S10,S12,60.0,56.48,1,ACTIVE
MS005592,2026-08-26 11:45:55+00:00,S12,12,S11,,60.0,58.71,1,ACTIVE
MS005593,2026-08-26 11:46:00+00:00,S01,1,,S02,60.0,58.1,1,ACTIVE
MS005594,2026-08-26 11:46:05+00:00,S02,2,S01,S03,60.0,56.76,1,ACTIVE
MS005595,2026-08-26 11:46:10+00:00,S03,3,S02,S04,60.0,58.43,1,ACTIVE
MS005596,2026-08-26 11:46:15+00:00,S04,4,S03,S05,60.0,57.79,1,ACTIVE
MS005597,2026-08-26 11:46:20+00:00,S05,5,S04,S06,60.0,55.38,1,ACTIVE
MS005598,2026-08-26 11:46:25+00:00,S06,6,S05,S07,60.0,58.9,1,ACTIVE
MS005599,2026-08-26 11:46:30+00:00,S07,7,S06,S08,60.0,58.04,1,ACTIVE
MS005600,2026-08-26 11:46:35+00:00,S08,8,S07,S09,60.0,58.14,1,ACTIVE
MS005601,2026-08-26 11:46:40+00:00,S09,9,S08,S10,60.0,55.51,1,ACTIVE
MS005602,2026-08-26 11:46:45+00:00,S10,10,S09,S11,60.0,56.8,1,ACTIVE
MS005603,2026-08-26 11:46:50+00:00,S11,11,S10,S12,60.0,56.48,1,ACTIVE
MS005604,2026-08-26 11:46:55+00:00,S12,12,S11,,60.0,58.71,1,ACTIVE
MS005605,2026-08-26 11:47:00+00:00,S01,1,,S02,60.0,58.1,1,ACTIVE
MS005606,2026-08-26 11:47:05+00:00,S02,2,S01,S03,60.0,56.76,1,ACTIVE
MS005607,2026-08-26 11:47:10+00:00,S03,3,S02,S04,60.0,58.43,1,ACTIVE
MS005608,2026-08-26 11:47:15+00:00,S04,4,S03,S05,60.0,57.79,1,ACTIVE
MS005609,2026-08-26 11:47:20+00:00,S05,5,S04,S06,60.0,55.38,1,ACTIVE
MS005610,2026-08-26 11:47:25+00:00,S06,6,S05,S07,60.0,58.9,1,ACTIVE
MS005611,2026-08-26 11:47:30+00:00,S07,7,S06,S08,60.0,58.04,1,ACTIVE
MS005612,2026-08-26 11:47:35+00:00,S08,8,S07,S09,60.0,58.14,1,ACTIVE
MS005613,2026-08-26 11:47:40+00:00,S09,9,S08,S10,60.0,55.51,1,ACTIVE
MS005614,2026-08-26 11:47:45+00:00,S10,10,S09,S11,60.0,56.8,1,ACTIVE
MS005615,2026-08-26 11:47:50+00:00,S11,11,S10,S12,60.0,56.48,1,ACTIVE
MS005616,2026-08-26 11:47:55+00:00,S12,12,S11,,60.0,58.71,1,ACTIVE
MS005617,2026-08-26 11:48:00+00:00,S01,1,,S02,60.0,58.1,1,ACTIVE
MS005618,2026-08-26 11:48:05+00:00,S02,2,S01,S03,60.0,56.76,1,ACTIVE
MS005619,2026-08-26 11:48:10+00:00,S03,3,S02,S04,60.0,58.43,1,ACTIVE
MS005620,2026-08-26 11:48:15+00:00,S04,4,S03,S05,60.0,57.79,1,ACTIVE
MS005621,2026-08-26 11:48:20+00:00,S05,5,S04,S06,60.0,55.38,1,ACTIVE
MS005622,2026-08-26 11:48:25+00:00,S06,6,S05,S07,60.0,58.9,1,ACTIVE
MS005623,2026-08-26 11:48:30+00:00,S07,7,S06,S08,60.0,58.04,1,ACTIVE
MS005624,2026-08-26 11:48:35+00:00,S08,8,S07,S09,60.0,58.14,1,ACTIVE
MS005625,2026-08-26 11:48:40+00:00,S09,9,S08,S10,60.0,55.51,1,ACTIVE
MS005626,2026-08-26 11:48:45+00:00,S10,10,S09,S11,60.0,56.8,1,ACTIVE
MS005627,2026-08-26 11:48:50+00:00,S11,11,S10,S12,60.0,56.48,1,ACTIVE
MS005628,2026-08-26 11:48:55+00:00,S12,12,S11,,60.0,58.71,1,ACTIVE
MS005629,2026-08-26 11:49:00+00:00,S01,1,,S02,60.0,58.1,1,ACTIVE
MS005630,2026-08-26 11:49:05+00:00,S02,2,S01,S03,60.0,56.76,1,ACTIVE
MS005631,2026-08-26 11:49:10+00:00,S03,3,S02,S04,60.0,58.43,1,ACTIVE
MS005632,2026-08-26 11:49:15+00:00,S04,4,S03,S05,60.0,57.79,1,ACTIVE
MS005633,2026-08-26 11:49:20+00:00,S05,5,S04,S06,60.0,55.38,1,ACTIVE
MS005634,2026-08-26 11:49:25+00:00,S06,6,S05,S07,60.0,58.9,1,ACTIVE
MS005635,2026-08-26 11:49:30+00:00,S07,7,S06,S08,60.0,58.04,1,ACTIVE
MS005636,2026-08-26 11:49:35+00:00,S08,8,S07,S09,60.0,58.14,1,ACTIVE
MS005637,2026-08-26 11:49:40+00:00,S09,9,S08,S10,60.0,55.51,1,ACTIVE
MS005638,2026-08-26 11:49:45+00:00,S10,10,S09,S11,60.0,56.8,1,ACTIVE
MS005639,2026-08-26 11:49:50+00:00,S11,11,S10,S12,60.0,56.48,1,ACTIVE
MS005640,2026-08-26 11:49:55+00:00,S12,12,S11,,60.0,58.71,1,ACTIVE
MS005641,2026-08-26 11:50:00+00:00,S01,1,,S02,60.0,58.1,1,ACTIVE
MS005642,2026-08-26 11:50:05+00:00,S02,2,S01,S03,60.0,56.76,1,ACTIVE
MS005643,2026-08-26 11:50:10+00:00,S03,3,S02,S04,60.0,58.43,1,ACTIVE
MS005644,2026-08-26 11:50:15+00:00,S04,4,S03,S05,60.0,57.79,1,ACTIVE
MS005645,2026-08-26 11:50:20+00:00,S05,5,S04,S06,60.0,55.38,1,ACTIVE
MS005646,2026-08-26 11:50:25+00:00,S06,6,S05,S07,60.0,58.9,1,ACTIVE
MS005647,2026-08-26 11:50:30+00:00,S07,7,S06,S08,60.0,58.04,1,ACTIVE
MS005648,2026-08-26 11:50:35+00:00,S08,8,S07,S09,60.0,58.14,1,ACTIVE
MS005649,2026-08-26 11:50:40+00:00,S09,9,S08,S10,60.0,55.51,1,ACTIVE
MS005650,2026-08-26 11:50:45+00:00,S10,10,S09,S11,60.0,56.8,1,ACTIVE
MS005651,2026-08-26 11:50:50+00:00,S11,11,S10,S12,60.0,56.48,1,ACTIVE
MS005652,2026-08-26 11:50:55+00:00,S12,12,S11,,60.0,58.71,1,ACTIVE
MS005653,2026-08-26 11:51:00+00:00,S01,1,,S02,60.0,58.1,1,ACTIVE
MS005654,2026-08-26 11:51:05+00:00,S02,2,S01,S03,60.0,56.76,1,ACTIVE
MS005655,2026-08-26 11:51:10+00:00,S03,3,S02,S04,60.0,58.43,1,ACTIVE
MS005656,2026-08-26 11:51:15+00:00,S04,4,S03,S05,60.0,57.79,1,ACTIVE
MS005657,2026-08-26 11:51:20+00:00,S05,5,S04,S06,60.0,55.38,1,ACTIVE
MS005658,2026-08-26 11:51:25+00:00,S06,6,S05,S07,60.0,58.9,1,ACTIVE
MS005659,2026-08-26 11:51:30+00:00,S07,7,S06,S08,60.0,58.04,1,ACTIVE
MS005660,2026-08-26 11:51:35+00:00,S08,8,S07,S09,60.0,58.14,1,ACTIVE
MS005661,2026-08-26 11:51:40+00:00,S09,9,S08,S10,60.0,55.51,1,ACTIVE
MS005662,2026-08-26 11:51:45+00:00,S10,10,S09,S11,60.0,56.8,1,ACTIVE
MS005663,2026-08-26 11:51:50+00:00,S11,11,S10,S12,60.0,56.48,1,ACTIVE
MS005664,2026-08-26 11:51:55+00:00,S12,12,S11,,60.0,58.71,1,ACTIVE
MS005665,2026-08-26 11:52:00+00:00,S01,1,,S02,60.0,58.1,1,ACTIVE
MS005666,2026-08-26 11:52:05+00:00,S02,2,S01,S03,60.0,56.76,1,ACTIVE
MS005667,2026-08-26 11:52:10+00:00,S03,3,S02,S04,60.0,58.43,1,ACTIVE
MS005668,2026-08-26 11:52:15+00:00,S04,4,S03,S05,60.0,57.79,1,ACTIVE
MS005669,2026-08-26 11:52:20+00:00,S05,5,S04,S06,60.0,55.38,1,ACTIVE
MS005670,2026-08-26 11:52:25+00:00,S06,6,S05,S07,60.0,58.9,1,ACTIVE
MS005671,2026-08-26 11:52:30+00:00,S07,7,S06,S08,60.0,58.04,1,ACTIVE
MS005672,2026-08-26 11:52:35+00:00,S08,8,S07,S09,60.0,58.14,1,ACTIVE
MS005673,2026-08-26 11:52:40+00:00,S09,9,S08,S10,60.0,55.51,1,ACTIVE
MS005674,2026-08-26 11:52:45+00:00,S10,10,S09,S11,60.0,56.8,1,ACTIVE
MS005675,2026-08-26 11:52:50+00:00,S11,11,S10,S12,60.0,56.48,1,ACTIVE
MS005676,2026-08-26 11:52:55+00:00,S12,12,S11,,60.0,58.71,1,ACTIVE
MS005677,2026-08-26 11:53:00+00:00,S01,1,,S02,60.0,58.1,1,ACTIVE
MS005678,2026-08-26 11:53:05+00:00,S02,2,S01,S03,60.0,56.76,1,ACTIVE
MS005679,2026-08-26 11:53:10+00:00,S03,3,S02,S04,60.0,58.43,1,ACTIVE
MS005680,2026-08-26 11:53:15+00:00,S04,4,S03,S05,60.0,57.79,1,ACTIVE
MS005681,2026-08-26 11:53:20+00:00,S05,5,S04,S06,60.0,55.38,1,ACTIVE
MS005682,2026-08-26 11:53:25+00:00,S06,6,S05,S07,60.0,58.9,1,ACTIVE
MS005683,2026-08-26 11:53:30+00:00,S07,7,S06,S08,60.0,58.04,1,ACTIVE
MS005684,2026-08-26 11:53:35+00:00,S08,8,S07,S09,60.0,58.14,1,ACTIVE
MS005685,2026-08-26 11:53:40+00:00,S09,9,S08,S10,60.0,55.51,1,ACTIVE
MS005686,2026-08-26 11:53:45+00:00,S10,10,S09,S11,60.0,56.8,1,ACTIVE
MS005687,2026-08-26 11:53:50+00:00,S11,11,S10,S12,60.0,56.48,1,ACTIVE
MS005688,2026-08-26 11:53:55+00:00,S12,12,S11,,60.0,58.71,1,ACTIVE
MS005689,2026-08-26 11:54:00+00:00,S01,1,,S02,60.0,58.1,1,ACTIVE
MS005690,2026-08-26 11:54:05+00:00,S02,2,S01,S03,60.0,56.76,1,ACTIVE
MS005691,2026-08-26 11:54:10+00:00,S03,3,S02,S04,60.0,58.43,1,ACTIVE
MS005692,2026-08-26 11:54:15+00:00,S04,4,S03,S05,60.0,57.79,1,ACTIVE
MS005693,2026-08-26 11:54:20+00:00,S05,5,S04,S06,60.0,55.38,1,ACTIVE
MS005694,2026-08-26 11:54:25+00:00,S06,6,S05,S07,60.0,58.9,1,ACTIVE
MS005695,2026-08-26 11:54:30+00:00,S07,7,S06,S08,60.0,58.04,1,ACTIVE
MS005696,2026-08-26 11:54:35+00:00,S08,8,S07,S09,60.0,58.14,1,ACTIVE
MS005697,2026-08-26 11:54:40+00:00,S09,9,S08,S10,60.0,55.51,1,ACTIVE
MS005698,2026-08-26 11:54:45+00:00,S10,10,S09,S11,60.0,56.8,1,ACTIVE
MS005699,2026-08-26 11:54:50+00:00,S11,11,S10,S12,60.0,56.48,1,ACTIVE
MS005700,2026-08-26 11:54:55+00:00,S12,12,S11,,60.0,58.71,1,ACTIVE
MS005701,2026-08-26 11:55:00+00:00,S01,1,,S02,60.0,58.1,1,ACTIVE
MS005702,2026-08-26 11:55:05+00:00,S02,2,S01,S03,60.0,56.76,1,ACTIVE
MS005703,2026-08-26 11:55:10+00:00,S03,3,S02,S04,60.0,58.43,1,ACTIVE
MS005704,2026-08-26 11:55:15+00:00,S04,4,S03,S05,60.0,57.79,1,ACTIVE
MS005705,2026-08-26 11:55:20+00:00,S05,5,S04,S06,60.0,55.38,1,ACTIVE
MS005706,2026-08-26 11:55:25+00:00,S06,6,S05,S07,60.0,58.9,1,ACTIVE
MS005707,2026-08-26 11:55:30+00:00,S07,7,S06,S08,60.0,58.04,1,ACTIVE
MS005708,2026-08-26 11:55:35+00:00,S08,8,S07,S09,60.0,58.14,1,ACTIVE
MS005709,2026-08-26 11:55:40+00:00,S09,9,S08,S10,60.0,55.51,1,ACTIVE
MS005710,2026-08-26 11:55:45+00:00,S10,10,S09,S11,60.0,56.8,1,ACTIVE
MS005711,2026-08-26 11:55:50+00:00,S11,11,S10,S12,60.0,56.48,1,ACTIVE
MS005712,2026-08-26 11:55:55+00:00,S12,12,S11,,60.0,58.71,1,ACTIVE
MS005713,2026-08-26 11:56:00+00:00,S01,1,,S02,60.0,58.1,1,ACTIVE
MS005714,2026-08-26 11:56:05+00:00,S02,2,S01,S03,60.0,56.76,1,ACTIVE
MS005715,2026-08-26 11:56:10+00:00,S03,3,S02,S04,60.0,58.43,1,ACTIVE
MS005716,2026-08-26 11:56:15+00:00,S04,4,S03,S05,60.0,57.79,1,ACTIVE
MS005717,2026-08-26 11:56:20+00:00,S05,5,S04,S06,60.0,55.38,1,ACTIVE
MS005718,2026-08-26 11:56:25+00:00,S06,6,S05,S07,60.0,58.9,1,ACTIVE
MS005719,2026-08-26 11:56:30+00:00,S07,7,S06,S08,60.0,58.04,1,ACTIVE
MS005720,2026-08-26 11:56:35+00:00,S08,8,S07,S09,60.0,58.14,1,ACTIVE
MS005721,2026-08-26 11:56:40+00:00,S09,9,S08,S10,60.0,55.51,1,ACTIVE
MS005722,2026-08-26 11:56:45+00:00,S10,10,S09,S11,60.0,56.8,1,ACTIVE
MS005723,2026-08-26 11:56:50+00:00,S11,11,S10,S12,60.0,56.48,1,ACTIVE
MS005724,2026-08-26 11:56:55+00:00,S12,12,S11,,60.0,58.71,1,ACTIVE
MS005725,2026-08-26 11:57:00+00:00,S01,1,,S02,60.0,58.1,1,ACTIVE
MS005726,2026-08-26 11:57:05+00:00,S02,2,S01,S03,60.0,56.76,1,ACTIVE
MS005727,2026-08-26 11:57:10+00:00,S03,3,S02,S04,60.0,58.43,1,ACTIVE
MS005728,2026-08-26 11:57:15+00:00,S04,4,S03,S05,60.0,57.79,1,ACTIVE
MS005729,2026-08-26 11:57:20+00:00,S05,5,S04,S06,60.0,55.38,1,ACTIVE
MS005730,2026-08-26 11:57:25+00:00,S06,6,S05,S07,60.0,58.9,1,ACTIVE
MS005731,2026-08-26 11:57:30+00:00,S07,7,S06,S08,60.0,58.04,1,ACTIVE
MS005732,2026-08-26 11:57:35+00:00,S08,8,S07,S09,60.0,58.14,1,ACTIVE
MS005733,2026-08-26 11:57:40+00:00,S09,9,S08,S10,60.0,55.51,1,ACTIVE
MS005734,2026-08-26 11:57:45+00:00,S10,10,S09,S11,60.0,56.8,1,ACTIVE
MS005735,2026-08-26 11:57:50+00:00,S11,11,S10,S12,60.0,56.48,1,ACTIVE
MS005736,2026-08-26 11:57:55+00:00,S12,12,S11,,60.0,58.71,1,ACTIVE
MS005737,2026-08-26 11:58:00+00:00,S01,1,,S02,60.0,58.1,1,ACTIVE
MS005738,2026-08-26 11:58:05+00:00,S02,2,S01,S03,60.0,56.76,1,ACTIVE
MS005739,2026-08-26 11:58:10+00:00,S03,3,S02,S04,60.0,58.43,1,ACTIVE
MS005740,2026-08-26 11:58:15+00:00,S04,4,S03,S05,60.0,57.79,1,ACTIVE
MS005741,2026-08-26 11:58:20+00:00,S05,5,S04,S06,60.0,55.38,1,ACTIVE
MS005742,2026-08-26 11:58:25+00:00,S06,6,S05,S07,60.0,58.9,1,ACTIVE
MS005743,2026-08-26 11:58:30+00:00,S07,7,S06,S08,60.0,58.04,1,ACTIVE
MS005744,2026-08-26 11:58:35+00:00,S08,8,S07,S09,60.0,58.14,1,ACTIVE
MS005745,2026-08-26 11:58:40+00:00,S09,9,S08,S10,60.0,55.51,1,ACTIVE
MS005746,2026-08-26 11:58:45+00:00,S10,10,S09,S11,60.0,56.8,1,ACTIVE
MS005747,2026-08-26 11:58:50+00:00,S11,11,S10,S12,60.0,56.48,1,ACTIVE
MS005748,2026-08-26 11:58:55+00:00,S12,12,S11,,60.0,58.71,1,ACTIVE
MS005749,2026-08-26 11:59:00+00:00,S01,1,,S02,60.0,58.1,1,ACTIVE
MS005750,2026-08-26 11:59:05+00:00,S02,2,S01,S03,60.0,56.76,1,ACTIVE
MS005751,2026-08-26 11:59:10+00:00,S03,3,S02,S04,60.0,58.43,1,ACTIVE
MS005752,2026-08-26 11:59:15+00:00,S04,4,S03,S05,60.0,57.79,1,ACTIVE
MS005753,2026-08-26 11:59:20+00:00,S05,5,S04,S06,60.0,55.38,1,ACTIVE
MS005754,2026-08-26 11:59:25+00:00,S06,6,S05,S07,60.0,58.9,1,ACTIVE
MS005755,2026-08-26 11:59:30+00:00,S07,7,S06,S08,60.0,58.04,1,ACTIVE
MS005756,2026-08-26 11:59:35+00:00,S08,8,S07,S09,60.0,58.14,1,ACTIVE
MS005757,2026-08-26 11:59:40+00:00,S09,9,S08,S10,60.0,55.51,1,ACTIVE
MS005758,2026-08-26 11:59:45+00:00,S10,10,S09,S11,60.0,56.8,1,ACTIVE
MS005759,2026-08-26 11:59:50+00:00,S11,11,S10,S12,60.0,56.48,1,ACTIVE
MS005760,2026-08-26 11:59:55+00:00,S12,12,S11,,60.0,58.71,1,ACTIVE
MS005761,2026-08-26 12:00:00+00:00,S01,1,,S02,60.0,58.1,1,ACTIVE
MS005762,2026-08-26 12:00:05+00:00,S02,2,S01,S03,60.0,56.76,1,ACTIVE
MS005763,2026-08-26 12:00:10+00:00,S03,3,S02,S04,60.0,58.43,1,ACTIVE
MS005764,2026-08-26 12:00:15+00:00,S04,4,S03,S05,60.0,57.79,1,ACTIVE
MS005765,2026-08-26 12:00:20+00:00,S05,5,S04,S06,60.0,55.38,1,ACTIVE
MS005766,2026-08-26 12:00:25+00:00,S06,6,S05,S07,60.0,58.9,1,ACTIVE
MS005767,2026-08-26 12:00:30+00:00,S07,7,S06,S08,60.0,58.04,1,ACTIVE
MS005768,2026-08-26 12:00:35+00:00,S08,8,S07,S09,60.0,58.14,1,ACTIVE
MS005769,2026-08-26 12:00:40+00:00,S09,9,S08,S10,60.0,55.51,1,ACTIVE
MS005770,2026-08-26 12:00:45+00:00,S10,10,S09,S11,60.0,56.8,1,ACTIVE
MS005771,2026-08-26 12:00:50+00:00,S11,11,S10,S12,60.0,56.48,1,ACTIVE
MS005772,2026-08-26 12:00:55+00:00,S12,12,S11,,60.0,58.71,1,ACTIVE
MS005773,2026-08-26 12:01:00+00:00,S01,1,,S02,60.0,58.1,1,ACTIVE
MS005774,2026-08-26 12:01:05+00:00,S02,2,S01,S03,60.0,56.76,1,ACTIVE
MS005775,2026-08-26 12:01:10+00:00,S03,3,S02,S04,60.0,58.43,1,ACTIVE
MS005776,2026-08-26 12:01:15+00:00,S04,4,S03,S05,60.0,57.79,1,ACTIVE
MS005777,2026-08-26 12:01:20+00:00,S05,5,S04,S06,60.0,55.38,1,ACTIVE
MS005778,2026-08-26 12:01:25+00:00,S06,6,S05,S07,60.0,58.9,1,ACTIVE
MS005779,2026-08-26 12:01:30+00:00,S07,7,S06,S08,60.0,58.04,1,ACTIVE
MS005780,2026-08-26 12:01:35+00:00,S08,8,S07,S09,60.0,58.14,1,ACTIVE
MS005781,2026-08-26 12:01:40+00:00,S09,9,S08,S10,60.0,55.51,1,ACTIVE
MS005782,2026-08-26 12:01:45+00:00,S10,10,S09,S11,60.0,56.8,1,ACTIVE
MS005783,2026-08-26 12:01:50+00:00,S11,11,S10,S12,60.0,56.48,1,ACTIVE
MS005784,2026-08-26 12:01:55+00:00,S12,12,S11,,60.0,58.71,1,ACTIVE
MS005785,2026-08-26 12:02:00+00:00,S01,1,,S02,60.0,58.1,1,ACTIVE
MS005786,2026-08-26 12:02:05+00:00,S02,2,S01,S03,60.0,56.76,1,ACTIVE
MS005787,2026-08-26 12:02:10+00:00,S03,3,S02,S04,60.0,58.43,1,ACTIVE
MS005788,2026-08-26 12:02:15+00:00,S04,4,S03,S05,60.0,57.79,1,ACTIVE
MS005789,2026-08-26 12:02:20+00:00,S05,5,S04,S06,60.0,55.38,1,ACTIVE
MS005790,2026-08-26 12:02:25+00:00,S06,6,S05,S07,60.0,58.9,1,ACTIVE
MS005791,2026-08-26 12:02:30+00:00,S07,7,S06,S08,60.0,58.04,1,ACTIVE
MS005792,2026-08-26 12:02:35+00:00,S08,8,S07,S09,60.0,58.14,1,ACTIVE
MS005793,2026-08-26 12:02:40+00:00,S09,9,S08,S10,60.0,55.51,1,ACTIVE
MS005794,2026-08-26 12:02:45+00:00,S10,10,S09,S11,60.0,56.8,1,ACTIVE
MS005795,2026-08-26 12:02:50+00:00,S11,11,S10,S12,60.0,56.48,1,ACTIVE
MS005796,2026-08-26 12:02:55+00:00,S12,12,S11,,60.0,58.71,1,ACTIVE
MS005797,2026-08-26 12:03:00+00:00,S01,1,,S02,60.0,58.1,1,ACTIVE
MS005798,2026-08-26 12:03:05+00:00,S02,2,S01,S03,60.0,56.76,1,ACTIVE
MS005799,2026-08-26 12:03:10+00:00,S03,3,S02,S04,60.0,58.43,1,ACTIVE
MS005800,2026-08-26 12:03:15+00:00,S04,4,S03,S05,60.0,57.79,1,ACTIVE
MS005801,2026-08-26 12:03:20+00:00,S05,5,S04,S06,60.0,55.38,1,ACTIVE
MS005802,2026-08-26 12:03:25+00:00,S06,6,S05,S07,60.0,58.9,1,ACTIVE
MS005803,2026-08-26 12:03:30+00:00,S07,7,S06,S08,60.0,58.04,1,ACTIVE
MS005804,2026-08-26 12:03:35+00:00,S08,8,S07,S09,60.0,58.14,1,ACTIVE
MS005805,2026-08-26 12:03:40+00:00,S09,9,S08,S10,60.0,55.51,1,ACTIVE
MS005806,2026-08-26 12:03:45+00:00,S10,10,S09,S11,60.0,56.8,1,ACTIVE
MS005807,2026-08-26 12:03:50+00:00,S11,11,S10,S12,60.0,56.48,1,ACTIVE
MS005808,2026-08-26 12:03:55+00:00,S12,12,S11,,60.0,58.71,1,ACTIVE
MS005809,2026-08-26 12:04:00+00:00,S01,1,,S02,60.0,58.1,1,ACTIVE
MS005810,2026-08-26 12:04:05+00:00,S02,2,S01,S03,60.0,56.76,1,ACTIVE
MS005811,2026-08-26 12:04:10+00:00,S03,3,S02,S04,60.0,58.43,1,ACTIVE
MS005812,2026-08-26 12:04:15+00:00,S04,4,S03,S05,60.0,57.79,1,ACTIVE
MS005813,2026-08-26 12:04:20+00:00,S05,5,S04,S06,60.0,55.38,1,ACTIVE
MS005814,2026-08-26 12:04:25+00:00,S06,6,S05,S07,60.0,58.9,1,ACTIVE
MS005815,2026-08-26 12:04:30+00:00,S07,7,S06,S08,60.0,58.04,1,ACTIVE
MS005816,2026-08-26 12:04:35+00:00,S08,8,S07,S09,60.0,58.14,1,ACTIVE
MS005817,2026-08-26 12:04:40+00:00,S09,9,S08,S10,60.0,55.51,1,ACTIVE
MS005818,2026-08-26 12:04:45+00:00,S10,10,S09,S11,60.0,56.8,1,ACTIVE
MS005819,2026-08-26 12:04:50+00:00,S11,11,S10,S12,60.0,56.48,1,ACTIVE
MS005820,2026-08-26 12:04:55+00:00,S12,12,S11,,60.0,58.71,1,ACTIVE
MS005821,2026-08-26 12:05:00+00:00,S01,1,,S02,60.0,58.1,1,ACTIVE
MS005822,2026-08-26 12:05:05+00:00,S02,2,S01,S03,60.0,56.76,1,ACTIVE
MS005823,2026-08-26 12:05:10+00:00,S03,3,S02,S04,60.0,58.43,1,ACTIVE
MS005824,2026-08-26 12:05:15+00:00,S04,4,S03,S05,60.0,57.79,1,ACTIVE
MS005825,2026-08-26 12:05:20+00:00,S05,5,S04,S06,60.0,55.38,1,ACTIVE
MS005826,2026-08-26 12:05:25+00:00,S06,6,S05,S07,60.0,58.9,1,ACTIVE
MS005827,2026-08-26 12:05:30+00:00,S07,7,S06,S08,60.0,58.04,1,ACTIVE
MS005828,2026-08-26 12:05:35+00:00,S08,8,S07,S09,60.0,58.14,1,ACTIVE
MS005829,2026-08-26 12:05:40+00:00,S09,9,S08,S10,60.0,55.51,1,ACTIVE
MS005830,2026-08-26 12:05:45+00:00,S10,10,S09,S11,60.0,56.8,1,ACTIVE
MS005831,2026-08-26 12:05:50+00:00,S11,11,S10,S12,60.0,56.48,1,ACTIVE
MS005832,2026-08-26 12:05:55+00:00,S12,12,S11,,60.0,58.71,1,ACTIVE
MS005833,2026-08-26 12:06:00+00:00,S01,1,,S02,60.0,58.1,1,ACTIVE
MS005834,2026-08-26 12:06:05+00:00,S02,2,S01,S03,60.0,56.76,1,ACTIVE
MS005835,2026-08-26 12:06:10+00:00,S03,3,S02,S04,60.0,58.43,1,ACTIVE
MS005836,2026-08-26 12:06:15+00:00,S04,4,S03,S05,60.0,57.79,1,ACTIVE
MS005837,2026-08-26 12:06:20+00:00,S05,5,S04,S06,60.0,55.38,1,ACTIVE
MS005838,2026-08-26 12:06:25+00:00,S06,6,S05,S07,60.0,58.9,1,ACTIVE
MS005839,2026-08-26 12:06:30+00:00,S07,7,S06,S08,60.0,58.04,1,ACTIVE
MS005840,2026-08-26 12:06:35+00:00,S08,8,S07,S09,60.0,58.14,1,ACTIVE
MS005841,2026-08-26 12:06:40+00:00,S09,9,S08,S10,60.0,55.51,1,ACTIVE
MS005842,2026-08-26 12:06:45+00:00,S10,10,S09,S11,60.0,56.8,1,ACTIVE
MS005843,2026-08-26 12:06:50+00:00,S11,11,S10,S12,60.0,56.48,1,ACTIVE
MS005844,2026-08-26 12:06:55+00:00,S12,12,S11,,60.0,58.71,1,ACTIVE
MS005845,2026-08-26 12:07:00+00:00,S01,1,,S02,60.0,58.1,1,ACTIVE
MS005846,2026-08-26 12:07:05+00:00,S02,2,S01,S03,60.0,56.76,1,ACTIVE
MS005847,2026-08-26 12:07:10+00:00,S03,3,S02,S04,60.0,58.43,1,ACTIVE
MS005848,2026-08-26 12:07:15+00:00,S04,4,S03,S05,60.0,57.79,1,ACTIVE
MS005849,2026-08-26 12:07:20+00:00,S05,5,S04,S06,60.0,55.38,1,ACTIVE
MS005850,2026-08-26 12:07:25+00:00,S06,6,S05,S07,60.0,58.9,1,ACTIVE
MS005851,2026-08-26 12:07:30+00:00,S07,7,S06,S08,60.0,58.04,1,ACTIVE
MS005852,2026-08-26 12:07:35+00:00,S08,8,S07,S09,60.0,58.14,1,ACTIVE
MS005853,2026-08-26 12:07:40+00:00,S09,9,S08,S10,60.0,55.51,1,ACTIVE
MS005854,2026-08-26 12:07:45+00:00,S10,10,S09,S11,60.0,56.8,1,ACTIVE
MS005855,2026-08-26 12:07:50+00:00,S11,11,S10,S12,60.0,56.48,1,ACTIVE
MS005856,2026-08-26 12:07:55+00:00,S12,12,S11,,60.0,58.71,1,ACTIVE
MS005857,2026-08-26 12:08:00+00:00,S01,1,,S02,60.0,58.1,1,ACTIVE
MS005858,2026-08-26 12:08:05+00:00,S02,2,S01,S03,60.0,56.76,1,ACTIVE
MS005859,2026-08-26 12:08:10+00:00,S03,3,S02,S04,60.0,58.43,1,ACTIVE
MS005860,2026-08-26 12:08:15+00:00,S04,4,S03,S05,60.0,57.79,1,ACTIVE
MS005861,2026-08-26 12:08:20+00:00,S05,5,S04,S06,60.0,55.38,1,ACTIVE
MS005862,2026-08-26 12:08:25+00:00,S06,6,S05,S07,60.0,58.9,1,ACTIVE
MS005863,2026-08-26 12:08:30+00:00,S07,7,S06,S08,60.0,58.04,1,ACTIVE
MS005864,2026-08-26 12:08:35+00:00,S08,8,S07,S09,60.0,58.14,1,ACTIVE
MS005865,2026-08-26 12:08:40+00:00,S09,9,S08,S10,60.0,55.51,1,ACTIVE
MS005866,2026-08-26 12:08:45+00:00,S10,10,S09,S11,60.0,56.8,1,ACTIVE
MS005867,2026-08-26 12:08:50+00:00,S11,11,S10,S12,60.0,56.48,1,ACTIVE
MS005868,2026-08-26 12:08:55+00:00,S12,12,S11,,60.0,58.71,1,ACTIVE
MS005869,2026-08-26 12:09:00+00:00,S01,1,,S02,60.0,58.1,1,ACTIVE
MS005870,2026-08-26 12:09:05+00:00,S02,2,S01,S03,60.0,56.76,1,ACTIVE
MS005871,2026-08-26 12:09:10+00:00,S03,3,S02,S04,60.0,58.43,1,ACTIVE
MS005872,2026-08-26 12:09:15+00:00,S04,4,S03,S05,60.0,57.79,1,ACTIVE
MS005873,2026-08-26 12:09:20+00:00,S05,5,S04,S06,60.0,55.38,1,ACTIVE
MS005874,2026-08-26 12:09:25+00:00,S06,6,S05,S07,60.0,58.9,1,ACTIVE
MS005875,2026-08-26 12:09:30+00:00,S07,7,S06,S08,60.0,58.04,1,ACTIVE
MS005876,2026-08-26 12:09:35+00:00,S08,8,S07,S09,60.0,58.14,1,ACTIVE
MS005877,2026-08-26 12:09:40+00:00,S09,9,S08,S10,60.0,55.51,1,ACTIVE
MS005878,2026-08-26 12:09:45+00:00,S10,10,S09,S11,60.0,56.8,1,ACTIVE
MS005879,2026-08-26 12:09:50+00:00,S11,11,S10,S12,60.0,56.48,1,ACTIVE
MS005880,2026-08-26 12:09:55+00:00,S12,12,S11,,60.0,58.71,1,ACTIVE
MS005881,2026-08-26 12:10:00+00:00,S01,1,,S02,60.0,58.1,1,ACTIVE
MS005882,2026-08-26 12:10:05+00:00,S02,2,S01,S03,60.0,56.76,1,ACTIVE
MS005883,2026-08-26 12:10:10+00:00,S03,3,S02,S04,60.0,58.43,1,ACTIVE
MS005884,2026-08-26 12:10:15+00:00,S04,4,S03,S05,60.0,57.79,1,ACTIVE
MS005885,2026-08-26 12:10:20+00:00,S05,5,S04,S06,60.0,55.38,1,ACTIVE
MS005886,2026-08-26 12:10:25+00:00,S06,6,S05,S07,60.0,58.9,1,ACTIVE
MS005887,2026-08-26 12:10:30+00:00,S07,7,S06,S08,60.0,58.04,1,ACTIVE
MS005888,2026-08-26 12:10:35+00:00,S08,8,S07,S09,60.0,58.14,1,ACTIVE
MS005889,2026-08-26 12:10:40+00:00,S09,9,S08,S10,60.0,55.51,1,ACTIVE
MS005890,2026-08-26 12:10:45+00:00,S10,10,S09,S11,60.0,56.8,1,ACTIVE
MS005891,2026-08-26 12:10:50+00:00,S11,11,S10,S12,60.0,56.48,1,ACTIVE
MS005892,2026-08-26 12:10:55+00:00,S12,12,S11,,60.0,58.71,1,ACTIVE
MS005893,2026-08-26 12:11:00+00:00,S01,1,,S02,60.0,58.1,1,ACTIVE
MS005894,2026-08-26 12:11:05+00:00,S02,2,S01,S03,60.0,56.76,1,ACTIVE
MS005895,2026-08-26 12:11:10+00:00,S03,3,S02,S04,60.0,58.43,1,ACTIVE
MS005896,2026-08-26 12:11:15+00:00,S04,4,S03,S05,60.0,57.79,1,ACTIVE
MS005897,2026-08-26 12:11:20+00:00,S05,5,S04,S06,60.0,55.38,1,ACTIVE
MS005898,2026-08-26 12:11:25+00:00,S06,6,S05,S07,60.0,58.9,1,ACTIVE
MS005899,2026-08-26 12:11:30+00:00,S07,7,S06,S08,60.0,58.04,1,ACTIVE
MS005900,2026-08-26 12:11:35+00:00,S08,8,S07,S09,60.0,58.14,1,ACTIVE
MS005901,2026-08-26 12:11:40+00:00,S09,9,S08,S10,60.0,55.51,1,ACTIVE
MS005902,2026-08-26 12:11:45+00:00,S10,10,S09,S11,60.0,56.8,1,ACTIVE
MS005903,2026-08-26 12:11:50+00:00,S11,11,S10,S12,60.0,56.48,1,ACTIVE
MS005904,2026-08-26 12:11:55+00:00,S12,12,S11,,60.0,58.71,1,ACTIVE
MS005905,2026-08-26 12:12:00+00:00,S01,1,,S02,60.0,58.1,1,ACTIVE
MS005906,2026-08-26 12:12:05+00:00,S02,2,S01,S03,60.0,56.76,1,ACTIVE
MS005907,2026-08-26 12:12:10+00:00,S03,3,S02,S04,60.0,58.43,1,ACTIVE
MS005908,2026-08-26 12:12:15+00:00,S04,4,S03,S05,60.0,57.79,1,ACTIVE
MS005909,2026-08-26 12:12:20+00:00,S05,5,S04,S06,60.0,55.38,1,ACTIVE
MS005910,2026-08-26 12:12:25+00:00,S06,6,S05,S07,60.0,58.9,1,ACTIVE
MS005911,2026-08-26 12:12:30+00:00,S07,7,S06,S08,60.0,58.04,1,ACTIVE
MS005912,2026-08-26 12:12:35+00:00,S08,8,S07,S09,60.0,58.14,1,ACTIVE
MS005913,2026-08-26 12:12:40+00:00,S09,9,S08,S10,60.0,55.51,1,ACTIVE
MS005914,2026-08-26 12:12:45+00:00,S10,10,S09,S11,60.0,56.8,1,ACTIVE
MS005915,2026-08-26 12:12:50+00:00,S11,11,S10,S12,60.0,56.48,1,ACTIVE
MS005916,2026-08-26 12:12:55+00:00,S12,12,S11,,60.0,58.71,1,ACTIVE
MS005917,2026-08-26 12:13:00+00:00,S01,1,,S02,60.0,58.1,1,ACTIVE
MS005918,2026-08-26 12:13:05+00:00,S02,2,S01,S03,60.0,56.76,1,ACTIVE
MS005919,2026-08-26 12:13:10+00:00,S03,3,S02,S04,60.0,58.43,1,ACTIVE
MS005920,2026-08-26 12:13:15+00:00,S04,4,S03,S05,60.0,57.79,1,ACTIVE
MS005921,2026-08-26 12:13:20+00:00,S05,5,S04,S06,60.0,55.38,1,ACTIVE
MS005922,2026-08-26 12:13:25+00:00,S06,6,S05,S07,60.0,58.9,1,ACTIVE
MS005923,2026-08-26 12:13:30+00:00,S07,7,S06,S08,60.0,58.04,1,ACTIVE
MS005924,2026-08-26 12:13:35+00:00,S08,8,S07,S09,60.0,58.14,1,ACTIVE
MS005925,2026-08-26 12:13:40+00:00,S09,9,S08,S10,60.0,55.51,1,ACTIVE
MS005926,2026-08-26 12:13:45+00:00,S10,10,S09,S11,60.0,56.8,1,ACTIVE
MS005927,2026-08-26 12:13:50+00:00,S11,11,S10,S12,60.0,56.48,1,ACTIVE
MS005928,2026-08-26 12:13:55+00:00,S12,12,S11,,60.0,58.71,1,ACTIVE
MS005929,2026-08-26 12:14:00+00:00,S01,1,,S02,60.0,58.1,1,ACTIVE
MS005930,2026-08-26 12:14:05+00:00,S02,2,S01,S03,60.0,56.76,1,ACTIVE
MS005931,2026-08-26 12:14:10+00:00,S03,3,S02,S04,60.0,58.43,1,ACTIVE
MS005932,2026-08-26 12:14:15+00:00,S04,4,S03,S05,60.0,57.79,1,ACTIVE
MS005933,2026-08-26 12:14:20+00:00,S05,5,S04,S06,60.0,55.38,1,ACTIVE
MS005934,2026-08-26 12:14:25+00:00,S06,6,S05,S07,60.0,58.9,1,ACTIVE
MS005935,2026-08-26 12:14:30+00:00,S07,7,S06,S08,60.0,58.04,1,ACTIVE
MS005936,2026-08-26 12:14:35+00:00,S08,8,S07,S09,60.0,58.14,1,ACTIVE
MS005937,2026-08-26 12:14:40+00:00,S09,9,S08,S10,60.0,55.51,1,ACTIVE
MS005938,2026-08-26 12:14:45+00:00,S10,10,S09,S11,60.0,56.8,1,ACTIVE
MS005939,2026-08-26 12:14:50+00:00,S11,11,S10,S12,60.0,56.48,1,ACTIVE
MS005940,2026-08-26 12:14:55+00:00,S12,12,S11,,60.0,58.71,1,ACTIVE
MS005941,2026-08-26 12:15:00+00:00,S01,1,,S02,60.0,58.1,1,ACTIVE
MS005942,2026-08-26 12:15:05+00:00,S02,2,S01,S03,60.0,56.76,1,ACTIVE
MS005943,2026-08-26 12:15:10+00:00,S03,3,S02,S04,60.0,58.43,1,ACTIVE
MS005944,2026-08-26 12:15:15+00:00,S04,4,S03,S05,60.0,57.79,1,ACTIVE
MS005945,2026-08-26 12:15:20+00:00,S05,5,S04,S06,60.0,55.38,1,ACTIVE
MS005946,2026-08-26 12:15:25+00:00,S06,6,S05,S07,60.0,58.9,1,ACTIVE
MS005947,2026-08-26 12:15:30+00:00,S07,7,S06,S08,60.0,58.04,1,ACTIVE
MS005948,2026-08-26 12:15:35+00:00,S08,8,S07,S09,60.0,58.14,1,ACTIVE
MS005949,2026-08-26 12:15:40+00:00,S09,9,S08,S10,60.0,55.51,1,ACTIVE
MS005950,2026-08-26 12:15:45+00:00,S10,10,S09,S11,60.0,56.8,1,ACTIVE
MS005951,2026-08-26 12:15:50+00:00,S11,11,S10,S12,60.0,56.48,1,ACTIVE
MS005952,2026-08-26 12:15:55+00:00,S12,12,S11,,60.0,58.71,1,ACTIVE
MS005953,2026-08-26 12:16:00+00:00,S01,1,,S02,60.0,58.1,1,ACTIVE
MS005954,2026-08-26 12:16:05+00:00,S02,2,S01,S03,60.0,56.76,1,ACTIVE
MS005955,2026-08-26 12:16:10+00:00,S03,3,S02,S04,60.0,58.43,1,ACTIVE
MS005956,2026-08-26 12:16:15+00:00,S04,4,S03,S05,60.0,57.79,1,ACTIVE
MS005957,2026-08-26 12:16:20+00:00,S05,5,S04,S06,60.0,55.38,1,ACTIVE
MS005958,2026-08-26 12:16:25+00:00,S06,6,S05,S07,60.0,58.9,1,ACTIVE
MS005959,2026-08-26 12:16:30+00:00,S07,7,S06,S08,60.0,58.04,1,ACTIVE
MS005960,2026-08-26 12:16:35+00:00,S08,8,S07,S09,60.0,58.14,1,ACTIVE
MS005961,2026-08-26 12:16:40+00:00,S09,9,S08,S10,60.0,55.51,1,ACTIVE
MS005962,2026-08-26 12:16:45+00:00,S10,10,S09,S11,60.0,56.8,1,ACTIVE
MS005963,2026-08-26 12:16:50+00:00,S11,11,S10,S12,60.0,56.48,1,ACTIVE
MS005964,2026-08-26 12:16:55+00:00,S12,12,S11,,60.0,58.71,1,ACTIVE
MS005965,2026-08-26 12:17:00+00:00,S01,1,,S02,60.0,58.1,1,ACTIVE
MS005966,2026-08-26 12:17:05+00:00,S02,2,S01,S03,60.0,56.76,1,ACTIVE
MS005967,2026-08-26 12:17:10+00:00,S03,3,S02,S04,60.0,58.43,1,ACTIVE
MS005968,2026-08-26 12:17:15+00:00,S04,4,S03,S05,60.0,57.79,1,ACTIVE
MS005969,2026-08-26 12:17:20+00:00,S05,5,S04,S06,60.0,55.38,1,ACTIVE
MS005970,2026-08-26 12:17:25+00:00,S06,6,S05,S07,60.0,58.9,1,ACTIVE
MS005971,2026-08-26 12:17:30+00:00,S07,7,S06,S08,60.0,58.04,1,ACTIVE
MS005972,2026-08-26 12:17:35+00:00,S08,8,S07,S09,60.0,58.14,1,ACTIVE
MS005973,2026-08-26 12:17:40+00:00,S09,9,S08,S10,60.0,55.51,1,ACTIVE
MS005974,2026-08-26 12:17:45+00:00,S10,10,S09,S11,60.0,56.8,1,ACTIVE
MS005975,2026-08-26 12:17:50+00:00,S11,11,S10,S12,60.0,56.48,1,ACTIVE
MS005976,2026-08-26 12:17:55+00:00,S12,12,S11,,60.0,58.71,1,ACTIVE
MS005977,2026-08-26 12:18:00+00:00,S01,1,,S02,60.0,58.1,1,ACTIVE
MS005978,2026-08-26 12:18:05+00:00,S02,2,S01,S03,60.0,56.76,1,ACTIVE
MS005979,2026-08-26 12:18:10+00:00,S03,3,S02,S04,60.0,58.43,1,ACTIVE
MS005980,2026-08-26 12:18:15+00:00,S04,4,S03,S05,60.0,57.79,1,ACTIVE
MS005981,2026-08-26 12:18:20+00:00,S05,5,S04,S06,60.0,55.38,1,ACTIVE
MS005982,2026-08-26 12:18:25+00:00,S06,6,S05,S07,60.0,58.9,1,ACTIVE
MS005983,2026-08-26 12:18:30+00:00,S07,7,S06,S08,60.0,58.04,1,ACTIVE
MS005984,2026-08-26 12:18:35+00:00,S08,8,S07,S09,60.0,58.14,1,ACTIVE
MS005985,2026-08-26 12:18:40+00:00,S09,9,S08,S10,60.0,55.51,1,ACTIVE
MS005986,2026-08-26 12:18:45+00:00,S10,10,S09,S11,60.0,56.8,1,ACTIVE
MS005987,2026-08-26 12:18:50+00:00,S11,11,S10,S12,60.0,56.48,1,ACTIVE
MS005988,2026-08-26 12:18:55+00:00,S12,12,S11,,60.0,58.71,1,ACTIVE
MS005989,2026-08-26 12:19:00+00:00,S01,1,,S02,60.0,58.1,1,ACTIVE
MS005990,2026-08-26 12:19:05+00:00,S02,2,S01,S03,60.0,56.76,1,ACTIVE
MS005991,2026-08-26 12:19:10+00:00,S03,3,S02,S04,60.0,58.43,1,ACTIVE
MS005992,2026-08-26 12:19:15+00:00,S04,4,S03,S05,60.0,57.79,1,ACTIVE
MS005993,2026-08-26 12:19:20+00:00,S05,5,S04,S06,60.0,55.38,1,ACTIVE
MS005994,2026-08-26 12:19:25+00:00,S06,6,S05,S07,60.0,58.9,1,ACTIVE
MS005995,2026-08-26 12:19:30+00:00,S07,7,S06,S08,60.0,58.04,1,ACTIVE
MS005996,2026-08-26 12:19:35+00:00,S08,8,S07,S09,60.0,58.14,1,ACTIVE
MS005997,2026-08-26 12:19:40+00:00,S09,9,S08,S10,60.0,55.51,1,ACTIVE
MS005998,2026-08-26 12:19:45+00:00,S10,10,S09,S11,60.0,56.8,1,ACTIVE
MS005999,2026-08-26 12:19:50+00:00,S11,11,S10,S12,60.0,56.48,1,ACTIVE
MS006000,2026-08-26 12:19:55+00:00,S12,12,S11,,60.0,58.71,1,ACTIVE
MS006001,2026-08-26 12:20:00+00:00,S01,1,,S02,60.0,58.1,1,ACTIVE
MS006002,2026-08-26 12:20:05+00:00,S02,2,S01,S03,60.0,56.76,1,ACTIVE
MS006003,2026-08-26 12:20:10+00:00,S03,3,S02,S04,60.0,58.43,1,ACTIVE
MS006004,2026-08-26 12:20:15+00:00,S04,4,S03,S05,60.0,57.79,1,ACTIVE
MS006005,2026-08-26 12:20:20+00:00,S05,5,S04,S06,60.0,55.38,1,ACTIVE
MS006006,2026-08-26 12:20:25+00:00,S06,6,S05,S07,60.0,58.9,1,ACTIVE
MS006007,2026-08-26 12:20:30+00:00,S07,7,S06,S08,60.0,58.04,1,ACTIVE
MS006008,2026-08-26 12:20:35+00:00,S08,8,S07,S09,60.0,58.14,1,ACTIVE
MS006009,2026-08-26 12:20:40+00:00,S09,9,S08,S10,60.0,55.51,1,ACTIVE
MS006010,2026-08-26 12:20:45+00:00,S10,10,S09,S11,60.0,56.8,1,ACTIVE
MS006011,2026-08-26 12:20:50+00:00,S11,11,S10,S12,60.0,56.48,1,ACTIVE
MS006012,2026-08-26 12:20:55+00:00,S12,12,S11,,60.0,58.71,1,ACTIVE
MS006013,2026-08-26 12:21:00+00:00,S01,1,,S02,60.0,58.1,1,ACTIVE
MS006014,2026-08-26 12:21:05+00:00,S02,2,S01,S03,60.0,56.76,1,ACTIVE
MS006015,2026-08-26 12:21:10+00:00,S03,3,S02,S04,60.0,58.43,1,ACTIVE
MS006016,2026-08-26 12:21:15+00:00,S04,4,S03,S05,60.0,57.79,1,ACTIVE
MS006017,2026-08-26 12:21:20+00:00,S05,5,S04,S06,60.0,55.38,1,ACTIVE
MS006018,2026-08-26 12:21:25+00:00,S06,6,S05,S07,60.0,58.9,1,ACTIVE
MS006019,2026-08-26 12:21:30+00:00,S07,7,S06,S08,60.0,58.04,1,ACTIVE
MS006020,2026-08-26 12:21:35+00:00,S08,8,S07,S09,60.0,58.14,1,ACTIVE
MS006021,2026-08-26 12:21:40+00:00,S09,9,S08,S10,60.0,55.51,1,ACTIVE
MS006022,2026-08-26 12:21:45+00:00,S10,10,S09,S11,60.0,56.8,1,ACTIVE
MS006023,2026-08-26 12:21:50+00:00,S11,11,S10,S12,60.0,56.48,1,ACTIVE
MS006024,2026-08-26 12:21:55+00:00,S12,12,S11,,60.0,58.71,1,ACTIVE
MS006025,2026-08-26 12:22:00+00:00,S01,1,,S02,60.0,58.1,1,ACTIVE
MS006026,2026-08-26 12:22:05+00:00,S02,2,S01,S03,60.0,56.76,1,ACTIVE
MS006027,2026-08-26 12:22:10+00:00,S03,3,S02,S04,60.0,58.43,1,ACTIVE
MS006028,2026-08-26 12:22:15+00:00,S04,4,S03,S05,60.0,57.79,1,ACTIVE
MS006029,2026-08-26 12:22:20+00:00,S05,5,S04,S06,60.0,55.38,1,ACTIVE
MS006030,2026-08-26 12:22:25+00:00,S06,6,S05,S07,60.0,58.9,1,ACTIVE
MS006031,2026-08-26 12:22:30+00:00,S07,7,S06,S08,60.0,58.04,1,ACTIVE
MS006032,2026-08-26 12:22:35+00:00,S08,8,S07,S09,60.0,58.14,1,ACTIVE
MS006033,2026-08-26 12:22:40+00:00,S09,9,S08,S10,60.0,55.51,1,ACTIVE
MS006034,2026-08-26 12:22:45+00:00,S10,10,S09,S11,60.0,56.8,1,ACTIVE
MS006035,2026-08-26 12:22:50+00:00,S11,11,S10,S12,60.0,56.48,1,ACTIVE
MS006036,2026-08-26 12:22:55+00:00,S12,12,S11,,60.0,58.71,1,ACTIVE
MS006037,2026-08-26 12:23:00+00:00,S01,1,,S02,60.0,58.1,1,ACTIVE
MS006038,2026-08-26 12:23:05+00:00,S02,2,S01,S03,60.0,56.76,1,ACTIVE
MS006039,2026-08-26 12:23:10+00:00,S03,3,S02,S04,60.0,58.43,1,ACTIVE
MS006040,2026-08-26 12:23:15+00:00,S04,4,S03,S05,60.0,57.79,1,ACTIVE
MS006041,2026-08-26 12:23:20+00:00,S05,5,S04,S06,60.0,55.38,1,ACTIVE
MS006042,2026-08-26 12:23:25+00:00,S06,6,S05,S07,60.0,58.9,1,ACTIVE
MS006043,2026-08-26 12:23:30+00:00,S07,7,S06,S08,60.0,58.04,1,ACTIVE
MS006044,2026-08-26 12:23:35+00:00,S08,8,S07,S09,60.0,58.14,1,ACTIVE
MS006045,2026-08-26 12:23:40+00:00,S09,9,S08,S10,60.0,55.51,1,ACTIVE
MS006046,2026-08-26 12:23:45+00:00,S10,10,S09,S11,60.0,56.8,1,ACTIVE
MS006047,2026-08-26 12:23:50+00:00,S11,11,S10,S12,60.0,56.48,1,ACTIVE
MS006048,2026-08-26 12:23:55+00:00,S12,12,S11,,60.0,58.71,1,ACTIVE
MS006049,2026-08-26 12:24:00+00:00,S01,1,,S02,60.0,58.1,1,ACTIVE
MS006050,2026-08-26 12:24:05+00:00,S02,2,S01,S03,60.0,56.76,1,ACTIVE
MS006051,2026-08-26 12:24:10+00:00,S03,3,S02,S04,60.0,58.43,1,ACTIVE
MS006052,2026-08-26 12:24:15+00:00,S04,4,S03,S05,60.0,57.79,1,ACTIVE
MS006053,2026-08-26 12:24:20+00:00,S05,5,S04,S06,60.0,55.38,1,ACTIVE
MS006054,2026-08-26 12:24:25+00:00,S06,6,S05,S07,60.0,58.9,1,ACTIVE
MS006055,2026-08-26 12:24:30+00:00,S07,7,S06,S08,60.0,58.04,1,ACTIVE
MS006056,2026-08-26 12:24:35+00:00,S08,8,S07,S09,60.0,58.14,1,ACTIVE
MS006057,2026-08-26 12:24:40+00:00,S09,9,S08,S10,60.0,55.51,1,ACTIVE
MS006058,2026-08-26 12:24:45+00:00,S10,10,S09,S11,60.0,56.8,1,ACTIVE
MS006059,2026-08-26 12:24:50+00:00,S11,11,S10,S12,60.0,56.48,1,ACTIVE
MS006060,2026-08-26 12:24:55+00:00,S12,12,S11,,60.0,58.71,1,ACTIVE
MS006061,2026-08-26 12:25:00+00:00,S01,1,,S02,60.0,58.1,1,ACTIVE
MS006062,2026-08-26 12:25:05+00:00,S02,2,S01,S03,60.0,56.76,1,ACTIVE
MS006063,2026-08-26 12:25:10+00:00,S03,3,S02,S04,60.0,58.43,1,ACTIVE
MS006064,2026-08-26 12:25:15+00:00,S04,4,S03,S05,60.0,57.79,1,ACTIVE
MS006065,2026-08-26 12:25:20+00:00,S05,5,S04,S06,60.0,55.38,1,ACTIVE
MS006066,2026-08-26 12:25:25+00:00,S06,6,S05,S07,60.0,58.9,1,ACTIVE
MS006067,2026-08-26 12:25:30+00:00,S07,7,S06,S08,60.0,58.04,1,ACTIVE
MS006068,2026-08-26 12:25:35+00:00,S08,8,S07,S09,60.0,58.14,1,ACTIVE
MS006069,2026-08-26 12:25:40+00:00,S09,9,S08,S10,60.0,55.51,1,ACTIVE
MS006070,2026-08-26 12:25:45+00:00,S10,10,S09,S11,60.0,56.8,1,ACTIVE
MS006071,2026-08-26 12:25:50+00:00,S11,11,S10,S12,60.0,56.48,1,ACTIVE
MS006072,2026-08-26 12:25:55+00:00,S12,12,S11,,60.0,58.71,1,ACTIVE
MS006073,2026-08-26 12:26:00+00:00,S01,1,,S02,60.0,58.1,1,ACTIVE
MS006074,2026-08-26 12:26:05+00:00,S02,2,S01,S03,60.0,56.76,1,ACTIVE
MS006075,2026-08-26 12:26:10+00:00,S03,3,S02,S04,60.0,58.43,1,ACTIVE
MS006076,2026-08-26 12:26:15+00:00,S04,4,S03,S05,60.0,57.79,1,ACTIVE
MS006077,2026-08-26 12:26:20+00:00,S05,5,S04,S06,60.0,55.38,1,ACTIVE
MS006078,2026-08-26 12:26:25+00:00,S06,6,S05,S07,60.0,58.9,1,ACTIVE
MS006079,2026-08-26 12:26:30+00:00,S07,7,S06,S08,60.0,58.04,1,ACTIVE
MS006080,2026-08-26 12:26:35+00:00,S08,8,S07,S09,60.0,58.14,1,ACTIVE
MS006081,2026-08-26 12:26:40+00:00,S09,9,S08,S10,60.0,55.51,1,ACTIVE
MS006082,2026-08-26 12:26:45+00:00,S10,10,S09,S11,60.0,56.8,1,ACTIVE
MS006083,2026-08-26 12:26:50+00:00,S11,11,S10,S12,60.0,56.48,1,ACTIVE
MS006084,2026-08-26 12:26:55+00:00,S12,12,S11,,60.0,58.71,1,ACTIVE
MS006085,2026-08-26 12:27:00+00:00,S01,1,,S02,60.0,58.1,1,ACTIVE
MS006086,2026-08-26 12:27:05+00:00,S02,2,S01,S03,60.0,56.76,1,ACTIVE
MS006087,2026-08-26 12:27:10+00:00,S03,3,S02,S04,60.0,58.43,1,ACTIVE
MS006088,2026-08-26 12:27:15+00:00,S04,4,S03,S05,60.0,57.79,1,ACTIVE
MS006089,2026-08-26 12:27:20+00:00,S05,5,S04,S06,60.0,55.38,1,ACTIVE
MS006090,2026-08-26 12:27:25+00:00,S06,6,S05,S07,60.0,58.9,1,ACTIVE
MS006091,2026-08-26 12:27:30+00:00,S07,7,S06,S08,60.0,58.04,1,ACTIVE
MS006092,2026-08-26 12:27:35+00:00,S08,8,S07,S09,60.0,58.14,1,ACTIVE
MS006093,2026-08-26 12:27:40+00:00,S09,9,S08,S10,60.0,55.51,1,ACTIVE
MS006094,2026-08-26 12:27:45+00:00,S10,10,S09,S11,60.0,56.8,1,ACTIVE
MS006095,2026-08-26 12:27:50+00:00,S11,11,S10,S12,60.0,56.48,1,ACTIVE
MS006096,2026-08-26 12:27:55+00:00,S12,12,S11,,60.0,58.71,1,ACTIVE
MS006097,2026-08-26 12:28:00+00:00,S01,1,,S02,60.0,58.1,1,ACTIVE
MS006098,2026-08-26 12:28:05+00:00,S02,2,S01,S03,60.0,56.76,1,ACTIVE
MS006099,2026-08-26 12:28:10+00:00,S03,3,S02,S04,60.0,58.43,1,ACTIVE
MS006100,2026-08-26 12:28:15+00:00,S04,4,S03,S05,60.0,57.79,1,ACTIVE
MS006101,2026-08-26 12:28:20+00:00,S05,5,S04,S06,60.0,55.38,1,ACTIVE
MS006102,2026-08-26 12:28:25+00:00,S06,6,S05,S07,60.0,58.9,1,ACTIVE
MS006103,2026-08-26 12:28:30+00:00,S07,7,S06,S08,60.0,58.04,1,ACTIVE
MS006104,2026-08-26 12:28:35+00:00,S08,8,S07,S09,60.0,58.14,1,ACTIVE
MS006105,2026-08-26 12:28:40+00:00,S09,9,S08,S10,60.0,55.51,1,ACTIVE
MS006106,2026-08-26 12:28:45+00:00,S10,10,S09,S11,60.0,56.8,1,ACTIVE
MS006107,2026-08-26 12:28:50+00:00,S11,11,S10,S12,60.0,56.48,1,ACTIVE
MS006108,2026-08-26 12:28:55+00:00,S12,12,S11,,60.0,58.71,1,ACTIVE
MS006109,2026-08-26 12:29:00+00:00,S01,1,,S02,60.0,58.1,1,ACTIVE
MS006110,2026-08-26 12:29:05+00:00,S02,2,S01,S03,60.0,56.76,1,ACTIVE
MS006111,2026-08-26 12:29:10+00:00,S03,3,S02,S04,60.0,58.43,1,ACTIVE
MS006112,2026-08-26 12:29:15+00:00,S04,4,S03,S05,60.0,57.79,1,ACTIVE
MS006113,2026-08-26 12:29:20+00:00,S05,5,S04,S06,60.0,55.38,1,ACTIVE
MS006114,2026-08-26 12:29:25+00:00,S06,6,S05,S07,60.0,58.9,1,ACTIVE
MS006115,2026-08-26 12:29:30+00:00,S07,7,S06,S08,60.0,58.04,1,ACTIVE
MS006116,2026-08-26 12:29:35+00:00,S08,8,S07,S09,60.0,58.14,1,ACTIVE
MS006117,2026-08-26 12:29:40+00:00,S09,9,S08,S10,60.0,55.51,1,ACTIVE
MS006118,2026-08-26 12:29:45+00:00,S10,10,S09,S11,60.0,56.8,1,ACTIVE
MS006119,2026-08-26 12:29:50+00:00,S11,11,S10,S12,60.0,56.48,1,ACTIVE
MS006120,2026-08-26 12:29:55+00:00,S12,12,S11,,60.0,58.71,1,ACTIVE
MS006121,2026-08-26 12:30:00+00:00,S01,1,,S02,60.0,58.1,1,ACTIVE
MS006122,2026-08-26 12:30:05+00:00,S02,2,S01,S03,60.0,56.76,1,ACTIVE
MS006123,2026-08-26 12:30:10+00:00,S03,3,S02,S04,60.0,58.43,1,ACTIVE
MS006124,2026-08-26 12:30:15+00:00,S04,4,S03,S05,60.0,57.79,1,ACTIVE
MS006125,2026-08-26 12:30:20+00:00,S05,5,S04,S06,60.0,55.38,1,ACTIVE
MS006126,2026-08-26 12:30:25+00:00,S06,6,S05,S07,60.0,58.9,1,ACTIVE
MS006127,2026-08-26 12:30:30+00:00,S07,7,S06,S08,60.0,58.04,1,ACTIVE
MS006128,2026-08-26 12:30:35+00:00,S08,8,S07,S09,60.0,58.14,1,ACTIVE
MS006129,2026-08-26 12:30:40+00:00,S09,9,S08,S10,60.0,55.51,1,ACTIVE
MS006130,2026-08-26 12:30:45+00:00,S10,10,S09,S11,60.0,56.8,1,ACTIVE
MS006131,2026-08-26 12:30:50+00:00,S11,11,S10,S12,60.0,56.48,1,ACTIVE
MS006132,2026-08-26 12:30:55+00:00,S12,12,S11,,60.0,58.71,1,ACTIVE
MS006133,2026-08-26 12:31:00+00:00,S01,1,,S02,60.0,58.1,1,ACTIVE
MS006134,2026-08-26 12:31:05+00:00,S02,2,S01,S03,60.0,56.76,1,ACTIVE
MS006135,2026-08-26 12:31:10+00:00,S03,3,S02,S04,60.0,58.43,1,ACTIVE
MS006136,2026-08-26 12:31:15+00:00,S04,4,S03,S05,60.0,57.79,1,ACTIVE
MS006137,2026-08-26 12:31:20+00:00,S05,5,S04,S06,60.0,55.38,1,ACTIVE
MS006138,2026-08-26 12:31:25+00:00,S06,6,S05,S07,60.0,58.9,1,ACTIVE
MS006139,2026-08-26 12:31:30+00:00,S07,7,S06,S08,60.0,58.04,1,ACTIVE
MS006140,2026-08-26 12:31:35+00:00,S08,8,S07,S09,60.0,58.14,1,ACTIVE
MS006141,2026-08-26 12:31:40+00:00,S09,9,S08,S10,60.0,55.51,1,ACTIVE
MS006142,2026-08-26 12:31:45+00:00,S10,10,S09,S11,60.0,56.8,1,ACTIVE
MS006143,2026-08-26 12:31:50+00:00,S11,11,S10,S12,60.0,56.48,1,ACTIVE
MS006144,2026-08-26 12:31:55+00:00,S12,12,S11,,60.0,58.71,1,ACTIVE
MS006145,2026-08-26 12:32:00+00:00,S01,1,,S02,60.0,58.1,1,ACTIVE
MS006146,2026-08-26 12:32:05+00:00,S02,2,S01,S03,60.0,56.76,1,ACTIVE
MS006147,2026-08-26 12:32:10+00:00,S03,3,S02,S04,60.0,58.43,1,ACTIVE
MS006148,2026-08-26 12:32:15+00:00,S04,4,S03,S05,60.0,57.79,1,ACTIVE
MS006149,2026-08-26 12:32:20+00:00,S05,5,S04,S06,60.0,55.38,1,ACTIVE
MS006150,2026-08-26 12:32:25+00:00,S06,6,S05,S07,60.0,58.9,1,ACTIVE
MS006151,2026-08-26 12:32:30+00:00,S07,7,S06,S08,60.0,58.04,1,ACTIVE
MS006152,2026-08-26 12:32:35+00:00,S08,8,S07,S09,60.0,58.14,1,ACTIVE
MS006153,2026-08-26 12:32:40+00:00,S09,9,S08,S10,60.0,55.51,1,ACTIVE
MS006154,2026-08-26 12:32:45+00:00,S10,10,S09,S11,60.0,56.8,1,ACTIVE
MS006155,2026-08-26 12:32:50+00:00,S11,11,S10,S12,60.0,56.48,1,ACTIVE
MS006156,2026-08-26 12:32:55+00:00,S12,12,S11,,60.0,58.71,1,ACTIVE
MS006157,2026-08-26 12:33:00+00:00,S01,1,,S02,60.0,58.1,1,ACTIVE
MS006158,2026-08-26 12:33:05+00:00,S02,2,S01,S03,60.0,56.76,1,ACTIVE
MS006159,2026-08-26 12:33:10+00:00,S03,3,S02,S04,60.0,58.43,1,ACTIVE
MS006160,2026-08-26 12:33:15+00:00,S04,4,S03,S05,60.0,57.79,1,ACTIVE
MS006161,2026-08-26 12:33:20+00:00,S05,5,S04,S06,60.0,55.38,1,ACTIVE
MS006162,2026-08-26 12:33:25+00:00,S06,6,S05,S07,60.0,58.9,1,ACTIVE
MS006163,2026-08-26 12:33:30+00:00,S07,7,S06,S08,60.0,58.04,1,ACTIVE
MS006164,2026-08-26 12:33:35+00:00,S08,8,S07,S09,60.0,58.14,1,ACTIVE
MS006165,2026-08-26 12:33:40+00:00,S09,9,S08,S10,60.0,55.51,1,ACTIVE
MS006166,2026-08-26 12:33:45+00:00,S10,10,S09,S11,60.0,56.8,1,ACTIVE
MS006167,2026-08-26 12:33:50+00:00,S11,11,S10,S12,60.0,56.48,1,ACTIVE
MS006168,2026-08-26 12:33:55+00:00,S12,12,S11,,60.0,58.71,1,ACTIVE
MS006169,2026-08-26 12:34:00+00:00,S01,1,,S02,60.0,58.1,1,ACTIVE
MS006170,2026-08-26 12:34:05+00:00,S02,2,S01,S03,60.0,56.76,1,ACTIVE
MS006171,2026-08-26 12:34:10+00:00,S03,3,S02,S04,60.0,58.43,1,ACTIVE
MS006172,2026-08-26 12:34:15+00:00,S04,4,S03,S05,60.0,57.79,1,ACTIVE
MS006173,2026-08-26 12:34:20+00:00,S05,5,S04,S06,60.0,55.38,1,ACTIVE
MS006174,2026-08-26 12:34:25+00:00,S06,6,S05,S07,60.0,58.9,1,ACTIVE
MS006175,2026-08-26 12:34:30+00:00,S07,7,S06,S08,60.0,58.04,1,ACTIVE
MS006176,2026-08-26 12:34:35+00:00,S08,8,S07,S09,60.0,58.14,1,ACTIVE
MS006177,2026-08-26 12:34:40+00:00,S09,9,S08,S10,60.0,55.51,1,ACTIVE
MS006178,2026-08-26 12:34:45+00:00,S10,10,S09,S11,60.0,56.8,1,ACTIVE
MS006179,2026-08-26 12:34:50+00:00,S11,11,S10,S12,60.0,56.48,1,ACTIVE
MS006180,2026-08-26 12:34:55+00:00,S12,12,S11,,60.0,58.71,1,ACTIVE
MS006181,2026-08-26 12:35:00+00:00,S01,1,,S02,60.0,58.1,1,ACTIVE
MS006182,2026-08-26 12:35:05+00:00,S02,2,S01,S03,60.0,56.76,1,ACTIVE
MS006183,2026-08-26 12:35:10+00:00,S03,3,S02,S04,60.0,58.43,1,ACTIVE
MS006184,2026-08-26 12:35:15+00:00,S04,4,S03,S05,60.0,57.79,1,ACTIVE
MS006185,2026-08-26 12:35:20+00:00,S05,5,S04,S06,60.0,55.38,1,ACTIVE
MS006186,2026-08-26 12:35:25+00:00,S06,6,S05,S07,60.0,58.9,1,ACTIVE
MS006187,2026-08-26 12:35:30+00:00,S07,7,S06,S08,60.0,58.04,1,ACTIVE
MS006188,2026-08-26 12:35:35+00:00,S08,8,S07,S09,60.0,58.14,1,ACTIVE
MS006189,2026-08-26 12:35:40+00:00,S09,9,S08,S10,60.0,55.51,1,ACTIVE
MS006190,2026-08-26 12:35:45+00:00,S10,10,S09,S11,60.0,56.8,1,ACTIVE
MS006191,2026-08-26 12:35:50+00:00,S11,11,S10,S12,60.0,56.48,1,ACTIVE
MS006192,2026-08-26 12:35:55+00:00,S12,12,S11,,60.0,58.71,1,ACTIVE
MS006193,2026-08-26 12:36:00+00:00,S01,1,,S02,60.0,58.1,1,ACTIVE
MS006194,2026-08-26 12:36:05+00:00,S02,2,S01,S03,60.0,56.76,1,ACTIVE
MS006195,2026-08-26 12:36:10+00:00,S03,3,S02,S04,60.0,58.43,1,ACTIVE
MS006196,2026-08-26 12:36:15+00:00,S04,4,S03,S05,60.0,57.79,1,ACTIVE
MS006197,2026-08-26 12:36:20+00:00,S05,5,S04,S06,60.0,55.38,1,ACTIVE
MS006198,2026-08-26 12:36:25+00:00,S06,6,S05,S07,60.0,58.9,1,ACTIVE
MS006199,2026-08-26 12:36:30+00:00,S07,7,S06,S08,60.0,58.04,1,ACTIVE
MS006200,2026-08-26 12:36:35+00:00,S08,8,S07,S09,60.0,58.14,1,ACTIVE
MS006201,2026-08-26 12:36:40+00:00,S09,9,S08,S10,60.0,55.51,1,ACTIVE
MS006202,2026-08-26 12:36:45+00:00,S10,10,S09,S11,60.0,56.8,1,ACTIVE
MS006203,2026-08-26 12:36:50+00:00,S11,11,S10,S12,60.0,56.48,1,ACTIVE
MS006204,2026-08-26 12:36:55+00:00,S12,12,S11,,60.0,58.71,1,ACTIVE
MS006205,2026-08-26 12:37:00+00:00,S01,1,,S02,60.0,58.1,1,ACTIVE
MS006206,2026-08-26 12:37:05+00:00,S02,2,S01,S03,60.0,56.76,1,ACTIVE
MS006207,2026-08-26 12:37:10+00:00,S03,3,S02,S04,60.0,58.43,1,ACTIVE
MS006208,2026-08-26 12:37:15+00:00,S04,4,S03,S05,60.0,57.79,1,ACTIVE
MS006209,2026-08-26 12:37:20+00:00,S05,5,S04,S06,60.0,55.38,1,ACTIVE
MS006210,2026-08-26 12:37:25+00:00,S06,6,S05,S07,60.0,58.9,1,ACTIVE
MS006211,2026-08-26 12:37:30+00:00,S07,7,S06,S08,60.0,58.04,1,ACTIVE
MS006212,2026-08-26 12:37:35+00:00,S08,8,S07,S09,60.0,58.14,1,ACTIVE
MS006213,2026-08-26 12:37:40+00:00,S09,9,S08,S10,60.0,55.51,1,ACTIVE
MS006214,2026-08-26 12:37:45+00:00,S10,10,S09,S11,60.0,56.8,1,ACTIVE
MS006215,2026-08-26 12:37:50+00:00,S11,11,S10,S12,60.0,56.48,1,ACTIVE
MS006216,2026-08-26 12:37:55+00:00,S12,12,S11,,60.0,58.71,1,ACTIVE
MS006217,2026-08-26 12:38:00+00:00,S01,1,,S02,60.0,58.1,1,ACTIVE
MS006218,2026-08-26 12:38:05+00:00,S02,2,S01,S03,60.0,56.76,1,ACTIVE
MS006219,2026-08-26 12:38:10+00:00,S03,3,S02,S04,60.0,58.43,1,ACTIVE
MS006220,2026-08-26 12:38:15+00:00,S04,4,S03,S05,60.0,57.79,1,ACTIVE
MS006221,2026-08-26 12:38:20+00:00,S05,5,S04,S06,60.0,55.38,1,ACTIVE
MS006222,2026-08-26 12:38:25+00:00,S06,6,S05,S07,60.0,58.9,1,ACTIVE
MS006223,2026-08-26 12:38:30+00:00,S07,7,S06,S08,60.0,58.04,1,ACTIVE
MS006224,2026-08-26 12:38:35+00:00,S08,8,S07,S09,60.0,58.14,1,ACTIVE
MS006225,2026-08-26 12:38:40+00:00,S09,9,S08,S10,60.0,55.51,1,ACTIVE
MS006226,2026-08-26 12:38:45+00:00,S10,10,S09,S11,60.0,56.8,1,ACTIVE
MS006227,2026-08-26 12:38:50+00:00,S11,11,S10,S12,60.0,56.48,1,ACTIVE
MS006228,2026-08-26 12:38:55+00:00,S12,12,S11,,60.0,58.71,1,ACTIVE
MS006229,2026-08-26 12:39:00+00:00,S01,1,,S02,60.0,58.1,1,ACTIVE
MS006230,2026-08-26 12:39:05+00:00,S02,2,S01,S03,60.0,56.76,1,ACTIVE
MS006231,2026-08-26 12:39:10+00:00,S03,3,S02,S04,60.0,58.43,1,ACTIVE
MS006232,2026-08-26 12:39:15+00:00,S04,4,S03,S05,60.0,57.79,1,ACTIVE
MS006233,2026-08-26 12:39:20+00:00,S05,5,S04,S06,60.0,55.38,1,ACTIVE
MS006234,2026-08-26 12:39:25+00:00,S06,6,S05,S07,60.0,58.9,1,ACTIVE
MS006235,2026-08-26 12:39:30+00:00,S07,7,S06,S08,60.0,58.04,1,ACTIVE
MS006236,2026-08-26 12:39:35+00:00,S08,8,S07,S09,60.0,58.14,1,ACTIVE
MS006237,2026-08-26 12:39:40+00:00,S09,9,S08,S10,60.0,55.51,1,ACTIVE
MS006238,2026-08-26 12:39:45+00:00,S10,10,S09,S11,60.0,56.8,1,ACTIVE
MS006239,2026-08-26 12:39:50+00:00,S11,11,S10,S12,60.0,56.48,1,ACTIVE
MS006240,2026-08-26 12:39:55+00:00,S12,12,S11,,60.0,58.71,1,ACTIVE
MS006241,2026-08-26 12:40:00+00:00,S01,1,,S02,60.0,58.1,1,ACTIVE
MS006242,2026-08-26 12:40:05+00:00,S02,2,S01,S03,60.0,56.76,1,ACTIVE
MS006243,2026-08-26 12:40:10+00:00,S03,3,S02,S04,60.0,58.43,1,ACTIVE
MS006244,2026-08-26 12:40:15+00:00,S04,4,S03,S05,60.0,57.79,1,ACTIVE
MS006245,2026-08-26 12:40:20+00:00,S05,5,S04,S06,60.0,55.38,1,ACTIVE
MS006246,2026-08-26 12:40:25+00:00,S06,6,S05,S07,60.0,58.9,1,ACTIVE
MS006247,2026-08-26 12:40:30+00:00,S07,7,S06,S08,60.0,58.04,1,ACTIVE
MS006248,2026-08-26 12:40:35+00:00,S08,8,S07,S09,60.0,58.14,1,ACTIVE
MS006249,2026-08-26 12:40:40+00:00,S09,9,S08,S10,60.0,55.51,1,ACTIVE
MS006250,2026-08-26 12:40:45+00:00,S10,10,S09,S11,60.0,56.8,1,ACTIVE
MS006251,2026-08-26 12:40:50+00:00,S11,11,S10,S12,60.0,56.48,1,ACTIVE
MS006252,2026-08-26 12:40:55+00:00,S12,12,S11,,60.0,58.71,1,ACTIVE
MS006253,2026-08-26 12:41:00+00:00,S01,1,,S02,60.0,58.1,1,ACTIVE
MS006254,2026-08-26 12:41:05+00:00,S02,2,S01,S03,60.0,56.76,1,ACTIVE
MS006255,2026-08-26 12:41:10+00:00,S03,3,S02,S04,60.0,58.43,1,ACTIVE
MS006256,2026-08-26 12:41:15+00:00,S04,4,S03,S05,60.0,57.79,1,ACTIVE
MS006257,2026-08-26 12:41:20+00:00,S05,5,S04,S06,60.0,55.38,1,ACTIVE
MS006258,2026-08-26 12:41:25+00:00,S06,6,S05,S07,60.0,58.9,1,ACTIVE
MS006259,2026-08-26 12:41:30+00:00,S07,7,S06,S08,60.0,58.04,1,ACTIVE
MS006260,2026-08-26 12:41:35+00:00,S08,8,S07,S09,60.0,58.14,1,ACTIVE
MS006261,2026-08-26 12:41:40+00:00,S09,9,S08,S10,60.0,55.51,1,ACTIVE
MS006262,2026-08-26 12:41:45+00:00,S10,10,S09,S11,60.0,56.8,1,ACTIVE
MS006263,2026-08-26 12:41:50+00:00,S11,11,S10,S12,60.0,56.48,1,ACTIVE
MS006264,2026-08-26 12:41:55+00:00,S12,12,S11,,60.0,58.71,1,ACTIVE
MS006265,2026-08-26 12:42:00+00:00,S01,1,,S02,60.0,58.1,1,ACTIVE
MS006266,2026-08-26 12:42:05+00:00,S02,2,S01,S03,60.0,56.76,1,ACTIVE
MS006267,2026-08-26 12:42:10+00:00,S03,3,S02,S04,60.0,58.43,1,ACTIVE
MS006268,2026-08-26 12:42:15+00:00,S04,4,S03,S05,60.0,57.79,1,ACTIVE
MS006269,2026-08-26 12:42:20+00:00,S05,5,S04,S06,60.0,55.38,1,ACTIVE
MS006270,2026-08-26 12:42:25+00:00,S06,6,S05,S07,60.0,58.9,1,ACTIVE
MS006271,2026-08-26 12:42:30+00:00,S07,7,S06,S08,60.0,58.04,1,ACTIVE
MS006272,2026-08-26 12:42:35+00:00,S08,8,S07,S09,60.0,58.14,1,ACTIVE
MS006273,2026-08-26 12:42:40+00:00,S09,9,S08,S10,60.0,55.51,1,ACTIVE
MS006274,2026-08-26 12:42:45+00:00,S10,10,S09,S11,60.0,56.8,1,ACTIVE
MS006275,2026-08-26 12:42:50+00:00,S11,11,S10,S12,60.0,56.48,1,ACTIVE
MS006276,2026-08-26 12:42:55+00:00,S12,12,S11,,60.0,58.71,1,ACTIVE
MS006277,2026-08-26 12:43:00+00:00,S01,1,,S02,60.0,58.1,1,ACTIVE
MS006278,2026-08-26 12:43:05+00:00,S02,2,S01,S03,60.0,56.76,1,ACTIVE
MS006279,2026-08-26 12:43:10+00:00,S03,3,S02,S04,60.0,58.43,1,ACTIVE
MS006280,2026-08-26 12:43:15+00:00,S04,4,S03,S05,60.0,57.79,1,ACTIVE
MS006281,2026-08-26 12:43:20+00:00,S05,5,S04,S06,60.0,55.38,1,ACTIVE
MS006282,2026-08-26 12:43:25+00:00,S06,6,S05,S07,60.0,58.9,1,ACTIVE
MS006283,2026-08-26 12:43:30+00:00,S07,7,S06,S08,60.0,58.04,1,ACTIVE
MS006284,2026-08-26 12:43:35+00:00,S08,8,S07,S09,60.0,58.14,1,ACTIVE
MS006285,2026-08-26 12:43:40+00:00,S09,9,S08,S10,60.0,55.51,1,ACTIVE
MS006286,2026-08-26 12:43:45+00:00,S10,10,S09,S11,60.0,56.8,1,ACTIVE
MS006287,2026-08-26 12:43:50+00:00,S11,11,S10,S12,60.0,56.48,1,ACTIVE
MS006288,2026-08-26 12:43:55+00:00,S12,12,S11,,60.0,58.71,1,ACTIVE
MS006289,2026-08-26 12:44:00+00:00,S01,1,,S02,60.0,58.1,1,ACTIVE
MS006290,2026-08-26 12:44:05+00:00,S02,2,S01,S03,60.0,56.76,1,ACTIVE
MS006291,2026-08-26 12:44:10+00:00,S03,3,S02,S04,60.0,58.43,1,ACTIVE
MS006292,2026-08-26 12:44:15+00:00,S04,4,S03,S05,60.0,57.79,1,ACTIVE
MS006293,2026-08-26 12:44:20+00:00,S05,5,S04,S06,60.0,55.38,1,ACTIVE
MS006294,2026-08-26 12:44:25+00:00,S06,6,S05,S07,60.0,58.9,1,ACTIVE
MS006295,2026-08-26 12:44:30+00:00,S07,7,S06,S08,60.0,58.04,1,ACTIVE
MS006296,2026-08-26 12:44:35+00:00,S08,8,S07,S09,60.0,58.14,1,ACTIVE
MS006297,2026-08-26 12:44:40+00:00,S09,9,S08,S10,60.0,55.51,1,ACTIVE
MS006298,2026-08-26 12:44:45+00:00,S10,10,S09,S11,60.0,56.8,1,ACTIVE
MS006299,2026-08-26 12:44:50+00:00,S11,11,S10,S12,60.0,56.48,1,ACTIVE
MS006300,2026-08-26 12:44:55+00:00,S12,12,S11,,60.0,58.71,1,ACTIVE
MS006301,2026-08-26 12:45:00+00:00,S01,1,,S02,60.0,58.1,1,ACTIVE
MS006302,2026-08-26 12:45:05+00:00,S02,2,S01,S03,60.0,56.76,1,ACTIVE
MS006303,2026-08-26 12:45:10+00:00,S03,3,S02,S04,60.0,58.43,1,ACTIVE
MS006304,2026-08-26 12:45:15+00:00,S04,4,S03,S05,60.0,57.79,1,ACTIVE
MS006305,2026-08-26 12:45:20+00:00,S05,5,S04,S06,60.0,55.38,1,ACTIVE
MS006306,2026-08-26 12:45:25+00:00,S06,6,S05,S07,60.0,58.9,1,ACTIVE
MS006307,2026-08-26 12:45:30+00:00,S07,7,S06,S08,60.0,58.04,1,ACTIVE
MS006308,2026-08-26 12:45:35+00:00,S08,8,S07,S09,60.0,58.14,1,ACTIVE
MS006309,2026-08-26 12:45:40+00:00,S09,9,S08,S10,60.0,55.51,1,ACTIVE
MS006310,2026-08-26 12:45:45+00:00,S10,10,S09,S11,60.0,56.8,1,ACTIVE
MS006311,2026-08-26 12:45:50+00:00,S11,11,S10,S12,60.0,56.48,1,ACTIVE
MS006312,2026-08-26 12:45:55+00:00,S12,12,S11,,60.0,58.71,1,ACTIVE
MS006313,2026-08-26 12:46:00+00:00,S01,1,,S02,60.0,58.1,1,ACTIVE
MS006314,2026-08-26 12:46:05+00:00,S02,2,S01,S03,60.0,56.76,1,ACTIVE
MS006315,2026-08-26 12:46:10+00:00,S03,3,S02,S04,60.0,58.43,1,ACTIVE
MS006316,2026-08-26 12:46:15+00:00,S04,4,S03,S05,60.0,57.79,1,ACTIVE
MS006317,2026-08-26 12:46:20+00:00,S05,5,S04,S06,60.0,55.38,1,ACTIVE
MS006318,2026-08-26 12:46:25+00:00,S06,6,S05,S07,60.0,58.9,1,ACTIVE
MS006319,2026-08-26 12:46:30+00:00,S07,7,S06,S08,60.0,58.04,1,ACTIVE
MS006320,2026-08-26 12:46:35+00:00,S08,8,S07,S09,60.0,58.14,1,ACTIVE
MS006321,2026-08-26 12:46:40+00:00,S09,9,S08,S10,60.0,55.51,1,ACTIVE
MS006322,2026-08-26 12:46:45+00:00,S10,10,S09,S11,60.0,56.8,1,ACTIVE
MS006323,2026-08-26 12:46:50+00:00,S11,11,S10,S12,60.0,56.48,1,ACTIVE
MS006324,2026-08-26 12:46:55+00:00,S12,12,S11,,60.0,58.71,1,ACTIVE
MS006325,2026-08-26 12:47:00+00:00,S01,1,,S02,60.0,58.1,1,ACTIVE
MS006326,2026-08-26 12:47:05+00:00,S02,2,S01,S03,60.0,56.76,1,ACTIVE
MS006327,2026-08-26 12:47:10+00:00,S03,3,S02,S04,60.0,58.43,1,ACTIVE
MS006328,2026-08-26 12:47:15+00:00,S04,4,S03,S05,60.0,57.79,1,ACTIVE
MS006329,2026-08-26 12:47:20+00:00,S05,5,S04,S06,60.0,55.38,1,ACTIVE
MS006330,2026-08-26 12:47:25+00:00,S06,6,S05,S07,60.0,58.9,1,ACTIVE
MS006331,2026-08-26 12:47:30+00:00,S07,7,S06,S08,60.0,58.04,1,ACTIVE
MS006332,2026-08-26 12:47:35+00:00,S08,8,S07,S09,60.0,58.14,1,ACTIVE
MS006333,2026-08-26 12:47:40+00:00,S09,9,S08,S10,60.0,55.51,1,ACTIVE
MS006334,2026-08-26 12:47:45+00:00,S10,10,S09,S11,60.0,56.8,1,ACTIVE
MS006335,2026-08-26 12:47:50+00:00,S11,11,S10,S12,60.0,56.48,1,ACTIVE
MS006336,2026-08-26 12:47:55+00:00,S12,12,S11,,60.0,58.71,1,ACTIVE
MS006337,2026-08-26 12:48:00+00:00,S01,1,,S02,60.0,58.1,1,ACTIVE
MS006338,2026-08-26 12:48:05+00:00,S02,2,S01,S03,60.0,56.76,1,ACTIVE
MS006339,2026-08-26 12:48:10+00:00,S03,3,S02,S04,60.0,58.43,1,ACTIVE
MS006340,2026-08-26 12:48:15+00:00,S04,4,S03,S05,60.0,57.79,1,ACTIVE
MS006341,2026-08-26 12:48:20+00:00,S05,5,S04,S06,60.0,55.38,1,ACTIVE
MS006342,2026-08-26 12:48:25+00:00,S06,6,S05,S07,60.0,58.9,1,ACTIVE
MS006343,2026-08-26 12:48:30+00:00,S07,7,S06,S08,60.0,58.04,1,ACTIVE
MS006344,2026-08-26 12:48:35+00:00,S08,8,S07,S09,60.0,58.14,1,ACTIVE
MS006345,2026-08-26 12:48:40+00:00,S09,9,S08,S10,60.0,55.51,1,ACTIVE
MS006346,2026-08-26 12:48:45+00:00,S10,10,S09,S11,60.0,56.8,1,ACTIVE
MS006347,2026-08-26 12:48:50+00:00,S11,11,S10,S12,60.0,56.48,1,ACTIVE
MS006348,2026-08-26 12:48:55+00:00,S12,12,S11,,60.0,58.71,1,ACTIVE
MS006349,2026-08-26 12:49:00+00:00,S01,1,,S02,60.0,58.1,1,ACTIVE
MS006350,2026-08-26 12:49:05+00:00,S02,2,S01,S03,60.0,56.76,1,ACTIVE
MS006351,2026-08-26 12:49:10+00:00,S03,3,S02,S04,60.0,58.43,1,ACTIVE
MS006352,2026-08-26 12:49:15+00:00,S04,4,S03,S05,60.0,57.79,1,ACTIVE
MS006353,2026-08-26 12:49:20+00:00,S05,5,S04,S06,60.0,55.38,1,ACTIVE
MS006354,2026-08-26 12:49:25+00:00,S06,6,S05,S07,60.0,58.9,1,ACTIVE
MS006355,2026-08-26 12:49:30+00:00,S07,7,S06,S08,60.0,58.04,1,ACTIVE
MS006356,2026-08-26 12:49:35+00:00,S08,8,S07,S09,60.0,58.14,1,ACTIVE
MS006357,2026-08-26 12:49:40+00:00,S09,9,S08,S10,60.0,55.51,1,ACTIVE
MS006358,2026-08-26 12:49:45+00:00,S10,10,S09,S11,60.0,56.8,1,ACTIVE
MS006359,2026-08-26 12:49:50+00:00,S11,11,S10,S12,60.0,56.48,1,ACTIVE
MS006360,2026-08-26 12:49:55+00:00,S12,12,S11,,60.0,58.71,1,ACTIVE
MS006361,2026-08-26 12:50:00+00:00,S01,1,,S02,60.0,58.1,1,ACTIVE
MS006362,2026-08-26 12:50:05+00:00,S02,2,S01,S03,60.0,56.76,1,ACTIVE
MS006363,2026-08-26 12:50:10+00:00,S03,3,S02,S04,60.0,58.43,1,ACTIVE
MS006364,2026-08-26 12:50:15+00:00,S04,4,S03,S05,60.0,57.79,1,ACTIVE
MS006365,2026-08-26 12:50:20+00:00,S05,5,S04,S06,60.0,55.38,1,ACTIVE
MS006366,2026-08-26 12:50:25+00:00,S06,6,S05,S07,60.0,58.9,1,ACTIVE
MS006367,2026-08-26 12:50:30+00:00,S07,7,S06,S08,60.0,58.04,1,ACTIVE
MS006368,2026-08-26 12:50:35+00:00,S08,8,S07,S09,60.0,58.14,1,ACTIVE
MS006369,2026-08-26 12:50:40+00:00,S09,9,S08,S10,60.0,55.51,1,ACTIVE
MS006370,2026-08-26 12:50:45+00:00,S10,10,S09,S11,60.0,56.8,1,ACTIVE
MS006371,2026-08-26 12:50:50+00:00,S11,11,S10,S12,60.0,56.48,1,ACTIVE
MS006372,2026-08-26 12:50:55+00:00,S12,12,S11,,60.0,58.71,1,ACTIVE
MS006373,2026-08-26 12:51:00+00:00,S01,1,,S02,60.0,58.1,1,ACTIVE
MS006374,2026-08-26 12:51:05+00:00,S02,2,S01,S03,60.0,56.76,1,ACTIVE
MS006375,2026-08-26 12:51:10+00:00,S03,3,S02,S04,60.0,58.43,1,ACTIVE
MS006376,2026-08-26 12:51:15+00:00,S04,4,S03,S05,60.0,57.79,1,ACTIVE
MS006377,2026-08-26 12:51:20+00:00,S05,5,S04,S06,60.0,55.38,1,ACTIVE
MS006378,2026-08-26 12:51:25+00:00,S06,6,S05,S07,60.0,58.9,1,ACTIVE
MS006379,2026-08-26 12:51:30+00:00,S07,7,S06,S08,60.0,58.04,1,ACTIVE
MS006380,2026-08-26 12:51:35+00:00,S08,8,S07,S09,60.0,58.14,1,ACTIVE
MS006381,2026-08-26 12:51:40+00:00,S09,9,S08,S10,60.0,55.51,1,ACTIVE
MS006382,2026-08-26 12:51:45+00:00,S10,10,S09,S11,60.0,56.8,1,ACTIVE
MS006383,2026-08-26 12:51:50+00:00,S11,11,S10,S12,60.0,56.48,1,ACTIVE
MS006384,2026-08-26 12:51:55+00:00,S12,12,S11,,60.0,58.71,1,ACTIVE
MS006385,2026-08-26 12:52:00+00:00,S01,1,,S02,60.0,58.1,1,ACTIVE
MS006386,2026-08-26 12:52:05+00:00,S02,2,S01,S03,60.0,56.76,1,ACTIVE
MS006387,2026-08-26 12:52:10+00:00,S03,3,S02,S04,60.0,58.43,1,ACTIVE
MS006388,2026-08-26 12:52:15+00:00,S04,4,S03,S05,60.0,57.79,1,ACTIVE
MS006389,2026-08-26 12:52:20+00:00,S05,5,S04,S06,60.0,55.38,1,ACTIVE
MS006390,2026-08-26 12:52:25+00:00,S06,6,S05,S07,60.0,58.9,1,ACTIVE
MS006391,2026-08-26 12:52:30+00:00,S07,7,S06,S08,60.0,58.04,1,ACTIVE
MS006392,2026-08-26 12:52:35+00:00,S08,8,S07,S09,60.0,58.14,1,ACTIVE
MS006393,2026-08-26 12:52:40+00:00,S09,9,S08,S10,60.0,55.51,1,ACTIVE
MS006394,2026-08-26 12:52:45+00:00,S10,10,S09,S11,60.0,56.8,1,ACTIVE
MS006395,2026-08-26 12:52:50+00:00,S11,11,S10,S12,60.0,56.48,1,ACTIVE
MS006396,2026-08-26 12:52:55+00:00,S12,12,S11,,60.0,58.71,1,ACTIVE
MS006397,2026-08-26 12:53:00+00:00,S01,1,,S02,60.0,58.1,1,ACTIVE
MS006398,2026-08-26 12:53:05+00:00,S02,2,S01,S03,60.0,56.76,1,ACTIVE
MS006399,2026-08-26 12:53:10+00:00,S03,3,S02,S04,60.0,58.43,1,ACTIVE
MS006400,2026-08-26 12:53:15+00:00,S04,4,S03,S05,60.0,57.79,1,ACTIVE
MS006401,2026-08-26 12:53:20+00:00,S05,5,S04,S06,60.0,55.38,1,ACTIVE
MS006402,2026-08-26 12:53:25+00:00,S06,6,S05,S07,60.0,58.9,1,ACTIVE
MS006403,2026-08-26 12:53:30+00:00,S07,7,S06,S08,60.0,58.04,1,ACTIVE
MS006404,2026-08-26 12:53:35+00:00,S08,8,S07,S09,60.0,58.14,1,ACTIVE
MS006405,2026-08-26 12:53:40+00:00,S09,9,S08,S10,60.0,55.51,1,ACTIVE
MS006406,2026-08-26 12:53:45+00:00,S10,10,S09,S11,60.0,56.8,1,ACTIVE
MS006407,2026-08-26 12:53:50+00:00,S11,11,S10,S12,60.0,56.48,1,ACTIVE
MS006408,2026-08-26 12:53:55+00:00,S12,12,S11,,60.0,58.71,1,ACTIVE
MS006409,2026-08-26 12:54:00+00:00,S01,1,,S02,60.0,58.1,1,ACTIVE
MS006410,2026-08-26 12:54:05+00:00,S02,2,S01,S03,60.0,56.76,1,ACTIVE
MS006411,2026-08-26 12:54:10+00:00,S03,3,S02,S04,60.0,58.43,1,ACTIVE
MS006412,2026-08-26 12:54:15+00:00,S04,4,S03,S05,60.0,57.79,1,ACTIVE
MS006413,2026-08-26 12:54:20+00:00,S05,5,S04,S06,60.0,55.38,1,ACTIVE
MS006414,2026-08-26 12:54:25+00:00,S06,6,S05,S07,60.0,58.9,1,ACTIVE
MS006415,2026-08-26 12:54:30+00:00,S07,7,S06,S08,60.0,58.04,1,ACTIVE
MS006416,2026-08-26 12:54:35+00:00,S08,8,S07,S09,60.0,58.14,1,ACTIVE
MS006417,2026-08-26 12:54:40+00:00,S09,9,S08,S10,60.0,55.51,1,ACTIVE
MS006418,2026-08-26 12:54:45+00:00,S10,10,S09,S11,60.0,56.8,1,ACTIVE
MS006419,2026-08-26 12:54:50+00:00,S11,11,S10,S12,60.0,56.48,1,ACTIVE
MS006420,2026-08-26 12:54:55+00:00,S12,12,S11,,60.0,58.71,1,ACTIVE
MS006421,2026-08-26 12:55:00+00:00,S01,1,,S02,60.0,58.1,1,ACTIVE
MS006422,2026-08-26 12:55:05+00:00,S02,2,S01,S03,60.0,56.76,1,ACTIVE
MS006423,2026-08-26 12:55:10+00:00,S03,3,S02,S04,60.0,58.43,1,ACTIVE
MS006424,2026-08-26 12:55:15+00:00,S04,4,S03,S05,60.0,57.79,1,ACTIVE
MS006425,2026-08-26 12:55:20+00:00,S05,5,S04,S06,60.0,55.38,1,ACTIVE
MS006426,2026-08-26 12:55:25+00:00,S06,6,S05,S07,60.0,58.9,1,ACTIVE
MS006427,2026-08-26 12:55:30+00:00,S07,7,S06,S08,60.0,58.04,1,ACTIVE
MS006428,2026-08-26 12:55:35+00:00,S08,8,S07,S09,60.0,58.14,1,ACTIVE
MS006429,2026-08-26 12:55:40+00:00,S09,9,S08,S10,60.0,55.51,1,ACTIVE
MS006430,2026-08-26 12:55:45+00:00,S10,10,S09,S11,60.0,56.8,1,ACTIVE
MS006431,2026-08-26 12:55:50+00:00,S11,11,S10,S12,60.0,56.48,1,ACTIVE
MS006432,2026-08-26 12:55:55+00:00,S12,12,S11,,60.0,58.71,1,ACTIVE
MS006433,2026-08-26 12:56:00+00:00,S01,1,,S02,60.0,58.1,1,ACTIVE
MS006434,2026-08-26 12:56:05+00:00,S02,2,S01,S03,60.0,56.76,1,ACTIVE
MS006435,2026-08-26 12:56:10+00:00,S03,3,S02,S04,60.0,58.43,1,ACTIVE
MS006436,2026-08-26 12:56:15+00:00,S04,4,S03,S05,60.0,57.79,1,ACTIVE
MS006437,2026-08-26 12:56:20+00:00,S05,5,S04,S06,60.0,55.38,1,ACTIVE
MS006438,2026-08-26 12:56:25+00:00,S06,6,S05,S07,60.0,58.9,1,ACTIVE
MS006439,2026-08-26 12:56:30+00:00,S07,7,S06,S08,60.0,58.04,1,ACTIVE
MS006440,2026-08-26 12:56:35+00:00,S08,8,S07,S09,60.0,58.14,1,ACTIVE
MS006441,2026-08-26 12:56:40+00:00,S09,9,S08,S10,60.0,55.51,1,ACTIVE
MS006442,2026-08-26 12:56:45+00:00,S10,10,S09,S11,60.0,56.8,1,ACTIVE
MS006443,2026-08-26 12:56:50+00:00,S11,11,S10,S12,60.0,56.48,1,ACTIVE
MS006444,2026-08-26 12:56:55+00:00,S12,12,S11,,60.0,58.71,1,ACTIVE
MS006445,2026-08-26 12:57:00+00:00,S01,1,,S02,60.0,58.1,1,ACTIVE
MS006446,2026-08-26 12:57:05+00:00,S02,2,S01,S03,60.0,56.76,1,ACTIVE
MS006447,2026-08-26 12:57:10+00:00,S03,3,S02,S04,60.0,58.43,1,ACTIVE
MS006448,2026-08-26 12:57:15+00:00,S04,4,S03,S05,60.0,57.79,1,ACTIVE
MS006449,2026-08-26 12:57:20+00:00,S05,5,S04,S06,60.0,55.38,1,ACTIVE
MS006450,2026-08-26 12:57:25+00:00,S06,6,S05,S07,60.0,58.9,1,ACTIVE
MS006451,2026-08-26 12:57:30+00:00,S07,7,S06,S08,60.0,58.04,1,ACTIVE
MS006452,2026-08-26 12:57:35+00:00,S08,8,S07,S09,60.0,58.14,1,ACTIVE
MS006453,2026-08-26 12:57:40+00:00,S09,9,S08,S10,60.0,55.51,1,ACTIVE
MS006454,2026-08-26 12:57:45+00:00,S10,10,S09,S11,60.0,56.8,1,ACTIVE
MS006455,2026-08-26 12:57:50+00:00,S11,11,S10,S12,60.0,56.48,1,ACTIVE
MS006456,2026-08-26 12:57:55+00:00,S12,12,S11,,60.0,58.71,1,ACTIVE
MS006457,2026-08-26 12:58:00+00:00,S01,1,,S02,60.0,58.1,1,ACTIVE
MS006458,2026-08-26 12:58:05+00:00,S02,2,S01,S03,60.0,56.76,1,ACTIVE
MS006459,2026-08-26 12:58:10+00:00,S03,3,S02,S04,60.0,58.43,1,ACTIVE
MS006460,2026-08-26 12:58:15+00:00,S04,4,S03,S05,60.0,57.79,1,ACTIVE
MS006461,2026-08-26 12:58:20+00:00,S05,5,S04,S06,60.0,55.38,1,ACTIVE
MS006462,2026-08-26 12:58:25+00:00,S06,6,S05,S07,60.0,58.9,1,ACTIVE
MS006463,2026-08-26 12:58:30+00:00,S07,7,S06,S08,60.0,58.04,1,ACTIVE
MS006464,2026-08-26 12:58:35+00:00,S08,8,S07,S09,60.0,58.14,1,ACTIVE
MS006465,2026-08-26 12:58:40+00:00,S09,9,S08,S10,60.0,55.51,1,ACTIVE
MS006466,2026-08-26 12:58:45+00:00,S10,10,S09,S11,60.0,56.8,1,ACTIVE
MS006467,2026-08-26 12:58:50+00:00,S11,11,S10,S12,60.0,56.48,1,ACTIVE
MS006468,2026-08-26 12:58:55+00:00,S12,12,S11,,60.0,58.71,1,ACTIVE
MS006469,2026-08-26 12:59:00+00:00,S01,1,,S02,60.0,58.1,1,ACTIVE
MS006470,2026-08-26 12:59:05+00:00,S02,2,S01,S03,60.0,56.76,1,ACTIVE
MS006471,2026-08-26 12:59:10+00:00,S03,3,S02,S04,60.0,58.43,1,ACTIVE
MS006472,2026-08-26 12:59:15+00:00,S04,4,S03,S05,60.0,57.79,1,ACTIVE
MS006473,2026-08-26 12:59:20+00:00,S05,5,S04,S06,60.0,55.38,1,ACTIVE
MS006474,2026-08-26 12:59:25+00:00,S06,6,S05,S07,60.0,58.9,1,ACTIVE
MS006475,2026-08-26 12:59:30+00:00,S07,7,S06,S08,60.0,58.04,1,ACTIVE
MS006476,2026-08-26 12:59:35+00:00,S08,8,S07,S09,60.0,58.14,1,ACTIVE
MS006477,2026-08-26 12:59:40+00:00,S09,9,S08,S10,60.0,55.51,1,ACTIVE
MS006478,2026-08-26 12:59:45+00:00,S10,10,S09,S11,60.0,56.8,1,ACTIVE
MS006479,2026-08-26 12:59:50+00:00,S11,11,S10,S12,60.0,56.48,1,ACTIVE
MS006480,2026-08-26 12:59:55+00:00,S12,12,S11,,60.0,58.71,1,ACTIVE
MS006481,2026-08-26 13:00:00+00:00,S01,1,,S02,60.0,58.1,1,ACTIVE
MS006482,2026-08-26 13:00:05+00:00,S02,2,S01,S03,60.0,56.76,1,ACTIVE
MS006483,2026-08-26 13:00:10+00:00,S03,3,S02,S04,60.0,58.43,1,ACTIVE
MS006484,2026-08-26 13:00:15+00:00,S04,4,S03,S05,60.0,57.79,1,ACTIVE
MS006485,2026-08-26 13:00:20+00:00,S05,5,S04,S06,60.0,55.38,1,ACTIVE
MS006486,2026-08-26 13:00:25+00:00,S06,6,S05,S07,60.0,58.9,1,ACTIVE
MS006487,2026-08-26 13:00:30+00:00,S07,7,S06,S08,60.0,58.04,1,ACTIVE
MS006488,2026-08-26 13:00:35+00:00,S08,8,S07,S09,60.0,58.14,1,ACTIVE
MS006489,2026-08-26 13:00:40+00:00,S09,9,S08,S10,60.0,55.51,1,ACTIVE
MS006490,2026-08-26 13:00:45+00:00,S10,10,S09,S11,60.0,56.8,1,ACTIVE
MS006491,2026-08-26 13:00:50+00:00,S11,11,S10,S12,60.0,56.48,1,ACTIVE
MS006492,2026-08-26 13:00:55+00:00,S12,12,S11,,60.0,58.71,1,ACTIVE
MS006493,2026-08-26 13:01:00+00:00,S01,1,,S02,60.0,58.1,1,ACTIVE
MS006494,2026-08-26 13:01:05+00:00,S02,2,S01,S03,60.0,56.76,1,ACTIVE
MS006495,2026-08-26 13:01:10+00:00,S03,3,S02,S04,60.0,58.43,1,ACTIVE
MS006496,2026-08-26 13:01:15+00:00,S04,4,S03,S05,60.0,57.79,1,ACTIVE
MS006497,2026-08-26 13:01:20+00:00,S05,5,S04,S06,60.0,55.38,1,ACTIVE
MS006498,2026-08-26 13:01:25+00:00,S06,6,S05,S07,60.0,58.9,1,ACTIVE
MS006499,2026-08-26 13:01:30+00:00,S07,7,S06,S08,60.0,58.04,1,ACTIVE
MS006500,2026-08-26 13:01:35+00:00,S08,8,S07,S09,60.0,58.14,1,ACTIVE
MS006501,2026-08-26 13:01:40+00:00,S09,9,S08,S10,60.0,55.51,1,ACTIVE
MS006502,2026-08-26 13:01:45+00:00,S10,10,S09,S11,60.0,56.8,1,ACTIVE
MS006503,2026-08-26 13:01:50+00:00,S11,11,S10,S12,60.0,56.48,1,ACTIVE
MS006504,2026-08-26 13:01:55+00:00,S12,12,S11,,60.0,58.71,1,ACTIVE
MS006505,2026-08-26 13:02:00+00:00,S01,1,,S02,60.0,58.1,1,ACTIVE
MS006506,2026-08-26 13:02:05+00:00,S02,2,S01,S03,60.0,56.76,1,ACTIVE
MS006507,2026-08-26 13:02:10+00:00,S03,3,S02,S04,60.0,58.43,1,ACTIVE
MS006508,2026-08-26 13:02:15+00:00,S04,4,S03,S05,60.0,57.79,1,ACTIVE
MS006509,2026-08-26 13:02:20+00:00,S05,5,S04,S06,60.0,55.38,1,ACTIVE
MS006510,2026-08-26 13:02:25+00:00,S06,6,S05,S07,60.0,58.9,1,ACTIVE
MS006511,2026-08-26 13:02:30+00:00,S07,7,S06,S08,60.0,58.04,1,ACTIVE
MS006512,2026-08-26 13:02:35+00:00,S08,8,S07,S09,60.0,58.14,1,ACTIVE
MS006513,2026-08-26 13:02:40+00:00,S09,9,S08,S10,60.0,55.51,1,ACTIVE
MS006514,2026-08-26 13:02:45+00:00,S10,10,S09,S11,60.0,56.8,1,ACTIVE
MS006515,2026-08-26 13:02:50+00:00,S11,11,S10,S12,60.0,56.48,1,ACTIVE
MS006516,2026-08-26 13:02:55+00:00,S12,12,S11,,60.0,58.71,1,ACTIVE
MS006517,2026-08-26 13:03:00+00:00,S01,1,,S02,60.0,58.1,1,ACTIVE
MS006518,2026-08-26 13:03:05+00:00,S02,2,S01,S03,60.0,56.76,1,ACTIVE
MS006519,2026-08-26 13:03:10+00:00,S03,3,S02,S04,60.0,58.43,1,ACTIVE
MS006520,2026-08-26 13:03:15+00:00,S04,4,S03,S05,60.0,57.79,1,ACTIVE
MS006521,2026-08-26 13:03:20+00:00,S05,5,S04,S06,60.0,55.38,1,ACTIVE
MS006522,2026-08-26 13:03:25+00:00,S06,6,S05,S07,60.0,58.9,1,ACTIVE
MS006523,2026-08-26 13:03:30+00:00,S07,7,S06,S08,60.0,58.04,1,ACTIVE
MS006524,2026-08-26 13:03:35+00:00,S08,8,S07,S09,60.0,58.14,1,ACTIVE
MS006525,2026-08-26 13:03:40+00:00,S09,9,S08,S10,60.0,55.51,1,ACTIVE
MS006526,2026-08-26 13:03:45+00:00,S10,10,S09,S11,60.0,56.8,1,ACTIVE
MS006527,2026-08-26 13:03:50+00:00,S11,11,S10,S12,60.0,56.48,1,ACTIVE
MS006528,2026-08-26 13:03:55+00:00,S12,12,S11,,60.0,58.71,1,ACTIVE
MS006529,2026-08-26 13:04:00+00:00,S01,1,,S02,60.0,58.1,1,ACTIVE
MS006530,2026-08-26 13:04:05+00:00,S02,2,S01,S03,60.0,56.76,1,ACTIVE
MS006531,2026-08-26 13:04:10+00:00,S03,3,S02,S04,60.0,58.43,1,ACTIVE
MS006532,2026-08-26 13:04:15+00:00,S04,4,S03,S05,60.0,57.79,1,ACTIVE
MS006533,2026-08-26 13:04:20+00:00,S05,5,S04,S06,60.0,55.38,1,ACTIVE
MS006534,2026-08-26 13:04:25+00:00,S06,6,S05,S07,60.0,58.9,1,ACTIVE
MS006535,2026-08-26 13:04:30+00:00,S07,7,S06,S08,60.0,58.04,1,ACTIVE
MS006536,2026-08-26 13:04:35+00:00,S08,8,S07,S09,60.0,58.14,1,ACTIVE
MS006537,2026-08-26 13:04:40+00:00,S09,9,S08,S10,60.0,55.51,1,ACTIVE
MS006538,2026-08-26 13:04:45+00:00,S10,10,S09,S11,60.0,56.8,1,ACTIVE
MS006539,2026-08-26 13:04:50+00:00,S11,11,S10,S12,60.0,56.48,1,ACTIVE
MS006540,2026-08-26 13:04:55+00:00,S12,12,S11,,60.0,58.71,1,ACTIVE
MS006541,2026-08-26 13:05:00+00:00,S01,1,,S02,60.0,58.1,1,ACTIVE
MS006542,2026-08-26 13:05:05+00:00,S02,2,S01,S03,60.0,56.76,1,ACTIVE
MS006543,2026-08-26 13:05:10+00:00,S03,3,S02,S04,60.0,58.43,1,ACTIVE
MS006544,2026-08-26 13:05:15+00:00,S04,4,S03,S05,60.0,57.79,1,ACTIVE
MS006545,2026-08-26 13:05:20+00:00,S05,5,S04,S06,60.0,55.38,1,ACTIVE
MS006546,2026-08-26 13:05:25+00:00,S06,6,S05,S07,60.0,58.9,1,ACTIVE
MS006547,2026-08-26 13:05:30+00:00,S07,7,S06,S08,60.0,58.04,1,ACTIVE
MS006548,2026-08-26 13:05:35+00:00,S08,8,S07,S09,60.0,58.14,1,ACTIVE
MS006549,2026-08-26 13:05:40+00:00,S09,9,S08,S10,60.0,55.51,1,ACTIVE
MS006550,2026-08-26 13:05:45+00:00,S10,10,S09,S11,60.0,56.8,1,ACTIVE
MS006551,2026-08-26 13:05:50+00:00,S11,11,S10,S12,60.0,56.48,1,ACTIVE
MS006552,2026-08-26 13:05:55+00:00,S12,12,S11,,60.0,58.71,1,ACTIVE
MS006553,2026-08-26 13:06:00+00:00,S01,1,,S02,60.0,58.1,1,ACTIVE
MS006554,2026-08-26 13:06:05+00:00,S02,2,S01,S03,60.0,56.76,1,ACTIVE
MS006555,2026-08-26 13:06:10+00:00,S03,3,S02,S04,60.0,58.43,1,ACTIVE
MS006556,2026-08-26 13:06:15+00:00,S04,4,S03,S05,60.0,57.79,1,ACTIVE
MS006557,2026-08-26 13:06:20+00:00,S05,5,S04,S06,60.0,55.38,1,ACTIVE
MS006558,2026-08-26 13:06:25+00:00,S06,6,S05,S07,60.0,58.9,1,ACTIVE
MS006559,2026-08-26 13:06:30+00:00,S07,7,S06,S08,60.0,58.04,1,ACTIVE
MS006560,2026-08-26 13:06:35+00:00,S08,8,S07,S09,60.0,58.14,1,ACTIVE
MS006561,2026-08-26 13:06:40+00:00,S09,9,S08,S10,60.0,55.51,1,ACTIVE
MS006562,2026-08-26 13:06:45+00:00,S10,10,S09,S11,60.0,56.8,1,ACTIVE
MS006563,2026-08-26 13:06:50+00:00,S11,11,S10,S12,60.0,56.48,1,ACTIVE
MS006564,2026-08-26 13:06:55+00:00,S12,12,S11,,60.0,58.71,1,ACTIVE
MS006565,2026-08-26 13:07:00+00:00,S01,1,,S02,60.0,58.1,1,ACTIVE
MS006566,2026-08-26 13:07:05+00:00,S02,2,S01,S03,60.0,56.76,1,ACTIVE
MS006567,2026-08-26 13:07:10+00:00,S03,3,S02,S04,60.0,58.43,1,ACTIVE
MS006568,2026-08-26 13:07:15+00:00,S04,4,S03,S05,60.0,57.79,1,ACTIVE
MS006569,2026-08-26 13:07:20+00:00,S05,5,S04,S06,60.0,55.38,1,ACTIVE
MS006570,2026-08-26 13:07:25+00:00,S06,6,S05,S07,60.0,58.9,1,ACTIVE
MS006571,2026-08-26 13:07:30+00:00,S07,7,S06,S08,60.0,58.04,1,ACTIVE
MS006572,2026-08-26 13:07:35+00:00,S08,8,S07,S09,60.0,58.14,1,ACTIVE
MS006573,2026-08-26 13:07:40+00:00,S09,9,S08,S10,60.0,55.51,1,ACTIVE
MS006574,2026-08-26 13:07:45+00:00,S10,10,S09,S11,60.0,56.8,1,ACTIVE
MS006575,2026-08-26 13:07:50+00:00,S11,11,S10,S12,60.0,56.48,1,ACTIVE
MS006576,2026-08-26 13:07:55+00:00,S12,12,S11,,60.0,58.71,1,ACTIVE
MS006577,2026-08-26 13:08:00+00:00,S01,1,,S02,60.0,58.1,1,ACTIVE
MS006578,2026-08-26 13:08:05+00:00,S02,2,S01,S03,60.0,56.76,1,ACTIVE
MS006579,2026-08-26 13:08:10+00:00,S03,3,S02,S04,60.0,58.43,1,ACTIVE
MS006580,2026-08-26 13:08:15+00:00,S04,4,S03,S05,60.0,57.79,1,ACTIVE
MS006581,2026-08-26 13:08:20+00:00,S05,5,S04,S06,60.0,55.38,1,ACTIVE
MS006582,2026-08-26 13:08:25+00:00,S06,6,S05,S07,60.0,58.9,1,ACTIVE
MS006583,2026-08-26 13:08:30+00:00,S07,7,S06,S08,60.0,58.04,1,ACTIVE
MS006584,2026-08-26 13:08:35+00:00,S08,8,S07,S09,60.0,58.14,1,ACTIVE
MS006585,2026-08-26 13:08:40+00:00,S09,9,S08,S10,60.0,55.51,1,ACTIVE
MS006586,2026-08-26 13:08:45+00:00,S10,10,S09,S11,60.0,56.8,1,ACTIVE
MS006587,2026-08-26 13:08:50+00:00,S11,11,S10,S12,60.0,56.48,1,ACTIVE
MS006588,2026-08-26 13:08:55+00:00,S12,12,S11,,60.0,58.71,1,ACTIVE
MS006589,2026-08-26 13:09:00+00:00,S01,1,,S02,60.0,58.1,1,ACTIVE
MS006590,2026-08-26 13:09:05+00:00,S02,2,S01,S03,60.0,56.76,1,ACTIVE
MS006591,2026-08-26 13:09:10+00:00,S03,3,S02,S04,60.0,58.43,1,ACTIVE
MS006592,2026-08-26 13:09:15+00:00,S04,4,S03,S05,60.0,57.79,1,ACTIVE
MS006593,2026-08-26 13:09:20+00:00,S05,5,S04,S06,60.0,55.38,1,ACTIVE
MS006594,2026-08-26 13:09:25+00:00,S06,6,S05,S07,60.0,58.9,1,ACTIVE
MS006595,2026-08-26 13:09:30+00:00,S07,7,S06,S08,60.0,58.04,1,ACTIVE
MS006596,2026-08-26 13:09:35+00:00,S08,8,S07,S09,60.0,58.14,1,ACTIVE
MS006597,2026-08-26 13:09:40+00:00,S09,9,S08,S10,60.0,55.51,1,ACTIVE
MS006598,2026-08-26 13:09:45+00:00,S10,10,S09,S11,60.0,56.8,1,ACTIVE
MS006599,2026-08-26 13:09:50+00:00,S11,11,S10,S12,60.0,56.48,1,ACTIVE
MS006600,2026-08-26 13:09:55+00:00,S12,12,S11,,60.0,58.71,1,ACTIVE
MS006601,2026-08-26 13:10:00+00:00,S01,1,,S02,60.0,58.1,1,ACTIVE
MS006602,2026-08-26 13:10:05+00:00,S02,2,S01,S03,60.0,56.76,1,ACTIVE
MS006603,2026-08-26 13:10:10+00:00,S03,3,S02,S04,60.0,58.43,1,ACTIVE
MS006604,2026-08-26 13:10:15+00:00,S04,4,S03,S05,60.0,57.79,1,ACTIVE
MS006605,2026-08-26 13:10:20+00:00,S05,5,S04,S06,60.0,55.38,1,ACTIVE
MS006606,2026-08-26 13:10:25+00:00,S06,6,S05,S07,60.0,58.9,1,ACTIVE
MS006607,2026-08-26 13:10:30+00:00,S07,7,S06,S08,60.0,58.04,1,ACTIVE
MS006608,2026-08-26 13:10:35+00:00,S08,8,S07,S09,60.0,58.14,1,ACTIVE
MS006609,2026-08-26 13:10:40+00:00,S09,9,S08,S10,60.0,55.51,1,ACTIVE
MS006610,2026-08-26 13:10:45+00:00,S10,10,S09,S11,60.0,56.8,1,ACTIVE
MS006611,2026-08-26 13:10:50+00:00,S11,11,S10,S12,60.0,56.48,1,ACTIVE
MS006612,2026-08-26 13:10:55+00:00,S12,12,S11,,60.0,58.71,1,ACTIVE
MS006613,2026-08-26 13:11:00+00:00,S01,1,,S02,60.0,58.1,1,ACTIVE
MS006614,2026-08-26 13:11:05+00:00,S02,2,S01,S03,60.0,56.76,1,ACTIVE
MS006615,2026-08-26 13:11:10+00:00,S03,3,S02,S04,60.0,58.43,1,ACTIVE
MS006616,2026-08-26 13:11:15+00:00,S04,4,S03,S05,60.0,57.79,1,ACTIVE
MS006617,2026-08-26 13:11:20+00:00,S05,5,S04,S06,60.0,55.38,1,ACTIVE
MS006618,2026-08-26 13:11:25+00:00,S06,6,S05,S07,60.0,58.9,1,ACTIVE
MS006619,2026-08-26 13:11:30+00:00,S07,7,S06,S08,60.0,58.04,1,ACTIVE
MS006620,2026-08-26 13:11:35+00:00,S08,8,S07,S09,60.0,58.14,1,ACTIVE
MS006621,2026-08-26 13:11:40+00:00,S09,9,S08,S10,60.0,55.51,1,ACTIVE
MS006622,2026-08-26 13:11:45+00:00,S10,10,S09,S11,60.0,56.8,1,ACTIVE
MS006623,2026-08-26 13:11:50+00:00,S11,11,S10,S12,60.0,56.48,1,ACTIVE
MS006624,2026-08-26 13:11:55+00:00,S12,12,S11,,60.0,58.71,1,ACTIVE
MS006625,2026-08-26 13:12:00+00:00,S01,1,,S02,60.0,58.1,1,ACTIVE
MS006626,2026-08-26 13:12:05+00:00,S02,2,S01,S03,60.0,56.76,1,ACTIVE
MS006627,2026-08-26 13:12:10+00:00,S03,3,S02,S04,60.0,58.43,1,ACTIVE
MS006628,2026-08-26 13:12:15+00:00,S04,4,S03,S05,60.0,57.79,1,ACTIVE
MS006629,2026-08-26 13:12:20+00:00,S05,5,S04,S06,60.0,55.38,1,ACTIVE
MS006630,2026-08-26 13:12:25+00:00,S06,6,S05,S07,60.0,58.9,1,ACTIVE
MS006631,2026-08-26 13:12:30+00:00,S07,7,S06,S08,60.0,58.04,1,ACTIVE
MS006632,2026-08-26 13:12:35+00:00,S08,8,S07,S09,60.0,58.14,1,ACTIVE
MS006633,2026-08-26 13:12:40+00:00,S09,9,S08,S10,60.0,55.51,1,ACTIVE
MS006634,2026-08-26 13:12:45+00:00,S10,10,S09,S11,60.0,56.8,1,ACTIVE
MS006635,2026-08-26 13:12:50+00:00,S11,11,S10,S12,60.0,56.48,1,ACTIVE
MS006636,2026-08-26 13:12:55+00:00,S12,12,S11,,60.0,58.71,1,ACTIVE
MS006637,2026-08-26 13:13:00+00:00,S01,1,,S02,60.0,58.1,1,ACTIVE
MS006638,2026-08-26 13:13:05+00:00,S02,2,S01,S03,60.0,56.76,1,ACTIVE
MS006639,2026-08-26 13:13:10+00:00,S03,3,S02,S04,60.0,58.43,1,ACTIVE
MS006640,2026-08-26 13:13:15+00:00,S04,4,S03,S05,60.0,57.79,1,ACTIVE
MS006641,2026-08-26 13:13:20+00:00,S05,5,S04,S06,60.0,55.38,1,ACTIVE
MS006642,2026-08-26 13:13:25+00:00,S06,6,S05,S07,60.0,58.9,1,ACTIVE
MS006643,2026-08-26 13:13:30+00:00,S07,7,S06,S08,60.0,58.04,1,ACTIVE
MS006644,2026-08-26 13:13:35+00:00,S08,8,S07,S09,60.0,58.14,1,ACTIVE
MS006645,2026-08-26 13:13:40+00:00,S09,9,S08,S10,60.0,55.51,1,ACTIVE
MS006646,2026-08-26 13:13:45+00:00,S10,10,S09,S11,60.0,56.8,1,ACTIVE
MS006647,2026-08-26 13:13:50+00:00,S11,11,S10,S12,60.0,56.48,1,ACTIVE
MS006648,2026-08-26 13:13:55+00:00,S12,12,S11,,60.0,58.71,1,ACTIVE
MS006649,2026-08-26 13:14:00+00:00,S01,1,,S02,60.0,58.1,1,ACTIVE
MS006650,2026-08-26 13:14:05+00:00,S02,2,S01,S03,60.0,56.76,1,ACTIVE
MS006651,2026-08-26 13:14:10+00:00,S03,3,S02,S04,60.0,58.43,1,ACTIVE
MS006652,2026-08-26 13:14:15+00:00,S04,4,S03,S05,60.0,57.79,1,ACTIVE
MS006653,2026-08-26 13:14:20+00:00,S05,5,S04,S06,60.0,55.38,1,ACTIVE
MS006654,2026-08-26 13:14:25+00:00,S06,6,S05,S07,60.0,58.9,1,ACTIVE
MS006655,2026-08-26 13:14:30+00:00,S07,7,S06,S08,60.0,58.04,1,ACTIVE
MS006656,2026-08-26 13:14:35+00:00,S08,8,S07,S09,60.0,58.14,1,ACTIVE
MS006657,2026-08-26 13:14:40+00:00,S09,9,S08,S10,60.0,55.51,1,ACTIVE
MS006658,2026-08-26 13:14:45+00:00,S10,10,S09,S11,60.0,56.8,1,ACTIVE
MS006659,2026-08-26 13:14:50+00:00,S11,11,S10,S12,60.0,56.48,1,ACTIVE
MS006660,2026-08-26 13:14:55+00:00,S12,12,S11,,60.0,58.71,1,ACTIVE
MS006661,2026-08-26 13:15:00+00:00,S01,1,,S02,60.0,58.1,1,ACTIVE
MS006662,2026-08-26 13:15:05+00:00,S02,2,S01,S03,60.0,56.76,1,ACTIVE
MS006663,2026-08-26 13:15:10+00:00,S03,3,S02,S04,60.0,58.43,1,ACTIVE
MS006664,2026-08-26 13:15:15+00:00,S04,4,S03,S05,60.0,57.79,1,ACTIVE
MS006665,2026-08-26 13:15:20+00:00,S05,5,S04,S06,60.0,55.38,1,ACTIVE
MS006666,2026-08-26 13:15:25+00:00,S06,6,S05,S07,60.0,58.9,1,ACTIVE
MS006667,2026-08-26 13:15:30+00:00,S07,7,S06,S08,60.0,58.04,1,ACTIVE
MS006668,2026-08-26 13:15:35+00:00,S08,8,S07,S09,60.0,58.14,1,ACTIVE
MS006669,2026-08-26 13:15:40+00:00,S09,9,S08,S10,60.0,55.51,1,ACTIVE
MS006670,2026-08-26 13:15:45+00:00,S10,10,S09,S11,60.0,56.8,1,ACTIVE
MS006671,2026-08-26 13:15:50+00:00,S11,11,S10,S12,60.0,56.48,1,ACTIVE
MS006672,2026-08-26 13:15:55+00:00,S12,12,S11,,60.0,58.71,1,ACTIVE
MS006673,2026-08-26 13:16:00+00:00,S01,1,,S02,60.0,58.1,1,ACTIVE
MS006674,2026-08-26 13:16:05+00:00,S02,2,S01,S03,60.0,56.76,1,ACTIVE
MS006675,2026-08-26 13:16:10+00:00,S03,3,S02,S04,60.0,58.43,1,ACTIVE
MS006676,2026-08-26 13:16:15+00:00,S04,4,S03,S05,60.0,57.79,1,ACTIVE
MS006677,2026-08-26 13:16:20+00:00,S05,5,S04,S06,60.0,55.38,1,ACTIVE
MS006678,2026-08-26 13:16:25+00:00,S06,6,S05,S07,60.0,58.9,1,ACTIVE
MS006679,2026-08-26 13:16:30+00:00,S07,7,S06,S08,60.0,58.04,1,ACTIVE
MS006680,2026-08-26 13:16:35+00:00,S08,8,S07,S09,60.0,58.14,1,ACTIVE
MS006681,2026-08-26 13:16:40+00:00,S09,9,S08,S10,60.0,55.51,1,ACTIVE
MS006682,2026-08-26 13:16:45+00:00,S10,10,S09,S11,60.0,56.8,1,ACTIVE
MS006683,2026-08-26 13:16:50+00:00,S11,11,S10,S12,60.0,56.48,1,ACTIVE
MS006684,2026-08-26 13:16:55+00:00,S12,12,S11,,60.0,58.71,1,ACTIVE
MS006685,2026-08-26 13:17:00+00:00,S01,1,,S02,60.0,58.1,1,ACTIVE
MS006686,2026-08-26 13:17:05+00:00,S02,2,S01,S03,60.0,56.76,1,ACTIVE
MS006687,2026-08-26 13:17:10+00:00,S03,3,S02,S04,60.0,58.43,1,ACTIVE
MS006688,2026-08-26 13:17:15+00:00,S04,4,S03,S05,60.0,57.79,1,ACTIVE
MS006689,2026-08-26 13:17:20+00:00,S05,5,S04,S06,60.0,55.38,1,ACTIVE
MS006690,2026-08-26 13:17:25+00:00,S06,6,S05,S07,60.0,58.9,1,ACTIVE
MS006691,2026-08-26 13:17:30+00:00,S07,7,S06,S08,60.0,58.04,1,ACTIVE
MS006692,2026-08-26 13:17:35+00:00,S08,8,S07,S09,60.0,58.14,1,ACTIVE
MS006693,2026-08-26 13:17:40+00:00,S09,9,S08,S10,60.0,55.51,1,ACTIVE
MS006694,2026-08-26 13:17:45+00:00,S10,10,S09,S11,60.0,56.8,1,ACTIVE
MS006695,2026-08-26 13:17:50+00:00,S11,11,S10,S12,60.0,56.48,1,ACTIVE
MS006696,2026-08-26 13:17:55+00:00,S12,12,S11,,60.0,58.71,1,ACTIVE
MS006697,2026-08-26 13:18:00+00:00,S01,1,,S02,60.0,58.1,1,ACTIVE
MS006698,2026-08-26 13:18:05+00:00,S02,2,S01,S03,60.0,56.76,1,ACTIVE
MS006699,2026-08-26 13:18:10+00:00,S03,3,S02,S04,60.0,58.43,1,ACTIVE
MS006700,2026-08-26 13:18:15+00:00,S04,4,S03,S05,60.0,57.79,1,ACTIVE
MS006701,2026-08-26 13:18:20+00:00,S05,5,S04,S06,60.0,55.38,1,ACTIVE
MS006702,2026-08-26 13:18:25+00:00,S06,6,S05,S07,60.0,58.9,1,ACTIVE
MS006703,2026-08-26 13:18:30+00:00,S07,7,S06,S08,60.0,58.04,1,ACTIVE
MS006704,2026-08-26 13:18:35+00:00,S08,8,S07,S09,60.0,58.14,1,ACTIVE
MS006705,2026-08-26 13:18:40+00:00,S09,9,S08,S10,60.0,55.51,1,ACTIVE
MS006706,2026-08-26 13:18:45+00:00,S10,10,S09,S11,60.0,56.8,1,ACTIVE
MS006707,2026-08-26 13:18:50+00:00,S11,11,S10,S12,60.0,56.48,1,ACTIVE
MS006708,2026-08-26 13:18:55+00:00,S12,12,S11,,60.0,58.71,1,ACTIVE
MS006709,2026-08-26 13:19:00+00:00,S01,1,,S02,60.0,58.1,1,ACTIVE
MS006710,2026-08-26 13:19:05+00:00,S02,2,S01,S03,60.0,56.76,1,ACTIVE
MS006711,2026-08-26 13:19:10+00:00,S03,3,S02,S04,60.0,58.43,1,ACTIVE
MS006712,2026-08-26 13:19:15+00:00,S04,4,S03,S05,60.0,57.79,1,ACTIVE
MS006713,2026-08-26 13:19:20+00:00,S05,5,S04,S06,60.0,55.38,1,ACTIVE
MS006714,2026-08-26 13:19:25+00:00,S06,6,S05,S07,60.0,58.9,1,ACTIVE
MS006715,2026-08-26 13:19:30+00:00,S07,7,S06,S08,60.0,58.04,1,ACTIVE
MS006716,2026-08-26 13:19:35+00:00,S08,8,S07,S09,60.0,58.14,1,ACTIVE
MS006717,2026-08-26 13:19:40+00:00,S09,9,S08,S10,60.0,55.51,1,ACTIVE
MS006718,2026-08-26 13:19:45+00:00,S10,10,S09,S11,60.0,56.8,1,ACTIVE
MS006719,2026-08-26 13:19:50+00:00,S11,11,S10,S12,60.0,56.48,1,ACTIVE
MS006720,2026-08-26 13:19:55+00:00,S12,12,S11,,60.0,58.71,1,ACTIVE
MS006721,2026-08-26 13:20:00+00:00,S01,1,,S02,60.0,58.1,1,ACTIVE
MS006722,2026-08-26 13:20:05+00:00,S02,2,S01,S03,60.0,56.76,1,ACTIVE
MS006723,2026-08-26 13:20:10+00:00,S03,3,S02,S04,60.0,58.43,1,ACTIVE
MS006724,2026-08-26 13:20:15+00:00,S04,4,S03,S05,60.0,57.79,1,ACTIVE
MS006725,2026-08-26 13:20:20+00:00,S05,5,S04,S06,60.0,55.38,1,ACTIVE
MS006726,2026-08-26 13:20:25+00:00,S06,6,S05,S07,60.0,58.9,1,ACTIVE
MS006727,2026-08-26 13:20:30+00:00,S07,7,S06,S08,60.0,58.04,1,ACTIVE
MS006728,2026-08-26 13:20:35+00:00,S08,8,S07,S09,60.0,58.14,1,ACTIVE
MS006729,2026-08-26 13:20:40+00:00,S09,9,S08,S10,60.0,55.51,1,ACTIVE
MS006730,2026-08-26 13:20:45+00:00,S10,10,S09,S11,60.0,56.8,1,ACTIVE
MS006731,2026-08-26 13:20:50+00:00,S11,11,S10,S12,60.0,56.48,1,ACTIVE
MS006732,2026-08-26 13:20:55+00:00,S12,12,S11,,60.0,58.71,1,ACTIVE
MS006733,2026-08-26 13:21:00+00:00,S01,1,,S02,60.0,58.1,1,ACTIVE
MS006734,2026-08-26 13:21:05+00:00,S02,2,S01,S03,60.0,56.76,1,ACTIVE
MS006735,2026-08-26 13:21:10+00:00,S03,3,S02,S04,60.0,58.43,1,ACTIVE
MS006736,2026-08-26 13:21:15+00:00,S04,4,S03,S05,60.0,57.79,1,ACTIVE
MS006737,2026-08-26 13:21:20+00:00,S05,5,S04,S06,60.0,55.38,1,ACTIVE
MS006738,2026-08-26 13:21:25+00:00,S06,6,S05,S07,60.0,58.9,1,ACTIVE
MS006739,2026-08-26 13:21:30+00:00,S07,7,S06,S08,60.0,58.04,1,ACTIVE
MS006740,2026-08-26 13:21:35+00:00,S08,8,S07,S09,60.0,58.14,1,ACTIVE
MS006741,2026-08-26 13:21:40+00:00,S09,9,S08,S10,60.0,55.51,1,ACTIVE
MS006742,2026-08-26 13:21:45+00:00,S10,10,S09,S11,60.0,56.8,1,ACTIVE
MS006743,2026-08-26 13:21:50+00:00,S11,11,S10,S12,60.0,56.48,1,ACTIVE
MS006744,2026-08-26 13:21:55+00:00,S12,12,S11,,60.0,58.71,1,ACTIVE
MS006745,2026-08-26 13:22:00+00:00,S01,1,,S02,60.0,58.1,1,ACTIVE
MS006746,2026-08-26 13:22:05+00:00,S02,2,S01,S03,60.0,56.76,1,ACTIVE
MS006747,2026-08-26 13:22:10+00:00,S03,3,S02,S04,60.0,58.43,1,ACTIVE
MS006748,2026-08-26 13:22:15+00:00,S04,4,S03,S05,60.0,57.79,1,ACTIVE
MS006749,2026-08-26 13:22:20+00:00,S05,5,S04,S06,60.0,55.38,1,ACTIVE
MS006750,2026-08-26 13:22:25+00:00,S06,6,S05,S07,60.0,58.9,1,ACTIVE
MS006751,2026-08-26 13:22:30+00:00,S07,7,S06,S08,60.0,58.04,1,ACTIVE
MS006752,2026-08-26 13:22:35+00:00,S08,8,S07,S09,60.0,58.14,1,ACTIVE
MS006753,2026-08-26 13:22:40+00:00,S09,9,S08,S10,60.0,55.51,1,ACTIVE
MS006754,2026-08-26 13:22:45+00:00,S10,10,S09,S11,60.0,56.8,1,ACTIVE
MS006755,2026-08-26 13:22:50+00:00,S11,11,S10,S12,60.0,56.48,1,ACTIVE
MS006756,2026-08-26 13:22:55+00:00,S12,12,S11,,60.0,58.71,1,ACTIVE
MS006757,2026-08-26 13:23:00+00:00,S01,1,,S02,60.0,58.1,1,ACTIVE
MS006758,2026-08-26 13:23:05+00:00,S02,2,S01,S03,60.0,56.76,1,ACTIVE
MS006759,2026-08-26 13:23:10+00:00,S03,3,S02,S04,60.0,58.43,1,ACTIVE
MS006760,2026-08-26 13:23:15+00:00,S04,4,S03,S05,60.0,57.79,1,ACTIVE
MS006761,2026-08-26 13:23:20+00:00,S05,5,S04,S06,60.0,55.38,1,ACTIVE
MS006762,2026-08-26 13:23:25+00:00,S06,6,S05,S07,60.0,58.9,1,ACTIVE
MS006763,2026-08-26 13:23:30+00:00,S07,7,S06,S08,60.0,58.04,1,ACTIVE
MS006764,2026-08-26 13:23:35+00:00,S08,8,S07,S09,60.0,58.14,1,ACTIVE
MS006765,2026-08-26 13:23:40+00:00,S09,9,S08,S10,60.0,55.51,1,ACTIVE
MS006766,2026-08-26 13:23:45+00:00,S10,10,S09,S11,60.0,56.8,1,ACTIVE
MS006767,2026-08-26 13:23:50+00:00,S11,11,S10,S12,60.0,56.48,1,ACTIVE
MS006768,2026-08-26 13:23:55+00:00,S12,12,S11,,60.0,58.71,1,ACTIVE
MS006769,2026-08-26 13:24:00+00:00,S01,1,,S02,60.0,58.1,1,ACTIVE
MS006770,2026-08-26 13:24:05+00:00,S02,2,S01,S03,60.0,56.76,1,ACTIVE
MS006771,2026-08-26 13:24:10+00:00,S03,3,S02,S04,60.0,58.43,1,ACTIVE
MS006772,2026-08-26 13:24:15+00:00,S04,4,S03,S05,60.0,57.79,1,ACTIVE
MS006773,2026-08-26 13:24:20+00:00,S05,5,S04,S06,60.0,55.38,1,ACTIVE
MS006774,2026-08-26 13:24:25+00:00,S06,6,S05,S07,60.0,58.9,1,ACTIVE
MS006775,2026-08-26 13:24:30+00:00,S07,7,S06,S08,60.0,58.04,1,ACTIVE
MS006776,2026-08-26 13:24:35+00:00,S08,8,S07,S09,60.0,58.14,1,ACTIVE
MS006777,2026-08-26 13:24:40+00:00,S09,9,S08,S10,60.0,55.51,1,ACTIVE
MS006778,2026-08-26 13:24:45+00:00,S10,10,S09,S11,60.0,56.8,1,ACTIVE
MS006779,2026-08-26 13:24:50+00:00,S11,11,S10,S12,60.0,56.48,1,ACTIVE
MS006780,2026-08-26 13:24:55+00:00,S12,12,S11,,60.0,58.71,1,ACTIVE
MS006781,2026-08-26 13:25:00+00:00,S01,1,,S02,60.0,58.1,1,ACTIVE
MS006782,2026-08-26 13:25:05+00:00,S02,2,S01,S03,60.0,56.76,1,ACTIVE
MS006783,2026-08-26 13:25:10+00:00,S03,3,S02,S04,60.0,58.43,1,ACTIVE
MS006784,2026-08-26 13:25:15+00:00,S04,4,S03,S05,60.0,57.79,1,ACTIVE
MS006785,2026-08-26 13:25:20+00:00,S05,5,S04,S06,60.0,55.38,1,ACTIVE
MS006786,2026-08-26 13:25:25+00:00,S06,6,S05,S07,60.0,58.9,1,ACTIVE
MS006787,2026-08-26 13:25:30+00:00,S07,7,S06,S08,60.0,58.04,1,ACTIVE
MS006788,2026-08-26 13:25:35+00:00,S08,8,S07,S09,60.0,58.14,1,ACTIVE
MS006789,2026-08-26 13:25:40+00:00,S09,9,S08,S10,60.0,55.51,1,ACTIVE
MS006790,2026-08-26 13:25:45+00:00,S10,10,S09,S11,60.0,56.8,1,ACTIVE
MS006791,2026-08-26 13:25:50+00:00,S11,11,S10,S12,60.0,56.48,1,ACTIVE
MS006792,2026-08-26 13:25:55+00:00,S12,12,S11,,60.0,58.71,1,ACTIVE
MS006793,2026-08-26 13:26:00+00:00,S01,1,,S02,60.0,58.1,1,ACTIVE
MS006794,2026-08-26 13:26:05+00:00,S02,2,S01,S03,60.0,56.76,1,ACTIVE
MS006795,2026-08-26 13:26:10+00:00,S03,3,S02,S04,60.0,58.43,1,ACTIVE
MS006796,2026-08-26 13:26:15+00:00,S04,4,S03,S05,60.0,57.79,1,ACTIVE
MS006797,2026-08-26 13:26:20+00:00,S05,5,S04,S06,60.0,55.38,1,ACTIVE
MS006798,2026-08-26 13:26:25+00:00,S06,6,S05,S07,60.0,58.9,1,ACTIVE
MS006799,2026-08-26 13:26:30+00:00,S07,7,S06,S08,60.0,58.04,1,ACTIVE
MS006800,2026-08-26 13:26:35+00:00,S08,8,S07,S09,60.0,58.14,1,ACTIVE
MS006801,2026-08-26 13:26:40+00:00,S09,9,S08,S10,60.0,55.51,1,ACTIVE
MS006802,2026-08-26 13:26:45+00:00,S10,10,S09,S11,60.0,56.8,1,ACTIVE
MS006803,2026-08-26 13:26:50+00:00,S11,11,S10,S12,60.0,56.48,1,ACTIVE
MS006804,2026-08-26 13:26:55+00:00,S12,12,S11,,60.0,58.71,1,ACTIVE
MS006805,2026-08-26 13:27:00+00:00,S01,1,,S02,60.0,58.1,1,ACTIVE
MS006806,2026-08-26 13:27:05+00:00,S02,2,S01,S03,60.0,56.76,1,ACTIVE
MS006807,2026-08-26 13:27:10+00:00,S03,3,S02,S04,60.0,58.43,1,ACTIVE
MS006808,2026-08-26 13:27:15+00:00,S04,4,S03,S05,60.0,57.79,1,ACTIVE
MS006809,2026-08-26 13:27:20+00:00,S05,5,S04,S06,60.0,55.38,1,ACTIVE
MS006810,2026-08-26 13:27:25+00:00,S06,6,S05,S07,60.0,58.9,1,ACTIVE
MS006811,2026-08-26 13:27:30+00:00,S07,7,S06,S08,60.0,58.04,1,ACTIVE
MS006812,2026-08-26 13:27:35+00:00,S08,8,S07,S09,60.0,58.14,1,ACTIVE
MS006813,2026-08-26 13:27:40+00:00,S09,9,S08,S10,60.0,55.51,1,ACTIVE
MS006814,2026-08-26 13:27:45+00:00,S10,10,S09,S11,60.0,56.8,1,ACTIVE
MS006815,2026-08-26 13:27:50+00:00,S11,11,S10,S12,60.0,56.48,1,ACTIVE
MS006816,2026-08-26 13:27:55+00:00,S12,12,S11,,60.0,58.71,1,ACTIVE
MS006817,2026-08-26 13:28:00+00:00,S01,1,,S02,60.0,58.1,1,ACTIVE
MS006818,2026-08-26 13:28:05+00:00,S02,2,S01,S03,60.0,56.76,1,ACTIVE
MS006819,2026-08-26 13:28:10+00:00,S03,3,S02,S04,60.0,58.43,1,ACTIVE
MS006820,2026-08-26 13:28:15+00:00,S04,4,S03,S05,60.0,57.79,1,ACTIVE
MS006821,2026-08-26 13:28:20+00:00,S05,5,S04,S06,60.0,55.38,1,ACTIVE
MS006822,2026-08-26 13:28:25+00:00,S06,6,S05,S07,60.0,58.9,1,ACTIVE
MS006823,2026-08-26 13:28:30+00:00,S07,7,S06,S08,60.0,58.04,1,ACTIVE
MS006824,2026-08-26 13:28:35+00:00,S08,8,S07,S09,60.0,58.14,1,ACTIVE
MS006825,2026-08-26 13:28:40+00:00,S09,9,S08,S10,60.0,55.51,1,ACTIVE
MS006826,2026-08-26 13:28:45+00:00,S10,10,S09,S11,60.0,56.8,1,ACTIVE
MS006827,2026-08-26 13:28:50+00:00,S11,11,S10,S12,60.0,56.48,1,ACTIVE
MS006828,2026-08-26 13:28:55+00:00,S12,12,S11,,60.0,58.71,1,ACTIVE
MS006829,2026-08-26 13:29:00+00:00,S01,1,,S02,60.0,58.1,1,ACTIVE
MS006830,2026-08-26 13:29:05+00:00,S02,2,S01,S03,60.0,56.76,1,ACTIVE
MS006831,2026-08-26 13:29:10+00:00,S03,3,S02,S04,60.0,58.43,1,ACTIVE
MS006832,2026-08-26 13:29:15+00:00,S04,4,S03,S05,60.0,57.79,1,ACTIVE
MS006833,2026-08-26 13:29:20+00:00,S05,5,S04,S06,60.0,55.38,1,ACTIVE
MS006834,2026-08-26 13:29:25+00:00,S06,6,S05,S07,60.0,58.9,1,ACTIVE
MS006835,2026-08-26 13:29:30+00:00,S07,7,S06,S08,60.0,58.04,1,ACTIVE
MS006836,2026-08-26 13:29:35+00:00,S08,8,S07,S09,60.0,58.14,1,ACTIVE
MS006837,2026-08-26 13:29:40+00:00,S09,9,S08,S10,60.0,55.51,1,ACTIVE
MS006838,2026-08-26 13:29:45+00:00,S10,10,S09,S11,60.0,56.8,1,ACTIVE
MS006839,2026-08-26 13:29:50+00:00,S11,11,S10,S12,60.0,56.48,1,ACTIVE
MS006840,2026-08-26 13:29:55+00:00,S12,12,S11,,60.0,58.71,1,ACTIVE
MS006841,2026-08-26 13:30:00+00:00,S01,1,,S02,60.0,58.1,1,ACTIVE
MS006842,2026-08-26 13:30:05+00:00,S02,2,S01,S03,60.0,56.76,1,ACTIVE
MS006843,2026-08-26 13:30:10+00:00,S03,3,S02,S04,60.0,58.43,1,ACTIVE
MS006844,2026-08-26 13:30:15+00:00,S04,4,S03,S05,60.0,57.79,1,ACTIVE
MS006845,2026-08-26 13:30:20+00:00,S05,5,S04,S06,60.0,55.38,1,ACTIVE
MS006846,2026-08-26 13:30:25+00:00,S06,6,S05,S07,60.0,58.9,1,ACTIVE
MS006847,2026-08-26 13:30:30+00:00,S07,7,S06,S08,60.0,58.04,1,ACTIVE
MS006848,2026-08-26 13:30:35+00:00,S08,8,S07,S09,60.0,58.14,1,ACTIVE
MS006849,2026-08-26 13:30:40+00:00,S09,9,S08,S10,60.0,55.51,1,ACTIVE
MS006850,2026-08-26 13:30:45+00:00,S10,10,S09,S11,60.0,56.8,1,ACTIVE
MS006851,2026-08-26 13:30:50+00:00,S11,11,S10,S12,60.0,56.48,1,ACTIVE
MS006852,2026-08-26 13:30:55+00:00,S12,12,S11,,60.0,58.71,1,ACTIVE
MS006853,2026-08-26 13:31:00+00:00,S01,1,,S02,60.0,58.1,1,ACTIVE
MS006854,2026-08-26 13:31:05+00:00,S02,2,S01,S03,60.0,56.76,1,ACTIVE
MS006855,2026-08-26 13:31:10+00:00,S03,3,S02,S04,60.0,58.43,1,ACTIVE
MS006856,2026-08-26 13:31:15+00:00,S04,4,S03,S05,60.0,57.79,1,ACTIVE
MS006857,2026-08-26 13:31:20+00:00,S05,5,S04,S06,60.0,55.38,1,ACTIVE
MS006858,2026-08-26 13:31:25+00:00,S06,6,S05,S07,60.0,58.9,1,ACTIVE
MS006859,2026-08-26 13:31:30+00:00,S07,7,S06,S08,60.0,58.04,1,ACTIVE
MS006860,2026-08-26 13:31:35+00:00,S08,8,S07,S09,60.0,58.14,1,ACTIVE
MS006861,2026-08-26 13:31:40+00:00,S09,9,S08,S10,60.0,55.51,1,ACTIVE
MS006862,2026-08-26 13:31:45+00:00,S10,10,S09,S11,60.0,56.8,1,ACTIVE
MS006863,2026-08-26 13:31:50+00:00,S11,11,S10,S12,60.0,56.48,1,ACTIVE
MS006864,2026-08-26 13:31:55+00:00,S12,12,S11,,60.0,58.71,1,ACTIVE
MS006865,2026-08-26 13:32:00+00:00,S01,1,,S02,60.0,58.1,1,ACTIVE
MS006866,2026-08-26 13:32:05+00:00,S02,2,S01,S03,60.0,56.76,1,ACTIVE
MS006867,2026-08-26 13:32:10+00:00,S03,3,S02,S04,60.0,58.43,1,ACTIVE
MS006868,2026-08-26 13:32:15+00:00,S04,4,S03,S05,60.0,57.79,1,ACTIVE
MS006869,2026-08-26 13:32:20+00:00,S05,5,S04,S06,60.0,55.38,1,ACTIVE
MS006870,2026-08-26 13:32:25+00:00,S06,6,S05,S07,60.0,58.9,1,ACTIVE
MS006871,2026-08-26 13:32:30+00:00,S07,7,S06,S08,60.0,58.04,1,ACTIVE
MS006872,2026-08-26 13:32:35+00:00,S08,8,S07,S09,60.0,58.14,1,ACTIVE
MS006873,2026-08-26 13:32:40+00:00,S09,9,S08,S10,60.0,55.51,1,ACTIVE
MS006874,2026-08-26 13:32:45+00:00,S10,10,S09,S11,60.0,56.8,1,ACTIVE
MS006875,2026-08-26 13:32:50+00:00,S11,11,S10,S12,60.0,56.48,1,ACTIVE
MS006876,2026-08-26 13:32:55+00:00,S12,12,S11,,60.0,58.71,1,ACTIVE
MS006877,2026-08-26 13:33:00+00:00,S01,1,,S02,60.0,58.1,1,ACTIVE
MS006878,2026-08-26 13:33:05+00:00,S02,2,S01,S03,60.0,56.76,1,ACTIVE
MS006879,2026-08-26 13:33:10+00:00,S03,3,S02,S04,60.0,58.43,1,ACTIVE
MS006880,2026-08-26 13:33:15+00:00,S04,4,S03,S05,60.0,57.79,1,ACTIVE
MS006881,2026-08-26 13:33:20+00:00,S05,5,S04,S06,60.0,55.38,1,ACTIVE
MS006882,2026-08-26 13:33:25+00:00,S06,6,S05,S07,60.0,58.9,1,ACTIVE
MS006883,2026-08-26 13:33:30+00:00,S07,7,S06,S08,60.0,58.04,1,ACTIVE
MS006884,2026-08-26 13:33:35+00:00,S08,8,S07,S09,60.0,58.14,1,ACTIVE
MS006885,2026-08-26 13:33:40+00:00,S09,9,S08,S10,60.0,55.51,1,ACTIVE
MS006886,2026-08-26 13:33:45+00:00,S10,10,S09,S11,60.0,56.8,1,ACTIVE
MS006887,2026-08-26 13:33:50+00:00,S11,11,S10,S12,60.0,56.48,1,ACTIVE
MS006888,2026-08-26 13:33:55+00:00,S12,12,S11,,60.0,58.71,1,ACTIVE
MS006889,2026-08-26 13:34:00+00:00,S01,1,,S02,60.0,58.1,1,ACTIVE
MS006890,2026-08-26 13:34:05+00:00,S02,2,S01,S03,60.0,56.76,1,ACTIVE
MS006891,2026-08-26 13:34:10+00:00,S03,3,S02,S04,60.0,58.43,1,ACTIVE
MS006892,2026-08-26 13:34:15+00:00,S04,4,S03,S05,60.0,57.79,1,ACTIVE
MS006893,2026-08-26 13:34:20+00:00,S05,5,S04,S06,60.0,55.38,1,ACTIVE
MS006894,2026-08-26 13:34:25+00:00,S06,6,S05,S07,60.0,58.9,1,ACTIVE
MS006895,2026-08-26 13:34:30+00:00,S07,7,S06,S08,60.0,58.04,1,ACTIVE
MS006896,2026-08-26 13:34:35+00:00,S08,8,S07,S09,60.0,58.14,1,ACTIVE
MS006897,2026-08-26 13:34:40+00:00,S09,9,S08,S10,60.0,55.51,1,ACTIVE
MS006898,2026-08-26 13:34:45+00:00,S10,10,S09,S11,60.0,56.8,1,ACTIVE
MS006899,2026-08-26 13:34:50+00:00,S11,11,S10,S12,60.0,56.48,1,ACTIVE
MS006900,2026-08-26 13:34:55+00:00,S12,12,S11,,60.0,58.71,1,ACTIVE
MS006901,2026-08-26 13:35:00+00:00,S01,1,,S02,60.0,58.1,1,ACTIVE
MS006902,2026-08-26 13:35:05+00:00,S02,2,S01,S03,60.0,56.76,1,ACTIVE
MS006903,2026-08-26 13:35:10+00:00,S03,3,S02,S04,60.0,58.43,1,ACTIVE
MS006904,2026-08-26 13:35:15+00:00,S04,4,S03,S05,60.0,57.79,1,ACTIVE
MS006905,2026-08-26 13:35:20+00:00,S05,5,S04,S06,60.0,55.38,1,ACTIVE
MS006906,2026-08-26 13:35:25+00:00,S06,6,S05,S07,60.0,58.9,1,ACTIVE
MS006907,2026-08-26 13:35:30+00:00,S07,7,S06,S08,60.0,58.04,1,ACTIVE
MS006908,2026-08-26 13:35:35+00:00,S08,8,S07,S09,60.0,58.14,1,ACTIVE
MS006909,2026-08-26 13:35:40+00:00,S09,9,S08,S10,60.0,55.51,1,ACTIVE
MS006910,2026-08-26 13:35:45+00:00,S10,10,S09,S11,60.0,56.8,1,ACTIVE
MS006911,2026-08-26 13:35:50+00:00,S11,11,S10,S12,60.0,56.48,1,ACTIVE
MS006912,2026-08-26 13:35:55+00:00,S12,12,S11,,60.0,58.71,1,ACTIVE
MS006913,2026-08-26 13:36:00+00:00,S01,1,,S02,60.0,58.1,1,ACTIVE
MS006914,2026-08-26 13:36:05+00:00,S02,2,S01,S03,60.0,56.76,1,ACTIVE
MS006915,2026-08-26 13:36:10+00:00,S03,3,S02,S04,60.0,58.43,1,ACTIVE
MS006916,2026-08-26 13:36:15+00:00,S04,4,S03,S05,60.0,57.79,1,ACTIVE
MS006917,2026-08-26 13:36:20+00:00,S05,5,S04,S06,60.0,55.38,1,ACTIVE
MS006918,2026-08-26 13:36:25+00:00,S06,6,S05,S07,60.0,58.9,1,ACTIVE
MS006919,2026-08-26 13:36:30+00:00,S07,7,S06,S08,60.0,58.04,1,ACTIVE
MS006920,2026-08-26 13:36:35+00:00,S08,8,S07,S09,60.0,58.14,1,ACTIVE
MS006921,2026-08-26 13:36:40+00:00,S09,9,S08,S10,60.0,55.51,1,ACTIVE
MS006922,2026-08-26 13:36:45+00:00,S10,10,S09,S11,60.0,56.8,1,ACTIVE
MS006923,2026-08-26 13:36:50+00:00,S11,11,S10,S12,60.0,56.48,1,ACTIVE
MS006924,2026-08-26 13:36:55+00:00,S12,12,S11,,60.0,58.71,1,ACTIVE
MS006925,2026-08-26 13:37:00+00:00,S01,1,,S02,60.0,58.1,1,ACTIVE
MS006926,2026-08-26 13:37:05+00:00,S02,2,S01,S03,60.0,56.76,1,ACTIVE
MS006927,2026-08-26 13:37:10+00:00,S03,3,S02,S04,60.0,58.43,1,ACTIVE
MS006928,2026-08-26 13:37:15+00:00,S04,4,S03,S05,60.0,57.79,1,ACTIVE
MS006929,2026-08-26 13:37:20+00:00,S05,5,S04,S06,60.0,55.38,1,ACTIVE
MS006930,2026-08-26 13:37:25+00:00,S06,6,S05,S07,60.0,58.9,1,ACTIVE
MS006931,2026-08-26 13:37:30+00:00,S07,7,S06,S08,60.0,58.04,1,ACTIVE
MS006932,2026-08-26 13:37:35+00:00,S08,8,S07,S09,60.0,58.14,1,ACTIVE
MS006933,2026-08-26 13:37:40+00:00,S09,9,S08,S10,60.0,55.51,1,ACTIVE
MS006934,2026-08-26 13:37:45+00:00,S10,10,S09,S11,60.0,56.8,1,ACTIVE
MS006935,2026-08-26 13:37:50+00:00,S11,11,S10,S12,60.0,56.48,1,ACTIVE
MS006936,2026-08-26 13:37:55+00:00,S12,12,S11,,60.0,58.71,1,ACTIVE
MS006937,2026-08-26 13:38:00+00:00,S01,1,,S02,60.0,58.1,1,ACTIVE
MS006938,2026-08-26 13:38:05+00:00,S02,2,S01,S03,60.0,56.76,1,ACTIVE
MS006939,2026-08-26 13:38:10+00:00,S03,3,S02,S04,60.0,58.43,1,ACTIVE
MS006940,2026-08-26 13:38:15+00:00,S04,4,S03,S05,60.0,57.79,1,ACTIVE
MS006941,2026-08-26 13:38:20+00:00,S05,5,S04,S06,60.0,55.38,1,ACTIVE
MS006942,2026-08-26 13:38:25+00:00,S06,6,S05,S07,60.0,58.9,1,ACTIVE
MS006943,2026-08-26 13:38:30+00:00,S07,7,S06,S08,60.0,58.04,1,ACTIVE
MS006944,2026-08-26 13:38:35+00:00,S08,8,S07,S09,60.0,58.14,1,ACTIVE
MS006945,2026-08-26 13:38:40+00:00,S09,9,S08,S10,60.0,55.51,1,ACTIVE
MS006946,2026-08-26 13:38:45+00:00,S10,10,S09,S11,60.0,56.8,1,ACTIVE
MS006947,2026-08-26 13:38:50+00:00,S11,11,S10,S12,60.0,56.48,1,ACTIVE
MS006948,2026-08-26 13:38:55+00:00,S12,12,S11,,60.0,58.71,1,ACTIVE
MS006949,2026-08-26 13:39:00+00:00,S01,1,,S02,60.0,58.1,1,ACTIVE
MS006950,2026-08-26 13:39:05+00:00,S02,2,S01,S03,60.0,56.76,1,ACTIVE
MS006951,2026-08-26 13:39:10+00:00,S03,3,S02,S04,60.0,58.43,1,ACTIVE
MS006952,2026-08-26 13:39:15+00:00,S04,4,S03,S05,60.0,57.79,1,ACTIVE
MS006953,2026-08-26 13:39:20+00:00,S05,5,S04,S06,60.0,55.38,1,ACTIVE
MS006954,2026-08-26 13:39:25+00:00,S06,6,S05,S07,60.0,58.9,1,ACTIVE
MS006955,2026-08-26 13:39:30+00:00,S07,7,S06,S08,60.0,58.04,1,ACTIVE
MS006956,2026-08-26 13:39:35+00:00,S08,8,S07,S09,60.0,58.14,1,ACTIVE
MS006957,2026-08-26 13:39:40+00:00,S09,9,S08,S10,60.0,55.51,1,ACTIVE
MS006958,2026-08-26 13:39:45+00:00,S10,10,S09,S11,60.0,56.8,1,ACTIVE
MS006959,2026-08-26 13:39:50+00:00,S11,11,S10,S12,60.0,56.48,1,ACTIVE
MS006960,2026-08-26 13:39:55+00:00,S12,12,S11,,60.0,58.71,1,ACTIVE
MS006961,2026-08-26 13:40:00+00:00,S01,1,,S02,60.0,58.1,1,ACTIVE
MS006962,2026-08-26 13:40:05+00:00,S02,2,S01,S03,60.0,56.76,1,ACTIVE
MS006963,2026-08-26 13:40:10+00:00,S03,3,S02,S04,60.0,58.43,1,ACTIVE
MS006964,2026-08-26 13:40:15+00:00,S04,4,S03,S05,60.0,57.79,1,ACTIVE
MS006965,2026-08-26 13:40:20+00:00,S05,5,S04,S06,60.0,55.38,1,ACTIVE
MS006966,2026-08-26 13:40:25+00:00,S06,6,S05,S07,60.0,58.9,1,ACTIVE
MS006967,2026-08-26 13:40:30+00:00,S07,7,S06,S08,60.0,58.04,1,ACTIVE
MS006968,2026-08-26 13:40:35+00:00,S08,8,S07,S09,60.0,58.14,1,ACTIVE
MS006969,2026-08-26 13:40:40+00:00,S09,9,S08,S10,60.0,55.51,1,ACTIVE
MS006970,2026-08-26 13:40:45+00:00,S10,10,S09,S11,60.0,56.8,1,ACTIVE
MS006971,2026-08-26 13:40:50+00:00,S11,11,S10,S12,60.0,56.48,1,ACTIVE
MS006972,2026-08-26 13:40:55+00:00,S12,12,S11,,60.0,58.71,1,ACTIVE
MS006973,2026-08-26 13:41:00+00:00,S01,1,,S02,60.0,58.1,1,ACTIVE
MS006974,2026-08-26 13:41:05+00:00,S02,2,S01,S03,60.0,56.76,1,ACTIVE
MS006975,2026-08-26 13:41:10+00:00,S03,3,S02,S04,60.0,58.43,1,ACTIVE
MS006976,2026-08-26 13:41:15+00:00,S04,4,S03,S05,60.0,57.79,1,ACTIVE
MS006977,2026-08-26 13:41:20+00:00,S05,5,S04,S06,60.0,55.38,1,ACTIVE
MS006978,2026-08-26 13:41:25+00:00,S06,6,S05,S07,60.0,58.9,1,ACTIVE
MS006979,2026-08-26 13:41:30+00:00,S07,7,S06,S08,60.0,58.04,1,ACTIVE
MS006980,2026-08-26 13:41:35+00:00,S08,8,S07,S09,60.0,58.14,1,ACTIVE
MS006981,2026-08-26 13:41:40+00:00,S09,9,S08,S10,60.0,55.51,1,ACTIVE
MS006982,2026-08-26 13:41:45+00:00,S10,10,S09,S11,60.0,56.8,1,ACTIVE
MS006983,2026-08-26 13:41:50+00:00,S11,11,S10,S12,60.0,56.48,1,ACTIVE
MS006984,2026-08-26 13:41:55+00:00,S12,12,S11,,60.0,58.71,1,ACTIVE
MS006985,2026-08-26 13:42:00+00:00,S01,1,,S02,60.0,58.1,1,ACTIVE
MS006986,2026-08-26 13:42:05+00:00,S02,2,S01,S03,60.0,56.76,1,ACTIVE
MS006987,2026-08-26 13:42:10+00:00,S03,3,S02,S04,60.0,58.43,1,ACTIVE
MS006988,2026-08-26 13:42:15+00:00,S04,4,S03,S05,60.0,57.79,1,ACTIVE
MS006989,2026-08-26 13:42:20+00:00,S05,5,S04,S06,60.0,55.38,1,ACTIVE
MS006990,2026-08-26 13:42:25+00:00,S06,6,S05,S07,60.0,58.9,1,ACTIVE
MS006991,2026-08-26 13:42:30+00:00,S07,7,S06,S08,60.0,58.04,1,ACTIVE
MS006992,2026-08-26 13:42:35+00:00,S08,8,S07,S09,60.0,58.14,1,ACTIVE
MS006993,2026-08-26 13:42:40+00:00,S09,9,S08,S10,60.0,55.51,1,ACTIVE
MS006994,2026-08-26 13:42:45+00:00,S10,10,S09,S11,60.0,56.8,1,ACTIVE
MS006995,2026-08-26 13:42:50+00:00,S11,11,S10,S12,60.0,56.48,1,ACTIVE
MS006996,2026-08-26 13:42:55+00:00,S12,12,S11,,60.0,58.71,1,ACTIVE
MS006997,2026-08-26 13:43:00+00:00,S01,1,,S02,60.0,58.1,1,ACTIVE
MS006998,2026-08-26 13:43:05+00:00,S02,2,S01,S03,60.0,56.76,1,ACTIVE
MS006999,2026-08-26 13:43:10+00:00,S03,3,S02,S04,60.0,58.43,1,ACTIVE
MS007000,2026-08-26 13:43:15+00:00,S04,4,S03,S05,60.0,57.79,1,ACTIVE
MS007001,2026-08-26 13:43:20+00:00,S05,5,S04,S06,60.0,55.38,1,ACTIVE
MS007002,2026-08-26 13:43:25+00:00,S06,6,S05,S07,60.0,58.9,1,ACTIVE
MS007003,2026-08-26 13:43:30+00:00,S07,7,S06,S08,60.0,58.04,1,ACTIVE
MS007004,2026-08-26 13:43:35+00:00,S08,8,S07,S09,60.0,58.14,1,ACTIVE
MS007005,2026-08-26 13:43:40+00:00,S09,9,S08,S10,60.0,55.51,1,ACTIVE
MS007006,2026-08-26 13:43:45+00:00,S10,10,S09,S11,60.0,56.8,1,ACTIVE
MS007007,2026-08-26 13:43:50+00:00,S11,11,S10,S12,60.0,56.48,1,ACTIVE
MS007008,2026-08-26 13:43:55+00:00,S12,12,S11,,60.0,58.71,1,ACTIVE
MS007009,2026-08-26 13:44:00+00:00,S01,1,,S02,60.0,58.1,1,ACTIVE
MS007010,2026-08-26 13:44:05+00:00,S02,2,S01,S03,60.0,56.76,1,ACTIVE
MS007011,2026-08-26 13:44:10+00:00,S03,3,S02,S04,60.0,58.43,1,ACTIVE
MS007012,2026-08-26 13:44:15+00:00,S04,4,S03,S05,60.0,57.79,1,ACTIVE
MS007013,2026-08-26 13:44:20+00:00,S05,5,S04,S06,60.0,55.38,1,ACTIVE
MS007014,2026-08-26 13:44:25+00:00,S06,6,S05,S07,60.0,58.9,1,ACTIVE
MS007015,2026-08-26 13:44:30+00:00,S07,7,S06,S08,60.0,58.04,1,ACTIVE
MS007016,2026-08-26 13:44:35+00:00,S08,8,S07,S09,60.0,58.14,1,ACTIVE
MS007017,2026-08-26 13:44:40+00:00,S09,9,S08,S10,60.0,55.51,1,ACTIVE
MS007018,2026-08-26 13:44:45+00:00,S10,10,S09,S11,60.0,56.8,1,ACTIVE
MS007019,2026-08-26 13:44:50+00:00,S11,11,S10,S12,60.0,56.48,1,ACTIVE
MS007020,2026-08-26 13:44:55+00:00,S12,12,S11,,60.0,58.71,1,ACTIVE
MS007021,2026-08-26 13:45:00+00:00,S01,1,,S02,60.0,58.1,1,ACTIVE
MS007022,2026-08-26 13:45:05+00:00,S02,2,S01,S03,60.0,56.76,1,ACTIVE
MS007023,2026-08-26 13:45:10+00:00,S03,3,S02,S04,60.0,58.43,1,ACTIVE
MS007024,2026-08-26 13:45:15+00:00,S04,4,S03,S05,60.0,57.79,1,ACTIVE
MS007025,2026-08-26 13:45:20+00:00,S05,5,S04,S06,60.0,55.38,1,ACTIVE
MS007026,2026-08-26 13:45:25+00:00,S06,6,S05,S07,60.0,58.9,1,ACTIVE
MS007027,2026-08-26 13:45:30+00:00,S07,7,S06,S08,60.0,58.04,1,ACTIVE
MS007028,2026-08-26 13:45:35+00:00,S08,8,S07,S09,60.0,58.14,1,ACTIVE
MS007029,2026-08-26 13:45:40+00:00,S09,9,S08,S10,60.0,55.51,1,ACTIVE
MS007030,2026-08-26 13:45:45+00:00,S10,10,S09,S11,60.0,56.8,1,ACTIVE
MS007031,2026-08-26 13:45:50+00:00,S11,11,S10,S12,60.0,56.48,1,ACTIVE
MS007032,2026-08-26 13:45:55+00:00,S12,12,S11,,60.0,58.71,1,ACTIVE
MS007033,2026-08-26 13:46:00+00:00,S01,1,,S02,60.0,58.1,1,ACTIVE
MS007034,2026-08-26 13:46:05+00:00,S02,2,S01,S03,60.0,56.76,1,ACTIVE
MS007035,2026-08-26 13:46:10+00:00,S03,3,S02,S04,60.0,58.43,1,ACTIVE
MS007036,2026-08-26 13:46:15+00:00,S04,4,S03,S05,60.0,57.79,1,ACTIVE
MS007037,2026-08-26 13:46:20+00:00,S05,5,S04,S06,60.0,55.38,1,ACTIVE
MS007038,2026-08-26 13:46:25+00:00,S06,6,S05,S07,60.0,58.9,1,ACTIVE
MS007039,2026-08-26 13:46:30+00:00,S07,7,S06,S08,60.0,58.04,1,ACTIVE
MS007040,2026-08-26 13:46:35+00:00,S08,8,S07,S09,60.0,58.14,1,ACTIVE
MS007041,2026-08-26 13:46:40+00:00,S09,9,S08,S10,60.0,55.51,1,ACTIVE
MS007042,2026-08-26 13:46:45+00:00,S10,10,S09,S11,60.0,56.8,1,ACTIVE
MS007043,2026-08-26 13:46:50+00:00,S11,11,S10,S12,60.0,56.48,1,ACTIVE
MS007044,2026-08-26 13:46:55+00:00,S12,12,S11,,60.0,58.71,1,ACTIVE
MS007045,2026-08-26 13:47:00+00:00,S01,1,,S02,60.0,58.1,1,ACTIVE
MS007046,2026-08-26 13:47:05+00:00,S02,2,S01,S03,60.0,56.76,1,ACTIVE
MS007047,2026-08-26 13:47:10+00:00,S03,3,S02,S04,60.0,58.43,1,ACTIVE
MS007048,2026-08-26 13:47:15+00:00,S04,4,S03,S05,60.0,57.79,1,ACTIVE
MS007049,2026-08-26 13:47:20+00:00,S05,5,S04,S06,60.0,55.38,1,ACTIVE
MS007050,2026-08-26 13:47:25+00:00,S06,6,S05,S07,60.0,58.9,1,ACTIVE
MS007051,2026-08-26 13:47:30+00:00,S07,7,S06,S08,60.0,58.04,1,ACTIVE
MS007052,2026-08-26 13:47:35+00:00,S08,8,S07,S09,60.0,58.14,1,ACTIVE
MS007053,2026-08-26 13:47:40+00:00,S09,9,S08,S10,60.0,55.51,1,ACTIVE
MS007054,2026-08-26 13:47:45+00:00,S10,10,S09,S11,60.0,56.8,1,ACTIVE
MS007055,2026-08-26 13:47:50+00:00,S11,11,S10,S12,60.0,56.48,1,ACTIVE
MS007056,2026-08-26 13:47:55+00:00,S12,12,S11,,60.0,58.71,1,ACTIVE
MS007057,2026-08-26 13:48:00+00:00,S01,1,,S02,60.0,58.1,1,ACTIVE
MS007058,2026-08-26 13:48:05+00:00,S02,2,S01,S03,60.0,56.76,1,ACTIVE
MS007059,2026-08-26 13:48:10+00:00,S03,3,S02,S04,60.0,58.43,1,ACTIVE
MS007060,2026-08-26 13:48:15+00:00,S04,4,S03,S05,60.0,57.79,1,ACTIVE
MS007061,2026-08-26 13:48:20+00:00,S05,5,S04,S06,60.0,55.38,1,ACTIVE
MS007062,2026-08-26 13:48:25+00:00,S06,6,S05,S07,60.0,58.9,1,ACTIVE
MS007063,2026-08-26 13:48:30+00:00,S07,7,S06,S08,60.0,58.04,1,ACTIVE
MS007064,2026-08-26 13:48:35+00:00,S08,8,S07,S09,60.0,58.14,1,ACTIVE
MS007065,2026-08-26 13:48:40+00:00,S09,9,S08,S10,60.0,55.51,1,ACTIVE
MS007066,2026-08-26 13:48:45+00:00,S10,10,S09,S11,60.0,56.8,1,ACTIVE
MS007067,2026-08-26 13:48:50+00:00,S11,11,S10,S12,60.0,56.48,1,ACTIVE
MS007068,2026-08-26 13:48:55+00:00,S12,12,S11,,60.0,58.71,1,ACTIVE
MS007069,2026-08-26 13:49:00+00:00,S01,1,,S02,60.0,58.1,1,ACTIVE
MS007070,2026-08-26 13:49:05+00:00,S02,2,S01,S03,60.0,56.76,1,ACTIVE
MS007071,2026-08-26 13:49:10+00:00,S03,3,S02,S04,60.0,58.43,1,ACTIVE
MS007072,2026-08-26 13:49:15+00:00,S04,4,S03,S05,60.0,57.79,1,ACTIVE
MS007073,2026-08-26 13:49:20+00:00,S05,5,S04,S06,60.0,55.38,1,ACTIVE
MS007074,2026-08-26 13:49:25+00:00,S06,6,S05,S07,60.0,58.9,1,ACTIVE
MS007075,2026-08-26 13:49:30+00:00,S07,7,S06,S08,60.0,58.04,1,ACTIVE
MS007076,2026-08-26 13:49:35+00:00,S08,8,S07,S09,60.0,58.14,1,ACTIVE
MS007077,2026-08-26 13:49:40+00:00,S09,9,S08,S10,60.0,55.51,1,ACTIVE
MS007078,2026-08-26 13:49:45+00:00,S10,10,S09,S11,60.0,56.8,1,ACTIVE
MS007079,2026-08-26 13:49:50+00:00,S11,11,S10,S12,60.0,56.48,1,ACTIVE
MS007080,2026-08-26 13:49:55+00:00,S12,12,S11,,60.0,58.71,1,ACTIVE
MS007081,2026-08-26 13:50:00+00:00,S01,1,,S02,60.0,58.1,1,ACTIVE
MS007082,2026-08-26 13:50:05+00:00,S02,2,S01,S03,60.0,56.76,1,ACTIVE
MS007083,2026-08-26 13:50:10+00:00,S03,3,S02,S04,60.0,58.43,1,ACTIVE
MS007084,2026-08-26 13:50:15+00:00,S04,4,S03,S05,60.0,57.79,1,ACTIVE
MS007085,2026-08-26 13:50:20+00:00,S05,5,S04,S06,60.0,55.38,1,ACTIVE
MS007086,2026-08-26 13:50:25+00:00,S06,6,S05,S07,60.0,58.9,1,ACTIVE
MS007087,2026-08-26 13:50:30+00:00,S07,7,S06,S08,60.0,58.04,1,ACTIVE
MS007088,2026-08-26 13:50:35+00:00,S08,8,S07,S09,60.0,58.14,1,ACTIVE
MS007089,2026-08-26 13:50:40+00:00,S09,9,S08,S10,60.0,55.51,1,ACTIVE
MS007090,2026-08-26 13:50:45+00:00,S10,10,S09,S11,60.0,56.8,1,ACTIVE
MS007091,2026-08-26 13:50:50+00:00,S11,11,S10,S12,60.0,56.48,1,ACTIVE
MS007092,2026-08-26 13:50:55+00:00,S12,12,S11,,60.0,58.71,1,ACTIVE
MS007093,2026-08-26 13:51:00+00:00,S01,1,,S02,60.0,58.1,1,ACTIVE
MS007094,2026-08-26 13:51:05+00:00,S02,2,S01,S03,60.0,56.76,1,ACTIVE
MS007095,2026-08-26 13:51:10+00:00,S03,3,S02,S04,60.0,58.43,1,ACTIVE
MS007096,2026-08-26 13:51:15+00:00,S04,4,S03,S05,60.0,57.79,1,ACTIVE
MS007097,2026-08-26 13:51:20+00:00,S05,5,S04,S06,60.0,55.38,1,ACTIVE
MS007098,2026-08-26 13:51:25+00:00,S06,6,S05,S07,60.0,58.9,1,ACTIVE
MS007099,2026-08-26 13:51:30+00:00,S07,7,S06,S08,60.0,58.04,1,ACTIVE
MS007100,2026-08-26 13:51:35+00:00,S08,8,S07,S09,60.0,58.14,1,ACTIVE
MS007101,2026-08-26 13:51:40+00:00,S09,9,S08,S10,60.0,55.51,1,ACTIVE
MS007102,2026-08-26 13:51:45+00:00,S10,10,S09,S11,60.0,56.8,1,ACTIVE
MS007103,2026-08-26 13:51:50+00:00,S11,11,S10,S12,60.0,56.48,1,ACTIVE
MS007104,2026-08-26 13:51:55+00:00,S12,12,S11,,60.0,58.71,1,ACTIVE
MS007105,2026-08-26 13:52:00+00:00,S01,1,,S02,60.0,58.1,1,ACTIVE
MS007106,2026-08-26 13:52:05+00:00,S02,2,S01,S03,60.0,56.76,1,ACTIVE
MS007107,2026-08-26 13:52:10+00:00,S03,3,S02,S04,60.0,58.43,1,ACTIVE
MS007108,2026-08-26 13:52:15+00:00,S04,4,S03,S05,60.0,57.79,1,ACTIVE
MS007109,2026-08-26 13:52:20+00:00,S05,5,S04,S06,60.0,55.38,1,ACTIVE
MS007110,2026-08-26 13:52:25+00:00,S06,6,S05,S07,60.0,58.9,1,ACTIVE
MS007111,2026-08-26 13:52:30+00:00,S07,7,S06,S08,60.0,58.04,1,ACTIVE
MS007112,2026-08-26 13:52:35+00:00,S08,8,S07,S09,60.0,58.14,1,ACTIVE
MS007113,2026-08-26 13:52:40+00:00,S09,9,S08,S10,60.0,55.51,1,ACTIVE
MS007114,2026-08-26 13:52:45+00:00,S10,10,S09,S11,60.0,56.8,1,ACTIVE
MS007115,2026-08-26 13:52:50+00:00,S11,11,S10,S12,60.0,56.48,1,ACTIVE
MS007116,2026-08-26 13:52:55+00:00,S12,12,S11,,60.0,58.71,1,ACTIVE
MS007117,2026-08-26 13:53:00+00:00,S01,1,,S02,60.0,58.1,1,ACTIVE
MS007118,2026-08-26 13:53:05+00:00,S02,2,S01,S03,60.0,56.76,1,ACTIVE
MS007119,2026-08-26 13:53:10+00:00,S03,3,S02,S04,60.0,58.43,1,ACTIVE
MS007120,2026-08-26 13:53:15+00:00,S04,4,S03,S05,60.0,57.79,1,ACTIVE
MS007121,2026-08-26 13:53:20+00:00,S05,5,S04,S06,60.0,55.38,1,ACTIVE
MS007122,2026-08-26 13:53:25+00:00,S06,6,S05,S07,60.0,58.9,1,ACTIVE
MS007123,2026-08-26 13:53:30+00:00,S07,7,S06,S08,60.0,58.04,1,ACTIVE
MS007124,2026-08-26 13:53:35+00:00,S08,8,S07,S09,60.0,58.14,1,ACTIVE
MS007125,2026-08-26 13:53:40+00:00,S09,9,S08,S10,60.0,55.51,1,ACTIVE
MS007126,2026-08-26 13:53:45+00:00,S10,10,S09,S11,60.0,56.8,1,ACTIVE
MS007127,2026-08-26 13:53:50+00:00,S11,11,S10,S12,60.0,56.48,1,ACTIVE
MS007128,2026-08-26 13:53:55+00:00,S12,12,S11,,60.0,58.71,1,ACTIVE
MS007129,2026-08-26 13:54:00+00:00,S01,1,,S02,60.0,58.1,1,ACTIVE
MS007130,2026-08-26 13:54:05+00:00,S02,2,S01,S03,60.0,56.76,1,ACTIVE
MS007131,2026-08-26 13:54:10+00:00,S03,3,S02,S04,60.0,58.43,1,ACTIVE
MS007132,2026-08-26 13:54:15+00:00,S04,4,S03,S05,60.0,57.79,1,ACTIVE
MS007133,2026-08-26 13:54:20+00:00,S05,5,S04,S06,60.0,55.38,1,ACTIVE
MS007134,2026-08-26 13:54:25+00:00,S06,6,S05,S07,60.0,58.9,1,ACTIVE
MS007135,2026-08-26 13:54:30+00:00,S07,7,S06,S08,60.0,58.04,1,ACTIVE
MS007136,2026-08-26 13:54:35+00:00,S08,8,S07,S09,60.0,58.14,1,ACTIVE
MS007137,2026-08-26 13:54:40+00:00,S09,9,S08,S10,60.0,55.51,1,ACTIVE
MS007138,2026-08-26 13:54:45+00:00,S10,10,S09,S11,60.0,56.8,1,ACTIVE
MS007139,2026-08-26 13:54:50+00:00,S11,11,S10,S12,60.0,56.48,1,ACTIVE
MS007140,2026-08-26 13:54:55+00:00,S12,12,S11,,60.0,58.71,1,ACTIVE
MS007141,2026-08-26 13:55:00+00:00,S01,1,,S02,60.0,58.1,1,ACTIVE
MS007142,2026-08-26 13:55:05+00:00,S02,2,S01,S03,60.0,56.76,1,ACTIVE
MS007143,2026-08-26 13:55:10+00:00,S03,3,S02,S04,60.0,58.43,1,ACTIVE
MS007144,2026-08-26 13:55:15+00:00,S04,4,S03,S05,60.0,57.79,1,ACTIVE
MS007145,2026-08-26 13:55:20+00:00,S05,5,S04,S06,60.0,55.38,1,ACTIVE
MS007146,2026-08-26 13:55:25+00:00,S06,6,S05,S07,60.0,58.9,1,ACTIVE
MS007147,2026-08-26 13:55:30+00:00,S07,7,S06,S08,60.0,58.04,1,ACTIVE
MS007148,2026-08-26 13:55:35+00:00,S08,8,S07,S09,60.0,58.14,1,ACTIVE
MS007149,2026-08-26 13:55:40+00:00,S09,9,S08,S10,60.0,55.51,1,ACTIVE
MS007150,2026-08-26 13:55:45+00:00,S10,10,S09,S11,60.0,56.8,1,ACTIVE
MS007151,2026-08-26 13:55:50+00:00,S11,11,S10,S12,60.0,56.48,1,ACTIVE
MS007152,2026-08-26 13:55:55+00:00,S12,12,S11,,60.0,58.71,1,ACTIVE
MS007153,2026-08-26 13:56:00+00:00,S01,1,,S02,60.0,58.1,1,ACTIVE
MS007154,2026-08-26 13:56:05+00:00,S02,2,S01,S03,60.0,56.76,1,ACTIVE
MS007155,2026-08-26 13:56:10+00:00,S03,3,S02,S04,60.0,58.43,1,ACTIVE
MS007156,2026-08-26 13:56:15+00:00,S04,4,S03,S05,60.0,57.79,1,ACTIVE
MS007157,2026-08-26 13:56:20+00:00,S05,5,S04,S06,60.0,55.38,1,ACTIVE
MS007158,2026-08-26 13:56:25+00:00,S06,6,S05,S07,60.0,58.9,1,ACTIVE
MS007159,2026-08-26 13:56:30+00:00,S07,7,S06,S08,60.0,58.04,1,ACTIVE
MS007160,2026-08-26 13:56:35+00:00,S08,8,S07,S09,60.0,58.14,1,ACTIVE
MS007161,2026-08-26 13:56:40+00:00,S09,9,S08,S10,60.0,55.51,1,ACTIVE
MS007162,2026-08-26 13:56:45+00:00,S10,10,S09,S11,60.0,56.8,1,ACTIVE
MS007163,2026-08-26 13:56:50+00:00,S11,11,S10,S12,60.0,56.48,1,ACTIVE
MS007164,2026-08-26 13:56:55+00:00,S12,12,S11,,60.0,58.71,1,ACTIVE
MS007165,2026-08-26 13:57:00+00:00,S01,1,,S02,60.0,58.1,1,ACTIVE
MS007166,2026-08-26 13:57:05+00:00,S02,2,S01,S03,60.0,56.76,1,ACTIVE
MS007167,2026-08-26 13:57:10+00:00,S03,3,S02,S04,60.0,58.43,1,ACTIVE
MS007168,2026-08-26 13:57:15+00:00,S04,4,S03,S05,60.0,57.79,1,ACTIVE
MS007169,2026-08-26 13:57:20+00:00,S05,5,S04,S06,60.0,55.38,1,ACTIVE
MS007170,2026-08-26 13:57:25+00:00,S06,6,S05,S07,60.0,58.9,1,ACTIVE
MS007171,2026-08-26 13:57:30+00:00,S07,7,S06,S08,60.0,58.04,1,ACTIVE
MS007172,2026-08-26 13:57:35+00:00,S08,8,S07,S09,60.0,58.14,1,ACTIVE
MS007173,2026-08-26 13:57:40+00:00,S09,9,S08,S10,60.0,55.51,1,ACTIVE
MS007174,2026-08-26 13:57:45+00:00,S10,10,S09,S11,60.0,56.8,1,ACTIVE
MS007175,2026-08-26 13:57:50+00:00,S11,11,S10,S12,60.0,56.48,1,ACTIVE
MS007176,2026-08-26 13:57:55+00:00,S12,12,S11,,60.0,58.71,1,ACTIVE
MS007177,2026-08-26 13:58:00+00:00,S01,1,,S02,60.0,58.1,1,ACTIVE
MS007178,2026-08-26 13:58:05+00:00,S02,2,S01,S03,60.0,56.76,1,ACTIVE
MS007179,2026-08-26 13:58:10+00:00,S03,3,S02,S04,60.0,58.43,1,ACTIVE
MS007180,2026-08-26 13:58:15+00:00,S04,4,S03,S05,60.0,57.79,1,ACTIVE
MS007181,2026-08-26 13:58:20+00:00,S05,5,S04,S06,60.0,55.38,1,ACTIVE
MS007182,2026-08-26 13:58:25+00:00,S06,6,S05,S07,60.0,58.9,1,ACTIVE
MS007183,2026-08-26 13:58:30+00:00,S07,7,S06,S08,60.0,58.04,1,ACTIVE
MS007184,2026-08-26 13:58:35+00:00,S08,8,S07,S09,60.0,58.14,1,ACTIVE
MS007185,2026-08-26 13:58:40+00:00,S09,9,S08,S10,60.0,55.51,1,ACTIVE
MS007186,2026-08-26 13:58:45+00:00,S10,10,S09,S11,60.0,56.8,1,ACTIVE
MS007187,2026-08-26 13:58:50+00:00,S11,11,S10,S12,60.0,56.48,1,ACTIVE
MS007188,2026-08-26 13:58:55+00:00,S12,12,S11,,60.0,58.71,1,ACTIVE
MS007189,2026-08-26 13:59:00+00:00,S01,1,,S02,60.0,58.1,1,ACTIVE
MS007190,2026-08-26 13:59:05+00:00,S02,2,S01,S03,60.0,56.76,1,ACTIVE
MS007191,2026-08-26 13:59:10+00:00,S03,3,S02,S04,60.0,58.43,1,ACTIVE
MS007192,2026-08-26 13:59:15+00:00,S04,4,S03,S05,60.0,57.79,1,ACTIVE
MS007193,2026-08-26 13:59:20+00:00,S05,5,S04,S06,60.0,55.38,1,ACTIVE
MS007194,2026-08-26 13:59:25+00:00,S06,6,S05,S07,60.0,58.9,1,ACTIVE
MS007195,2026-08-26 13:59:30+00:00,S07,7,S06,S08,60.0,58.04,1,ACTIVE
MS007196,2026-08-26 13:59:35+00:00,S08,8,S07,S09,60.0,58.14,1,ACTIVE
MS007197,2026-08-26 13:59:40+00:00,S09,9,S08,S10,60.0,55.51,1,ACTIVE
MS007198,2026-08-26 13:59:45+00:00,S10,10,S09,S11,60.0,56.8,1,ACTIVE
MS007199,2026-08-26 13:59:50+00:00,S11,11,S10,S12,60.0,56.48,1,ACTIVE
MS007200,2026-08-26 13:59:55+00:00,S12,12,S11,,60.0,58.71,1,ACTIVE
MS007201,2026-08-26 14:00:00+00:00,S01,1,,S02,60.0,58.1,1,ACTIVE
MS007202,2026-08-26 14:00:05+00:00,S02,2,S01,S03,60.0,56.76,1,ACTIVE
MS007203,2026-08-26 14:00:10+00:00,S03,3,S02,S04,60.0,58.43,1,ACTIVE
MS007204,2026-08-26 14:00:15+00:00,S04,4,S03,S05,60.0,57.79,1,ACTIVE
MS007205,2026-08-26 14:00:20+00:00,S05,5,S04,S06,60.0,55.38,1,ACTIVE
MS007206,2026-08-26 14:00:25+00:00,S06,6,S05,S07,60.0,58.9,1,ACTIVE
MS007207,2026-08-26 14:00:30+00:00,S07,7,S06,S08,60.0,58.04,1,ACTIVE
MS007208,2026-08-26 14:00:35+00:00,S08,8,S07,S09,60.0,58.14,1,ACTIVE
MS007209,2026-08-26 14:00:40+00:00,S09,9,S08,S10,60.0,55.51,1,ACTIVE
MS007210,2026-08-26 14:00:45+00:00,S10,10,S09,S11,60.0,56.8,1,ACTIVE
MS007211,2026-08-26 14:00:50+00:00,S11,11,S10,S12,60.0,56.48,1,ACTIVE
MS007212,2026-08-26 14:00:55+00:00,S12,12,S11,,60.0,58.71,1,ACTIVE
MS007213,2026-08-26 14:01:00+00:00,S01,1,,S02,60.0,58.1,1,ACTIVE
MS007214,2026-08-26 14:01:05+00:00,S02,2,S01,S03,60.0,56.76,1,ACTIVE
MS007215,2026-08-26 14:01:10+00:00,S03,3,S02,S04,60.0,58.43,1,ACTIVE
MS007216,2026-08-26 14:01:15+00:00,S04,4,S03,S05,60.0,57.79,1,ACTIVE
MS007217,2026-08-26 14:01:20+00:00,S05,5,S04,S06,60.0,55.38,1,ACTIVE
MS007218,2026-08-26 14:01:25+00:00,S06,6,S05,S07,60.0,58.9,1,ACTIVE
MS007219,2026-08-26 14:01:30+00:00,S07,7,S06,S08,60.0,58.04,1,ACTIVE
MS007220,2026-08-26 14:01:35+00:00,S08,8,S07,S09,60.0,58.14,1,ACTIVE
MS007221,2026-08-26 14:01:40+00:00,S09,9,S08,S10,60.0,55.51,1,ACTIVE
MS007222,2026-08-26 14:01:45+00:00,S10,10,S09,S11,60.0,56.8,1,ACTIVE
MS007223,2026-08-26 14:01:50+00:00,S11,11,S10,S12,60.0,56.48,1,ACTIVE
MS007224,2026-08-26 14:01:55+00:00,S12,12,S11,,60.0,58.71,1,ACTIVE
MS007225,2026-08-26 14:02:00+00:00,S01,1,,S02,60.0,58.1,1,ACTIVE
MS007226,2026-08-26 14:02:05+00:00,S02,2,S01,S03,60.0,56.76,1,ACTIVE
MS007227,2026-08-26 14:02:10+00:00,S03,3,S02,S04,60.0,58.43,1,ACTIVE
MS007228,2026-08-26 14:02:15+00:00,S04,4,S03,S05,60.0,57.79,1,ACTIVE
MS007229,2026-08-26 14:02:20+00:00,S05,5,S04,S06,60.0,55.38,1,ACTIVE
MS007230,2026-08-26 14:02:25+00:00,S06,6,S05,S07,60.0,58.9,1,ACTIVE
MS007231,2026-08-26 14:02:30+00:00,S07,7,S06,S08,60.0,58.04,1,ACTIVE
MS007232,2026-08-26 14:02:35+00:00,S08,8,S07,S09,60.0,58.14,1,ACTIVE
MS007233,2026-08-26 14:02:40+00:00,S09,9,S08,S10,60.0,55.51,1,ACTIVE
MS007234,2026-08-26 14:02:45+00:00,S10,10,S09,S11,60.0,56.8,1,ACTIVE
MS007235,2026-08-26 14:02:50+00:00,S11,11,S10,S12,60.0,56.48,1,ACTIVE
MS007236,2026-08-26 14:02:55+00:00,S12,12,S11,,60.0,58.71,1,ACTIVE
MS007237,2026-08-26 14:03:00+00:00,S01,1,,S02,60.0,58.1,1,ACTIVE
MS007238,2026-08-26 14:03:05+00:00,S02,2,S01,S03,60.0,56.76,1,ACTIVE
MS007239,2026-08-26 14:03:10+00:00,S03,3,S02,S04,60.0,58.43,1,ACTIVE
MS007240,2026-08-26 14:03:15+00:00,S04,4,S03,S05,60.0,57.79,1,ACTIVE
MS007241,2026-08-26 14:03:20+00:00,S05,5,S04,S06,60.0,55.38,1,ACTIVE
MS007242,2026-08-26 14:03:25+00:00,S06,6,S05,S07,60.0,58.9,1,ACTIVE
MS007243,2026-08-26 14:03:30+00:00,S07,7,S06,S08,60.0,58.04,1,ACTIVE
MS007244,2026-08-26 14:03:35+00:00,S08,8,S07,S09,60.0,58.14,1,ACTIVE
MS007245,2026-08-26 14:03:40+00:00,S09,9,S08,S10,60.0,55.51,1,ACTIVE
MS007246,2026-08-26 14:03:45+00:00,S10,10,S09,S11,60.0,56.8,1,ACTIVE
MS007247,2026-08-26 14:03:50+00:00,S11,11,S10,S12,60.0,56.48,1,ACTIVE
MS007248,2026-08-26 14:03:55+00:00,S12,12,S11,,60.0,58.71,1,ACTIVE
MS007249,2026-08-26 14:04:00+00:00,S01,1,,S02,60.0,58.1,1,ACTIVE
MS007250,2026-08-26 14:04:05+00:00,S02,2,S01,S03,60.0,56.76,1,ACTIVE
MS007251,2026-08-26 14:04:10+00:00,S03,3,S02,S04,60.0,58.43,1,ACTIVE
MS007252,2026-08-26 14:04:15+00:00,S04,4,S03,S05,60.0,57.79,1,ACTIVE
MS007253,2026-08-26 14:04:20+00:00,S05,5,S04,S06,60.0,55.38,1,ACTIVE
MS007254,2026-08-26 14:04:25+00:00,S06,6,S05,S07,60.0,58.9,1,ACTIVE
MS007255,2026-08-26 14:04:30+00:00,S07,7,S06,S08,60.0,58.04,1,ACTIVE
MS007256,2026-08-26 14:04:35+00:00,S08,8,S07,S09,60.0,58.14,1,ACTIVE
MS007257,2026-08-26 14:04:40+00:00,S09,9,S08,S10,60.0,55.51,1,ACTIVE
MS007258,2026-08-26 14:04:45+00:00,S10,10,S09,S11,60.0,56.8,1,ACTIVE
MS007259,2026-08-26 14:04:50+00:00,S11,11,S10,S12,60.0,56.48,1,ACTIVE
MS007260,2026-08-26 14:04:55+00:00,S12,12,S11,,60.0,58.71,1,ACTIVE
MS007261,2026-08-26 14:05:00+00:00,S01,1,,S02,60.0,58.1,1,ACTIVE
MS007262,2026-08-26 14:05:05+00:00,S02,2,S01,S03,60.0,56.76,1,ACTIVE
MS007263,2026-08-26 14:05:10+00:00,S03,3,S02,S04,60.0,58.43,1,ACTIVE
MS007264,2026-08-26 14:05:15+00:00,S04,4,S03,S05,60.0,57.79,1,ACTIVE
MS007265,2026-08-26 14:05:20+00:00,S05,5,S04,S06,60.0,55.38,1,ACTIVE
MS007266,2026-08-26 14:05:25+00:00,S06,6,S05,S07,60.0,58.9,1,ACTIVE
MS007267,2026-08-26 14:05:30+00:00,S07,7,S06,S08,60.0,58.04,1,ACTIVE
MS007268,2026-08-26 14:05:35+00:00,S08,8,S07,S09,60.0,58.14,1,ACTIVE
MS007269,2026-08-26 14:05:40+00:00,S09,9,S08,S10,60.0,55.51,1,ACTIVE
MS007270,2026-08-26 14:05:45+00:00,S10,10,S09,S11,60.0,56.8,1,ACTIVE
MS007271,2026-08-26 14:05:50+00:00,S11,11,S10,S12,60.0,56.48,1,ACTIVE
MS007272,2026-08-26 14:05:55+00:00,S12,12,S11,,60.0,58.71,1,ACTIVE
MS007273,2026-08-26 14:06:00+00:00,S01,1,,S02,60.0,58.1,1,ACTIVE
MS007274,2026-08-26 14:06:05+00:00,S02,2,S01,S03,60.0,56.76,1,ACTIVE
MS007275,2026-08-26 14:06:10+00:00,S03,3,S02,S04,60.0,58.43,1,ACTIVE
MS007276,2026-08-26 14:06:15+00:00,S04,4,S03,S05,60.0,57.79,1,ACTIVE
MS007277,2026-08-26 14:06:20+00:00,S05,5,S04,S06,60.0,55.38,1,ACTIVE
MS007278,2026-08-26 14:06:25+00:00,S06,6,S05,S07,60.0,58.9,1,ACTIVE
MS007279,2026-08-26 14:06:30+00:00,S07,7,S06,S08,60.0,58.04,1,ACTIVE
MS007280,2026-08-26 14:06:35+00:00,S08,8,S07,S09,60.0,58.14,1,ACTIVE
MS007281,2026-08-26 14:06:40+00:00,S09,9,S08,S10,60.0,55.51,1,ACTIVE
MS007282,2026-08-26 14:06:45+00:00,S10,10,S09,S11,60.0,56.8,1,ACTIVE
MS007283,2026-08-26 14:06:50+00:00,S11,11,S10,S12,60.0,56.48,1,ACTIVE
MS007284,2026-08-26 14:06:55+00:00,S12,12,S11,,60.0,58.71,1,ACTIVE
MS007285,2026-08-26 14:07:00+00:00,S01,1,,S02,60.0,58.1,1,ACTIVE
MS007286,2026-08-26 14:07:05+00:00,S02,2,S01,S03,60.0,56.76,1,ACTIVE
MS007287,2026-08-26 14:07:10+00:00,S03,3,S02,S04,60.0,58.43,1,ACTIVE
MS007288,2026-08-26 14:07:15+00:00,S04,4,S03,S05,60.0,57.79,1,ACTIVE
MS007289,2026-08-26 14:07:20+00:00,S05,5,S04,S06,60.0,55.38,1,ACTIVE
MS007290,2026-08-26 14:07:25+00:00,S06,6,S05,S07,60.0,58.9,1,ACTIVE
MS007291,2026-08-26 14:07:30+00:00,S07,7,S06,S08,60.0,58.04,1,ACTIVE
MS007292,2026-08-26 14:07:35+00:00,S08,8,S07,S09,60.0,58.14,1,ACTIVE
MS007293,2026-08-26 14:07:40+00:00,S09,9,S08,S10,60.0,55.51,1,ACTIVE
MS007294,2026-08-26 14:07:45+00:00,S10,10,S09,S11,60.0,56.8,1,ACTIVE
MS007295,2026-08-26 14:07:50+00:00,S11,11,S10,S12,60.0,56.48,1,ACTIVE
MS007296,2026-08-26 14:07:55+00:00,S12,12,S11,,60.0,58.71,1,ACTIVE
MS007297,2026-08-26 14:08:00+00:00,S01,1,,S02,60.0,58.1,1,ACTIVE
MS007298,2026-08-26 14:08:05+00:00,S02,2,S01,S03,60.0,56.76,1,ACTIVE
MS007299,2026-08-26 14:08:10+00:00,S03,3,S02,S04,60.0,58.43,1,ACTIVE
MS007300,2026-08-26 14:08:15+00:00,S04,4,S03,S05,60.0,57.79,1,ACTIVE
MS007301,2026-08-26 14:08:20+00:00,S05,5,S04,S06,60.0,55.38,1,ACTIVE
MS007302,2026-08-26 14:08:25+00:00,S06,6,S05,S07,60.0,58.9,1,ACTIVE
MS007303,2026-08-26 14:08:30+00:00,S07,7,S06,S08,60.0,58.04,1,ACTIVE
MS007304,2026-08-26 14:08:35+00:00,S08,8,S07,S09,60.0,58.14,1,ACTIVE
MS007305,2026-08-26 14:08:40+00:00,S09,9,S08,S10,60.0,55.51,1,ACTIVE
MS007306,2026-08-26 14:08:45+00:00,S10,10,S09,S11,60.0,56.8,1,ACTIVE
MS007307,2026-08-26 14:08:50+00:00,S11,11,S10,S12,60.0,56.48,1,ACTIVE
MS007308,2026-08-26 14:08:55+00:00,S12,12,S11,,60.0,58.71,1,ACTIVE
MS007309,2026-08-26 14:09:00+00:00,S01,1,,S02,60.0,58.1,1,ACTIVE
MS007310,2026-08-26 14:09:05+00:00,S02,2,S01,S03,60.0,56.76,1,ACTIVE
MS007311,2026-08-26 14:09:10+00:00,S03,3,S02,S04,60.0,58.43,1,ACTIVE
MS007312,2026-08-26 14:09:15+00:00,S04,4,S03,S05,60.0,57.79,1,ACTIVE
MS007313,2026-08-26 14:09:20+00:00,S05,5,S04,S06,60.0,55.38,1,ACTIVE
MS007314,2026-08-26 14:09:25+00:00,S06,6,S05,S07,60.0,58.9,1,ACTIVE
MS007315,2026-08-26 14:09:30+00:00,S07,7,S06,S08,60.0,58.04,1,ACTIVE
MS007316,2026-08-26 14:09:35+00:00,S08,8,S07,S09,60.0,58.14,1,ACTIVE
MS007317,2026-08-26 14:09:40+00:00,S09,9,S08,S10,60.0,55.51,1,ACTIVE
MS007318,2026-08-26 14:09:45+00:00,S10,10,S09,S11,60.0,56.8,1,ACTIVE
MS007319,2026-08-26 14:09:50+00:00,S11,11,S10,S12,60.0,56.48,1,ACTIVE
MS007320,2026-08-26 14:09:55+00:00,S12,12,S11,,60.0,58.71,1,ACTIVE
MS007321,2026-08-26 14:10:00+00:00,S01,1,,S02,60.0,58.1,1,ACTIVE
MS007322,2026-08-26 14:10:05+00:00,S02,2,S01,S03,60.0,56.76,1,ACTIVE
MS007323,2026-08-26 14:10:10+00:00,S03,3,S02,S04,60.0,58.43,1,ACTIVE
MS007324,2026-08-26 14:10:15+00:00,S04,4,S03,S05,60.0,57.79,1,ACTIVE
MS007325,2026-08-26 14:10:20+00:00,S05,5,S04,S06,60.0,55.38,1,ACTIVE
MS007326,2026-08-26 14:10:25+00:00,S06,6,S05,S07,60.0,58.9,1,ACTIVE
MS007327,2026-08-26 14:10:30+00:00,S07,7,S06,S08,60.0,58.04,1,ACTIVE
MS007328,2026-08-26 14:10:35+00:00,S08,8,S07,S09,60.0,58.14,1,ACTIVE
MS007329,2026-08-26 14:10:40+00:00,S09,9,S08,S10,60.0,55.51,1,ACTIVE
MS007330,2026-08-26 14:10:45+00:00,S10,10,S09,S11,60.0,56.8,1,ACTIVE
MS007331,2026-08-26 14:10:50+00:00,S11,11,S10,S12,60.0,56.48,1,ACTIVE
MS007332,2026-08-26 14:10:55+00:00,S12,12,S11,,60.0,58.71,1,ACTIVE
MS007333,2026-08-26 14:11:00+00:00,S01,1,,S02,60.0,58.1,1,ACTIVE
MS007334,2026-08-26 14:11:05+00:00,S02,2,S01,S03,60.0,56.76,1,ACTIVE
MS007335,2026-08-26 14:11:10+00:00,S03,3,S02,S04,60.0,58.43,1,ACTIVE
MS007336,2026-08-26 14:11:15+00:00,S04,4,S03,S05,60.0,57.79,1,ACTIVE
MS007337,2026-08-26 14:11:20+00:00,S05,5,S04,S06,60.0,55.38,1,ACTIVE
MS007338,2026-08-26 14:11:25+00:00,S06,6,S05,S07,60.0,58.9,1,ACTIVE
MS007339,2026-08-26 14:11:30+00:00,S07,7,S06,S08,60.0,58.04,1,ACTIVE
MS007340,2026-08-26 14:11:35+00:00,S08,8,S07,S09,60.0,58.14,1,ACTIVE
MS007341,2026-08-26 14:11:40+00:00,S09,9,S08,S10,60.0,55.51,1,ACTIVE
MS007342,2026-08-26 14:11:45+00:00,S10,10,S09,S11,60.0,56.8,1,ACTIVE
MS007343,2026-08-26 14:11:50+00:00,S11,11,S10,S12,60.0,56.48,1,ACTIVE
MS007344,2026-08-26 14:11:55+00:00,S12,12,S11,,60.0,58.71,1,ACTIVE
MS007345,2026-08-26 14:12:00+00:00,S01,1,,S02,60.0,58.1,1,ACTIVE
MS007346,2026-08-26 14:12:05+00:00,S02,2,S01,S03,60.0,56.76,1,ACTIVE
MS007347,2026-08-26 14:12:10+00:00,S03,3,S02,S04,60.0,58.43,1,ACTIVE
MS007348,2026-08-26 14:12:15+00:00,S04,4,S03,S05,60.0,57.79,1,ACTIVE
MS007349,2026-08-26 14:12:20+00:00,S05,5,S04,S06,60.0,55.38,1,ACTIVE
MS007350,2026-08-26 14:12:25+00:00,S06,6,S05,S07,60.0,58.9,1,ACTIVE
MS007351,2026-08-26 14:12:30+00:00,S07,7,S06,S08,60.0,58.04,1,ACTIVE
MS007352,2026-08-26 14:12:35+00:00,S08,8,S07,S09,60.0,58.14,1,ACTIVE
MS007353,2026-08-26 14:12:40+00:00,S09,9,S08,S10,60.0,55.51,1,ACTIVE
MS007354,2026-08-26 14:12:45+00:00,S10,10,S09,S11,60.0,56.8,1,ACTIVE
MS007355,2026-08-26 14:12:50+00:00,S11,11,S10,S12,60.0,56.48,1,ACTIVE
MS007356,2026-08-26 14:12:55+00:00,S12,12,S11,,60.0,58.71,1,ACTIVE
MS007357,2026-08-26 14:13:00+00:00,S01,1,,S02,60.0,58.1,1,ACTIVE
MS007358,2026-08-26 14:13:05+00:00,S02,2,S01,S03,60.0,56.76,1,ACTIVE
MS007359,2026-08-26 14:13:10+00:00,S03,3,S02,S04,60.0,58.43,1,ACTIVE
MS007360,2026-08-26 14:13:15+00:00,S04,4,S03,S05,60.0,57.79,1,ACTIVE
MS007361,2026-08-26 14:13:20+00:00,S05,5,S04,S06,60.0,55.38,1,ACTIVE
MS007362,2026-08-26 14:13:25+00:00,S06,6,S05,S07,60.0,58.9,1,ACTIVE
MS007363,2026-08-26 14:13:30+00:00,S07,7,S06,S08,60.0,58.04,1,ACTIVE
MS007364,2026-08-26 14:13:35+00:00,S08,8,S07,S09,60.0,58.14,1,ACTIVE
MS007365,2026-08-26 14:13:40+00:00,S09,9,S08,S10,60.0,55.51,1,ACTIVE
MS007366,2026-08-26 14:13:45+00:00,S10,10,S09,S11,60.0,56.8,1,ACTIVE
MS007367,2026-08-26 14:13:50+00:00,S11,11,S10,S12,60.0,56.48,1,ACTIVE
MS007368,2026-08-26 14:13:55+00:00,S12,12,S11,,60.0,58.71,1,ACTIVE
MS007369,2026-08-26 14:14:00+00:00,S01,1,,S02,60.0,58.1,1,ACTIVE
MS007370,2026-08-26 14:14:05+00:00,S02,2,S01,S03,60.0,56.76,1,ACTIVE
MS007371,2026-08-26 14:14:10+00:00,S03,3,S02,S04,60.0,58.43,1,ACTIVE
MS007372,2026-08-26 14:14:15+00:00,S04,4,S03,S05,60.0,57.79,1,ACTIVE
MS007373,2026-08-26 14:14:20+00:00,S05,5,S04,S06,60.0,55.38,1,ACTIVE
MS007374,2026-08-26 14:14:25+00:00,S06,6,S05,S07,60.0,58.9,1,ACTIVE
MS007375,2026-08-26 14:14:30+00:00,S07,7,S06,S08,60.0,58.04,1,ACTIVE
MS007376,2026-08-26 14:14:35+00:00,S08,8,S07,S09,60.0,58.14,1,ACTIVE
MS007377,2026-08-26 14:14:40+00:00,S09,9,S08,S10,60.0,55.51,1,ACTIVE
MS007378,2026-08-26 14:14:45+00:00,S10,10,S09,S11,60.0,56.8,1,ACTIVE
MS007379,2026-08-26 14:14:50+00:00,S11,11,S10,S12,60.0,56.48,1,ACTIVE
MS007380,2026-08-26 14:14:55+00:00,S12,12,S11,,60.0,58.71,1,ACTIVE
MS007381,2026-08-26 14:15:00+00:00,S01,1,,S02,60.0,58.1,1,ACTIVE
MS007382,2026-08-26 14:15:05+00:00,S02,2,S01,S03,60.0,56.76,1,ACTIVE
MS007383,2026-08-26 14:15:10+00:00,S03,3,S02,S04,60.0,58.43,1,ACTIVE
MS007384,2026-08-26 14:15:15+00:00,S04,4,S03,S05,60.0,57.79,1,ACTIVE
MS007385,2026-08-26 14:15:20+00:00,S05,5,S04,S06,60.0,55.38,1,ACTIVE
MS007386,2026-08-26 14:15:25+00:00,S06,6,S05,S07,60.0,58.9,1,ACTIVE
MS007387,2026-08-26 14:15:30+00:00,S07,7,S06,S08,60.0,58.04,1,ACTIVE
MS007388,2026-08-26 14:15:35+00:00,S08,8,S07,S09,60.0,58.14,1,ACTIVE
MS007389,2026-08-26 14:15:40+00:00,S09,9,S08,S10,60.0,55.51,1,ACTIVE
MS007390,2026-08-26 14:15:45+00:00,S10,10,S09,S11,60.0,56.8,1,ACTIVE
MS007391,2026-08-26 14:15:50+00:00,S11,11,S10,S12,60.0,56.48,1,ACTIVE
MS007392,2026-08-26 14:15:55+00:00,S12,12,S11,,60.0,58.71,1,ACTIVE
MS007393,2026-08-26 14:16:00+00:00,S01,1,,S02,60.0,58.1,1,ACTIVE
MS007394,2026-08-26 14:16:05+00:00,S02,2,S01,S03,60.0,56.76,1,ACTIVE
MS007395,2026-08-26 14:16:10+00:00,S03,3,S02,S04,60.0,58.43,1,ACTIVE
MS007396,2026-08-26 14:16:15+00:00,S04,4,S03,S05,60.0,57.79,1,ACTIVE
MS007397,2026-08-26 14:16:20+00:00,S05,5,S04,S06,60.0,55.38,1,ACTIVE
MS007398,2026-08-26 14:16:25+00:00,S06,6,S05,S07,60.0,58.9,1,ACTIVE
MS007399,2026-08-26 14:16:30+00:00,S07,7,S06,S08,60.0,58.04,1,ACTIVE
MS007400,2026-08-26 14:16:35+00:00,S08,8,S07,S09,60.0,58.14,1,ACTIVE
MS007401,2026-08-26 14:16:40+00:00,S09,9,S08,S10,60.0,55.51,1,ACTIVE
MS007402,2026-08-26 14:16:45+00:00,S10,10,S09,S11,60.0,56.8,1,ACTIVE
MS007403,2026-08-26 14:16:50+00:00,S11,11,S10,S12,60.0,56.48,1,ACTIVE
MS007404,2026-08-26 14:16:55+00:00,S12,12,S11,,60.0,58.71,1,ACTIVE
MS007405,2026-08-26 14:17:00+00:00,S01,1,,S02,60.0,58.1,1,ACTIVE
MS007406,2026-08-26 14:17:05+00:00,S02,2,S01,S03,60.0,56.76,1,ACTIVE
MS007407,2026-08-26 14:17:10+00:00,S03,3,S02,S04,60.0,58.43,1,ACTIVE
MS007408,2026-08-26 14:17:15+00:00,S04,4,S03,S05,60.0,57.79,1,ACTIVE
MS007409,2026-08-26 14:17:20+00:00,S05,5,S04,S06,60.0,55.38,1,ACTIVE
MS007410,2026-08-26 14:17:25+00:00,S06,6,S05,S07,60.0,58.9,1,ACTIVE
MS007411,2026-08-26 14:17:30+00:00,S07,7,S06,S08,60.0,58.04,1,ACTIVE
MS007412,2026-08-26 14:17:35+00:00,S08,8,S07,S09,60.0,58.14,1,ACTIVE
MS007413,2026-08-26 14:17:40+00:00,S09,9,S08,S10,60.0,55.51,1,ACTIVE
MS007414,2026-08-26 14:17:45+00:00,S10,10,S09,S11,60.0,56.8,1,ACTIVE
MS007415,2026-08-26 14:17:50+00:00,S11,11,S10,S12,60.0,56.48,1,ACTIVE
MS007416,2026-08-26 14:17:55+00:00,S12,12,S11,,60.0,58.71,1,ACTIVE
MS007417,2026-08-26 14:18:00+00:00,S01,1,,S02,60.0,58.1,1,ACTIVE
MS007418,2026-08-26 14:18:05+00:00,S02,2,S01,S03,60.0,56.76,1,ACTIVE
MS007419,2026-08-26 14:18:10+00:00,S03,3,S02,S04,60.0,58.43,1,ACTIVE
MS007420,2026-08-26 14:18:15+00:00,S04,4,S03,S05,60.0,57.79,1,ACTIVE
MS007421,2026-08-26 14:18:20+00:00,S05,5,S04,S06,60.0,55.38,1,ACTIVE
MS007422,2026-08-26 14:18:25+00:00,S06,6,S05,S07,60.0,58.9,1,ACTIVE
MS007423,2026-08-26 14:18:30+00:00,S07,7,S06,S08,60.0,58.04,1,ACTIVE
MS007424,2026-08-26 14:18:35+00:00,S08,8,S07,S09,60.0,58.14,1,ACTIVE
MS007425,2026-08-26 14:18:40+00:00,S09,9,S08,S10,60.0,55.51,1,ACTIVE
MS007426,2026-08-26 14:18:45+00:00,S10,10,S09,S11,60.0,56.8,1,ACTIVE
MS007427,2026-08-26 14:18:50+00:00,S11,11,S10,S12,60.0,56.48,1,ACTIVE
MS007428,2026-08-26 14:18:55+00:00,S12,12,S11,,60.0,58.71,1,ACTIVE
MS007429,2026-08-26 14:19:00+00:00,S01,1,,S02,60.0,58.1,1,ACTIVE
MS007430,2026-08-26 14:19:05+00:00,S02,2,S01,S03,60.0,56.76,1,ACTIVE
MS007431,2026-08-26 14:19:10+00:00,S03,3,S02,S04,60.0,58.43,1,ACTIVE
MS007432,2026-08-26 14:19:15+00:00,S04,4,S03,S05,60.0,57.79,1,ACTIVE
MS007433,2026-08-26 14:19:20+00:00,S05,5,S04,S06,60.0,55.38,1,ACTIVE
MS007434,2026-08-26 14:19:25+00:00,S06,6,S05,S07,60.0,58.9,1,ACTIVE
MS007435,2026-08-26 14:19:30+00:00,S07,7,S06,S08,60.0,58.04,1,ACTIVE
MS007436,2026-08-26 14:19:35+00:00,S08,8,S07,S09,60.0,58.14,1,ACTIVE
MS007437,2026-08-26 14:19:40+00:00,S09,9,S08,S10,60.0,55.51,1,ACTIVE
MS007438,2026-08-26 14:19:45+00:00,S10,10,S09,S11,60.0,56.8,1,ACTIVE
MS007439,2026-08-26 14:19:50+00:00,S11,11,S10,S12,60.0,56.48,1,ACTIVE
MS007440,2026-08-26 14:19:55+00:00,S12,12,S11,,60.0,58.71,1,ACTIVE
MS007441,2026-08-26 14:20:00+00:00,S01,1,,S02,60.0,58.1,1,ACTIVE
MS007442,2026-08-26 14:20:05+00:00,S02,2,S01,S03,60.0,56.76,1,ACTIVE
MS007443,2026-08-26 14:20:10+00:00,S03,3,S02,S04,60.0,58.43,1,ACTIVE
MS007444,2026-08-26 14:20:15+00:00,S04,4,S03,S05,60.0,57.79,1,ACTIVE
MS007445,2026-08-26 14:20:20+00:00,S05,5,S04,S06,60.0,55.38,1,ACTIVE
MS007446,2026-08-26 14:20:25+00:00,S06,6,S05,S07,60.0,58.9,1,ACTIVE
MS007447,2026-08-26 14:20:30+00:00,S07,7,S06,S08,60.0,58.04,1,ACTIVE
MS007448,2026-08-26 14:20:35+00:00,S08,8,S07,S09,60.0,58.14,1,ACTIVE
MS007449,2026-08-26 14:20:40+00:00,S09,9,S08,S10,60.0,55.51,1,ACTIVE
MS007450,2026-08-26 14:20:45+00:00,S10,10,S09,S11,60.0,56.8,1,ACTIVE
MS007451,2026-08-26 14:20:50+00:00,S11,11,S10,S12,60.0,56.48,1,ACTIVE
MS007452,2026-08-26 14:20:55+00:00,S12,12,S11,,60.0,58.71,1,ACTIVE
MS007453,2026-08-26 14:21:00+00:00,S01,1,,S02,60.0,58.1,1,ACTIVE
MS007454,2026-08-26 14:21:05+00:00,S02,2,S01,S03,60.0,56.76,1,ACTIVE
MS007455,2026-08-26 14:21:10+00:00,S03,3,S02,S04,60.0,58.43,1,ACTIVE
MS007456,2026-08-26 14:21:15+00:00,S04,4,S03,S05,60.0,57.79,1,ACTIVE
MS007457,2026-08-26 14:21:20+00:00,S05,5,S04,S06,60.0,55.38,1,ACTIVE
MS007458,2026-08-26 14:21:25+00:00,S06,6,S05,S07,60.0,58.9,1,ACTIVE
MS007459,2026-08-26 14:21:30+00:00,S07,7,S06,S08,60.0,58.04,1,ACTIVE
MS007460,2026-08-26 14:21:35+00:00,S08,8,S07,S09,60.0,58.14,1,ACTIVE
MS007461,2026-08-26 14:21:40+00:00,S09,9,S08,S10,60.0,55.51,1,ACTIVE
MS007462,2026-08-26 14:21:45+00:00,S10,10,S09,S11,60.0,56.8,1,ACTIVE
MS007463,2026-08-26 14:21:50+00:00,S11,11,S10,S12,60.0,56.48,1,ACTIVE
MS007464,2026-08-26 14:21:55+00:00,S12,12,S11,,60.0,58.71,1,ACTIVE
MS007465,2026-08-26 14:22:00+00:00,S01,1,,S02,60.0,58.1,1,ACTIVE
MS007466,2026-08-26 14:22:05+00:00,S02,2,S01,S03,60.0,56.76,1,ACTIVE
MS007467,2026-08-26 14:22:10+00:00,S03,3,S02,S04,60.0,58.43,1,ACTIVE
MS007468,2026-08-26 14:22:15+00:00,S04,4,S03,S05,60.0,57.79,1,ACTIVE
MS007469,2026-08-26 14:22:20+00:00,S05,5,S04,S06,60.0,55.38,1,ACTIVE
MS007470,2026-08-26 14:22:25+00:00,S06,6,S05,S07,60.0,58.9,1,ACTIVE
MS007471,2026-08-26 14:22:30+00:00,S07,7,S06,S08,60.0,58.04,1,ACTIVE
MS007472,2026-08-26 14:22:35+00:00,S08,8,S07,S09,60.0,58.14,1,ACTIVE
MS007473,2026-08-26 14:22:40+00:00,S09,9,S08,S10,60.0,55.51,1,ACTIVE
MS007474,2026-08-26 14:22:45+00:00,S10,10,S09,S11,60.0,56.8,1,ACTIVE
MS007475,2026-08-26 14:22:50+00:00,S11,11,S10,S12,60.0,56.48,1,ACTIVE
MS007476,2026-08-26 14:22:55+00:00,S12,12,S11,,60.0,58.71,1,ACTIVE
MS007477,2026-08-26 14:23:00+00:00,S01,1,,S02,60.0,58.1,1,ACTIVE
MS007478,2026-08-26 14:23:05+00:00,S02,2,S01,S03,60.0,56.76,1,ACTIVE
MS007479,2026-08-26 14:23:10+00:00,S03,3,S02,S04,60.0,58.43,1,ACTIVE
MS007480,2026-08-26 14:23:15+00:00,S04,4,S03,S05,60.0,57.79,1,ACTIVE
MS007481,2026-08-26 14:23:20+00:00,S05,5,S04,S06,60.0,55.38,1,ACTIVE
MS007482,2026-08-26 14:23:25+00:00,S06,6,S05,S07,60.0,58.9,1,ACTIVE
MS007483,2026-08-26 14:23:30+00:00,S07,7,S06,S08,60.0,58.04,1,ACTIVE
MS007484,2026-08-26 14:23:35+00:00,S08,8,S07,S09,60.0,58.14,1,ACTIVE
MS007485,2026-08-26 14:23:40+00:00,S09,9,S08,S10,60.0,55.51,1,ACTIVE
MS007486,2026-08-26 14:23:45+00:00,S10,10,S09,S11,60.0,56.8,1,ACTIVE
MS007487,2026-08-26 14:23:50+00:00,S11,11,S10,S12,60.0,56.48,1,ACTIVE
MS007488,2026-08-26 14:23:55+00:00,S12,12,S11,,60.0,58.71,1,ACTIVE
MS007489,2026-08-26 14:24:00+00:00,S01,1,,S02,60.0,58.1,1,ACTIVE
MS007490,2026-08-26 14:24:05+00:00,S02,2,S01,S03,60.0,56.76,1,ACTIVE
MS007491,2026-08-26 14:24:10+00:00,S03,3,S02,S04,60.0,58.43,1,ACTIVE
MS007492,2026-08-26 14:24:15+00:00,S04,4,S03,S05,60.0,57.79,1,ACTIVE
MS007493,2026-08-26 14:24:20+00:00,S05,5,S04,S06,60.0,55.38,1,ACTIVE
MS007494,2026-08-26 14:24:25+00:00,S06,6,S05,S07,60.0,58.9,1,ACTIVE
MS007495,2026-08-26 14:24:30+00:00,S07,7,S06,S08,60.0,58.04,1,ACTIVE
MS007496,2026-08-26 14:24:35+00:00,S08,8,S07,S09,60.0,58.14,1,ACTIVE
MS007497,2026-08-26 14:24:40+00:00,S09,9,S08,S10,60.0,55.51,1,ACTIVE
MS007498,2026-08-26 14:24:45+00:00,S10,10,S09,S11,60.0,56.8,1,ACTIVE
MS007499,2026-08-26 14:24:50+00:00,S11,11,S10,S12,60.0,56.48,1,ACTIVE
MS007500,2026-08-26 14:24:55+00:00,S12,12,S11,,60.0,58.71,1,ACTIVE
MS007501,2026-08-26 14:25:00+00:00,S01,1,,S02,60.0,58.1,1,ACTIVE
MS007502,2026-08-26 14:25:05+00:00,S02,2,S01,S03,60.0,56.76,1,ACTIVE
MS007503,2026-08-26 14:25:10+00:00,S03,3,S02,S04,60.0,58.43,1,ACTIVE
MS007504,2026-08-26 14:25:15+00:00,S04,4,S03,S05,60.0,57.79,1,ACTIVE
MS007505,2026-08-26 14:25:20+00:00,S05,5,S04,S06,60.0,55.38,1,ACTIVE
MS007506,2026-08-26 14:25:25+00:00,S06,6,S05,S07,60.0,58.9,1,ACTIVE
MS007507,2026-08-26 14:25:30+00:00,S07,7,S06,S08,60.0,58.04,1,ACTIVE
MS007508,2026-08-26 14:25:35+00:00,S08,8,S07,S09,60.0,58.14,1,ACTIVE
MS007509,2026-08-26 14:25:40+00:00,S09,9,S08,S10,60.0,55.51,1,ACTIVE
MS007510,2026-08-26 14:25:45+00:00,S10,10,S09,S11,60.0,56.8,1,ACTIVE
MS007511,2026-08-26 14:25:50+00:00,S11,11,S10,S12,60.0,56.48,1,ACTIVE
MS007512,2026-08-26 14:25:55+00:00,S12,12,S11,,60.0,58.71,1,ACTIVE
MS007513,2026-08-26 14:26:00+00:00,S01,1,,S02,60.0,58.1,1,ACTIVE
MS007514,2026-08-26 14:26:05+00:00,S02,2,S01,S03,60.0,56.76,1,ACTIVE
MS007515,2026-08-26 14:26:10+00:00,S03,3,S02,S04,60.0,58.43,1,ACTIVE
MS007516,2026-08-26 14:26:15+00:00,S04,4,S03,S05,60.0,57.79,1,ACTIVE
MS007517,2026-08-26 14:26:20+00:00,S05,5,S04,S06,60.0,55.38,1,ACTIVE
MS007518,2026-08-26 14:26:25+00:00,S06,6,S05,S07,60.0,58.9,1,ACTIVE
MS007519,2026-08-26 14:26:30+00:00,S07,7,S06,S08,60.0,58.04,1,ACTIVE
MS007520,2026-08-26 14:26:35+00:00,S08,8,S07,S09,60.0,58.14,1,ACTIVE
MS007521,2026-08-26 14:26:40+00:00,S09,9,S08,S10,60.0,55.51,1,ACTIVE
MS007522,2026-08-26 14:26:45+00:00,S10,10,S09,S11,60.0,56.8,1,ACTIVE
MS007523,2026-08-26 14:26:50+00:00,S11,11,S10,S12,60.0,56.48,1,ACTIVE
MS007524,2026-08-26 14:26:55+00:00,S12,12,S11,,60.0,58.71,1,ACTIVE
MS007525,2026-08-26 14:27:00+00:00,S01,1,,S02,60.0,58.1,1,ACTIVE
MS007526,2026-08-26 14:27:05+00:00,S02,2,S01,S03,60.0,56.76,1,ACTIVE
MS007527,2026-08-26 14:27:10+00:00,S03,3,S02,S04,60.0,58.43,1,ACTIVE
MS007528,2026-08-26 14:27:15+00:00,S04,4,S03,S05,60.0,57.79,1,ACTIVE
MS007529,2026-08-26 14:27:20+00:00,S05,5,S04,S06,60.0,55.38,1,ACTIVE
MS007530,2026-08-26 14:27:25+00:00,S06,6,S05,S07,60.0,58.9,1,ACTIVE
MS007531,2026-08-26 14:27:30+00:00,S07,7,S06,S08,60.0,58.04,1,ACTIVE
MS007532,2026-08-26 14:27:35+00:00,S08,8,S07,S09,60.0,58.14,1,ACTIVE
MS007533,2026-08-26 14:27:40+00:00,S09,9,S08,S10,60.0,55.51,1,ACTIVE
MS007534,2026-08-26 14:27:45+00:00,S10,10,S09,S11,60.0,56.8,1,ACTIVE
MS007535,2026-08-26 14:27:50+00:00,S11,11,S10,S12,60.0,56.48,1,ACTIVE
MS007536,2026-08-26 14:27:55+00:00,S12,12,S11,,60.0,58.71,1,ACTIVE
MS007537,2026-08-26 14:28:00+00:00,S01,1,,S02,60.0,58.1,1,ACTIVE
MS007538,2026-08-26 14:28:05+00:00,S02,2,S01,S03,60.0,56.76,1,ACTIVE
MS007539,2026-08-26 14:28:10+00:00,S03,3,S02,S04,60.0,58.43,1,ACTIVE
MS007540,2026-08-26 14:28:15+00:00,S04,4,S03,S05,60.0,57.79,1,ACTIVE
MS007541,2026-08-26 14:28:20+00:00,S05,5,S04,S06,60.0,55.38,1,ACTIVE
MS007542,2026-08-26 14:28:25+00:00,S06,6,S05,S07,60.0,58.9,1,ACTIVE
MS007543,2026-08-26 14:28:30+00:00,S07,7,S06,S08,60.0,58.04,1,ACTIVE
MS007544,2026-08-26 14:28:35+00:00,S08,8,S07,S09,60.0,58.14,1,ACTIVE
MS007545,2026-08-26 14:28:40+00:00,S09,9,S08,S10,60.0,55.51,1,ACTIVE
MS007546,2026-08-26 14:28:45+00:00,S10,10,S09,S11,60.0,56.8,1,ACTIVE
MS007547,2026-08-26 14:28:50+00:00,S11,11,S10,S12,60.0,56.48,1,ACTIVE
MS007548,2026-08-26 14:28:55+00:00,S12,12,S11,,60.0,58.71,1,ACTIVE
MS007549,2026-08-26 14:29:00+00:00,S01,1,,S02,60.0,58.1,1,ACTIVE
MS007550,2026-08-26 14:29:05+00:00,S02,2,S01,S03,60.0,56.76,1,ACTIVE
MS007551,2026-08-26 14:29:10+00:00,S03,3,S02,S04,60.0,58.43,1,ACTIVE
MS007552,2026-08-26 14:29:15+00:00,S04,4,S03,S05,60.0,57.79,1,ACTIVE
MS007553,2026-08-26 14:29:20+00:00,S05,5,S04,S06,60.0,55.38,1,ACTIVE
MS007554,2026-08-26 14:29:25+00:00,S06,6,S05,S07,60.0,58.9,1,ACTIVE
MS007555,2026-08-26 14:29:30+00:00,S07,7,S06,S08,60.0,58.04,1,ACTIVE
MS007556,2026-08-26 14:29:35+00:00,S08,8,S07,S09,60.0,58.14,1,ACTIVE
MS007557,2026-08-26 14:29:40+00:00,S09,9,S08,S10,60.0,55.51,1,ACTIVE
MS007558,2026-08-26 14:29:45+00:00,S10,10,S09,S11,60.0,56.8,1,ACTIVE
MS007559,2026-08-26 14:29:50+00:00,S11,11,S10,S12,60.0,56.48,1,ACTIVE
MS007560,2026-08-26 14:29:55+00:00,S12,12,S11,,60.0,58.71,1,ACTIVE
MS007561,2026-08-26 14:30:00+00:00,S01,1,,S02,60.0,58.1,1,ACTIVE
MS007562,2026-08-26 14:30:05+00:00,S02,2,S01,S03,60.0,56.76,1,ACTIVE
MS007563,2026-08-26 14:30:10+00:00,S03,3,S02,S04,60.0,58.43,1,ACTIVE
MS007564,2026-08-26 14:30:15+00:00,S04,4,S03,S05,60.0,57.79,1,ACTIVE
MS007565,2026-08-26 14:30:20+00:00,S05,5,S04,S06,60.0,55.38,1,ACTIVE
MS007566,2026-08-26 14:30:25+00:00,S06,6,S05,S07,60.0,58.9,1,ACTIVE
MS007567,2026-08-26 14:30:30+00:00,S07,7,S06,S08,60.0,58.04,1,ACTIVE
MS007568,2026-08-26 14:30:35+00:00,S08,8,S07,S09,60.0,58.14,1,ACTIVE
MS007569,2026-08-26 14:30:40+00:00,S09,9,S08,S10,60.0,55.51,1,ACTIVE
MS007570,2026-08-26 14:30:45+00:00,S10,10,S09,S11,60.0,56.8,1,ACTIVE
MS007571,2026-08-26 14:30:50+00:00,S11,11,S10,S12,60.0,56.48,1,ACTIVE
MS007572,2026-08-26 14:30:55+00:00,S12,12,S11,,60.0,58.71,1,ACTIVE
MS007573,2026-08-26 14:31:00+00:00,S01,1,,S02,60.0,58.1,1,ACTIVE
MS007574,2026-08-26 14:31:05+00:00,S02,2,S01,S03,60.0,56.76,1,ACTIVE
MS007575,2026-08-26 14:31:10+00:00,S03,3,S02,S04,60.0,58.43,1,ACTIVE
MS007576,2026-08-26 14:31:15+00:00,S04,4,S03,S05,60.0,57.79,1,ACTIVE
MS007577,2026-08-26 14:31:20+00:00,S05,5,S04,S06,60.0,55.38,1,ACTIVE
MS007578,2026-08-26 14:31:25+00:00,S06,6,S05,S07,60.0,58.9,1,ACTIVE
MS007579,2026-08-26 14:31:30+00:00,S07,7,S06,S08,60.0,58.04,1,ACTIVE
MS007580,2026-08-26 14:31:35+00:00,S08,8,S07,S09,60.0,58.14,1,ACTIVE
MS007581,2026-08-26 14:31:40+00:00,S09,9,S08,S10,60.0,55.51,1,ACTIVE
MS007582,2026-08-26 14:31:45+00:00,S10,10,S09,S11,60.0,56.8,1,ACTIVE
MS007583,2026-08-26 14:31:50+00:00,S11,11,S10,S12,60.0,56.48,1,ACTIVE
MS007584,2026-08-26 14:31:55+00:00,S12,12,S11,,60.0,58.71,1,ACTIVE
MS007585,2026-08-26 14:32:00+00:00,S01,1,,S02,60.0,58.1,1,ACTIVE
MS007586,2026-08-26 14:32:05+00:00,S02,2,S01,S03,60.0,56.76,1,ACTIVE
MS007587,2026-08-26 14:32:10+00:00,S03,3,S02,S04,60.0,58.43,1,ACTIVE
MS007588,2026-08-26 14:32:15+00:00,S04,4,S03,S05,60.0,57.79,1,ACTIVE
MS007589,2026-08-26 14:32:20+00:00,S05,5,S04,S06,60.0,55.38,1,ACTIVE
MS007590,2026-08-26 14:32:25+00:00,S06,6,S05,S07,60.0,58.9,1,ACTIVE
MS007591,2026-08-26 14:32:30+00:00,S07,7,S06,S08,60.0,58.04,1,ACTIVE
MS007592,2026-08-26 14:32:35+00:00,S08,8,S07,S09,60.0,58.14,1,ACTIVE
MS007593,2026-08-26 14:32:40+00:00,S09,9,S08,S10,60.0,55.51,1,ACTIVE
MS007594,2026-08-26 14:32:45+00:00,S10,10,S09,S11,60.0,56.8,1,ACTIVE
MS007595,2026-08-26 14:32:50+00:00,S11,11,S10,S12,60.0,56.48,1,ACTIVE
MS007596,2026-08-26 14:32:55+00:00,S12,12,S11,,60.0,58.71,1,ACTIVE
MS007597,2026-08-26 14:33:00+00:00,S01,1,,S02,60.0,58.1,1,ACTIVE
MS007598,2026-08-26 14:33:05+00:00,S02,2,S01,S03,60.0,56.76,1,ACTIVE
MS007599,2026-08-26 14:33:10+00:00,S03,3,S02,S04,60.0,58.43,1,ACTIVE
MS007600,2026-08-26 14:33:15+00:00,S04,4,S03,S05,60.0,57.79,1,ACTIVE
MS007601,2026-08-26 14:33:20+00:00,S05,5,S04,S06,60.0,55.38,1,ACTIVE
MS007602,2026-08-26 14:33:25+00:00,S06,6,S05,S07,60.0,58.9,1,ACTIVE
MS007603,2026-08-26 14:33:30+00:00,S07,7,S06,S08,60.0,58.04,1,ACTIVE
MS007604,2026-08-26 14:33:35+00:00,S08,8,S07,S09,60.0,58.14,1,ACTIVE
MS007605,2026-08-26 14:33:40+00:00,S09,9,S08,S10,60.0,55.51,1,ACTIVE
MS007606,2026-08-26 14:33:45+00:00,S10,10,S09,S11,60.0,56.8,1,ACTIVE
MS007607,2026-08-26 14:33:50+00:00,S11,11,S10,S12,60.0,56.48,1,ACTIVE
MS007608,2026-08-26 14:33:55+00:00,S12,12,S11,,60.0,58.71,1,ACTIVE
MS007609,2026-08-26 14:34:00+00:00,S01,1,,S02,60.0,58.1,1,ACTIVE
MS007610,2026-08-26 14:34:05+00:00,S02,2,S01,S03,60.0,56.76,1,ACTIVE
MS007611,2026-08-26 14:34:10+00:00,S03,3,S02,S04,60.0,58.43,1,ACTIVE
MS007612,2026-08-26 14:34:15+00:00,S04,4,S03,S05,60.0,57.79,1,ACTIVE
MS007613,2026-08-26 14:34:20+00:00,S05,5,S04,S06,60.0,55.38,1,ACTIVE
MS007614,2026-08-26 14:34:25+00:00,S06,6,S05,S07,60.0,58.9,1,ACTIVE
MS007615,2026-08-26 14:34:30+00:00,S07,7,S06,S08,60.0,58.04,1,ACTIVE
MS007616,2026-08-26 14:34:35+00:00,S08,8,S07,S09,60.0,58.14,1,ACTIVE
MS007617,2026-08-26 14:34:40+00:00,S09,9,S08,S10,60.0,55.51,1,ACTIVE
MS007618,2026-08-26 14:34:45+00:00,S10,10,S09,S11,60.0,56.8,1,ACTIVE
MS007619,2026-08-26 14:34:50+00:00,S11,11,S10,S12,60.0,56.48,1,ACTIVE
MS007620,2026-08-26 14:34:55+00:00,S12,12,S11,,60.0,58.71,1,ACTIVE
MS007621,2026-08-26 14:35:00+00:00,S01,1,,S02,60.0,58.1,1,ACTIVE
MS007622,2026-08-26 14:35:05+00:00,S02,2,S01,S03,60.0,56.76,1,ACTIVE
MS007623,2026-08-26 14:35:10+00:00,S03,3,S02,S04,60.0,58.43,1,ACTIVE
MS007624,2026-08-26 14:35:15+00:00,S04,4,S03,S05,60.0,57.79,1,ACTIVE
MS007625,2026-08-26 14:35:20+00:00,S05,5,S04,S06,60.0,55.38,1,ACTIVE
MS007626,2026-08-26 14:35:25+00:00,S06,6,S05,S07,60.0,58.9,1,ACTIVE
MS007627,2026-08-26 14:35:30+00:00,S07,7,S06,S08,60.0,58.04,1,ACTIVE
MS007628,2026-08-26 14:35:35+00:00,S08,8,S07,S09,60.0,58.14,1,ACTIVE
MS007629,2026-08-26 14:35:40+00:00,S09,9,S08,S10,60.0,55.51,1,ACTIVE
MS007630,2026-08-26 14:35:45+00:00,S10,10,S09,S11,60.0,56.8,1,ACTIVE
MS007631,2026-08-26 14:35:50+00:00,S11,11,S10,S12,60.0,56.48,1,ACTIVE
MS007632,2026-08-26 14:35:55+00:00,S12,12,S11,,60.0,58.71,1,ACTIVE
MS007633,2026-08-26 14:36:00+00:00,S01,1,,S02,60.0,58.1,1,ACTIVE
MS007634,2026-08-26 14:36:05+00:00,S02,2,S01,S03,60.0,56.76,1,ACTIVE
MS007635,2026-08-26 14:36:10+00:00,S03,3,S02,S04,60.0,58.43,1,ACTIVE
MS007636,2026-08-26 14:36:15+00:00,S04,4,S03,S05,60.0,57.79,1,ACTIVE
MS007637,2026-08-26 14:36:20+00:00,S05,5,S04,S06,60.0,55.38,1,ACTIVE
MS007638,2026-08-26 14:36:25+00:00,S06,6,S05,S07,60.0,58.9,1,ACTIVE
MS007639,2026-08-26 14:36:30+00:00,S07,7,S06,S08,60.0,58.04,1,ACTIVE
MS007640,2026-08-26 14:36:35+00:00,S08,8,S07,S09,60.0,58.14,1,ACTIVE
MS007641,2026-08-26 14:36:40+00:00,S09,9,S08,S10,60.0,55.51,1,ACTIVE
MS007642,2026-08-26 14:36:45+00:00,S10,10,S09,S11,60.0,56.8,1,ACTIVE
MS007643,2026-08-26 14:36:50+00:00,S11,11,S10,S12,60.0,56.48,1,ACTIVE
MS007644,2026-08-26 14:36:55+00:00,S12,12,S11,,60.0,58.71,1,ACTIVE
MS007645,2026-08-26 14:37:00+00:00,S01,1,,S02,60.0,58.1,1,ACTIVE
MS007646,2026-08-26 14:37:05+00:00,S02,2,S01,S03,60.0,56.76,1,ACTIVE
MS007647,2026-08-26 14:37:10+00:00,S03,3,S02,S04,60.0,58.43,1,ACTIVE
MS007648,2026-08-26 14:37:15+00:00,S04,4,S03,S05,60.0,57.79,1,ACTIVE
MS007649,2026-08-26 14:37:20+00:00,S05,5,S04,S06,60.0,55.38,1,ACTIVE
MS007650,2026-08-26 14:37:25+00:00,S06,6,S05,S07,60.0,58.9,1,ACTIVE
MS007651,2026-08-26 14:37:30+00:00,S07,7,S06,S08,60.0,58.04,1,ACTIVE
MS007652,2026-08-26 14:37:35+00:00,S08,8,S07,S09,60.0,58.14,1,ACTIVE
MS007653,2026-08-26 14:37:40+00:00,S09,9,S08,S10,60.0,55.51,1,ACTIVE
MS007654,2026-08-26 14:37:45+00:00,S10,10,S09,S11,60.0,56.8,1,ACTIVE
MS007655,2026-08-26 14:37:50+00:00,S11,11,S10,S12,60.0,56.48,1,ACTIVE
MS007656,2026-08-26 14:37:55+00:00,S12,12,S11,,60.0,58.71,1,ACTIVE
MS007657,2026-08-26 14:38:00+00:00,S01,1,,S02,60.0,58.1,1,ACTIVE
MS007658,2026-08-26 14:38:05+00:00,S02,2,S01,S03,60.0,56.76,1,ACTIVE
MS007659,2026-08-26 14:38:10+00:00,S03,3,S02,S04,60.0,58.43,1,ACTIVE
MS007660,2026-08-26 14:38:15+00:00,S04,4,S03,S05,60.0,57.79,1,ACTIVE
MS007661,2026-08-26 14:38:20+00:00,S05,5,S04,S06,60.0,55.38,1,ACTIVE
MS007662,2026-08-26 14:38:25+00:00,S06,6,S05,S07,60.0,58.9,1,ACTIVE
MS007663,2026-08-26 14:38:30+00:00,S07,7,S06,S08,60.0,58.04,1,ACTIVE
MS007664,2026-08-26 14:38:35+00:00,S08,8,S07,S09,60.0,58.14,1,ACTIVE
MS007665,2026-08-26 14:38:40+00:00,S09,9,S08,S10,60.0,55.51,1,ACTIVE
MS007666,2026-08-26 14:38:45+00:00,S10,10,S09,S11,60.0,56.8,1,ACTIVE
MS007667,2026-08-26 14:38:50+00:00,S11,11,S10,S12,60.0,56.48,1,ACTIVE
MS007668,2026-08-26 14:38:55+00:00,S12,12,S11,,60.0,58.71,1,ACTIVE
MS007669,2026-08-26 14:39:00+00:00,S01,1,,S02,60.0,58.1,1,ACTIVE
MS007670,2026-08-26 14:39:05+00:00,S02,2,S01,S03,60.0,56.76,1,ACTIVE
MS007671,2026-08-26 14:39:10+00:00,S03,3,S02,S04,60.0,58.43,1,ACTIVE
MS007672,2026-08-26 14:39:15+00:00,S04,4,S03,S05,60.0,57.79,1,ACTIVE
MS007673,2026-08-26 14:39:20+00:00,S05,5,S04,S06,60.0,55.38,1,ACTIVE
MS007674,2026-08-26 14:39:25+00:00,S06,6,S05,S07,60.0,58.9,1,ACTIVE
MS007675,2026-08-26 14:39:30+00:00,S07,7,S06,S08,60.0,58.04,1,ACTIVE
MS007676,2026-08-26 14:39:35+00:00,S08,8,S07,S09,60.0,58.14,1,ACTIVE
MS007677,2026-08-26 14:39:40+00:00,S09,9,S08,S10,60.0,55.51,1,ACTIVE
MS007678,2026-08-26 14:39:45+00:00,S10,10,S09,S11,60.0,56.8,1,ACTIVE
MS007679,2026-08-26 14:39:50+00:00,S11,11,S10,S12,60.0,56.48,1,ACTIVE
MS007680,2026-08-26 14:39:55+00:00,S12,12,S11,,60.0,58.71,1,ACTIVE
MS007681,2026-08-26 14:40:00+00:00,S01,1,,S02,60.0,58.1,1,ACTIVE
MS007682,2026-08-26 14:40:05+00:00,S02,2,S01,S03,60.0,56.76,1,ACTIVE
MS007683,2026-08-26 14:40:10+00:00,S03,3,S02,S04,60.0,58.43,1,ACTIVE
MS007684,2026-08-26 14:40:15+00:00,S04,4,S03,S05,60.0,57.79,1,ACTIVE
MS007685,2026-08-26 14:40:20+00:00,S05,5,S04,S06,60.0,55.38,1,ACTIVE
MS007686,2026-08-26 14:40:25+00:00,S06,6,S05,S07,60.0,58.9,1,ACTIVE
MS007687,2026-08-26 14:40:30+00:00,S07,7,S06,S08,60.0,58.04,1,ACTIVE
MS007688,2026-08-26 14:40:35+00:00,S08,8,S07,S09,60.0,58.14,1,ACTIVE
MS007689,2026-08-26 14:40:40+00:00,S09,9,S08,S10,60.0,55.51,1,ACTIVE
MS007690,2026-08-26 14:40:45+00:00,S10,10,S09,S11,60.0,56.8,1,ACTIVE
MS007691,2026-08-26 14:40:50+00:00,S11,11,S10,S12,60.0,56.48,1,ACTIVE
MS007692,2026-08-26 14:40:55+00:00,S12,12,S11,,60.0,58.71,1,ACTIVE
MS007693,2026-08-26 14:41:00+00:00,S01,1,,S02,60.0,58.1,1,ACTIVE
MS007694,2026-08-26 14:41:05+00:00,S02,2,S01,S03,60.0,56.76,1,ACTIVE
MS007695,2026-08-26 14:41:10+00:00,S03,3,S02,S04,60.0,58.43,1,ACTIVE
MS007696,2026-08-26 14:41:15+00:00,S04,4,S03,S05,60.0,57.79,1,ACTIVE
MS007697,2026-08-26 14:41:20+00:00,S05,5,S04,S06,60.0,55.38,1,ACTIVE
MS007698,2026-08-26 14:41:25+00:00,S06,6,S05,S07,60.0,58.9,1,ACTIVE
MS007699,2026-08-26 14:41:30+00:00,S07,7,S06,S08,60.0,58.04,1,ACTIVE
MS007700,2026-08-26 14:41:35+00:00,S08,8,S07,S09,60.0,58.14,1,ACTIVE
MS007701,2026-08-26 14:41:40+00:00,S09,9,S08,S10,60.0,55.51,1,ACTIVE
MS007702,2026-08-26 14:41:45+00:00,S10,10,S09,S11,60.0,56.8,1,ACTIVE
MS007703,2026-08-26 14:41:50+00:00,S11,11,S10,S12,60.0,56.48,1,ACTIVE
MS007704,2026-08-26 14:41:55+00:00,S12,12,S11,,60.0,58.71,1,ACTIVE
MS007705,2026-08-26 14:42:00+00:00,S01,1,,S02,60.0,58.1,1,ACTIVE
MS007706,2026-08-26 14:42:05+00:00,S02,2,S01,S03,60.0,56.76,1,ACTIVE
MS007707,2026-08-26 14:42:10+00:00,S03,3,S02,S04,60.0,58.43,1,ACTIVE
MS007708,2026-08-26 14:42:15+00:00,S04,4,S03,S05,60.0,57.79,1,ACTIVE
MS007709,2026-08-26 14:42:20+00:00,S05,5,S04,S06,60.0,55.38,1,ACTIVE
MS007710,2026-08-26 14:42:25+00:00,S06,6,S05,S07,60.0,58.9,1,ACTIVE
MS007711,2026-08-26 14:42:30+00:00,S07,7,S06,S08,60.0,58.04,1,ACTIVE
MS007712,2026-08-26 14:42:35+00:00,S08,8,S07,S09,60.0,58.14,1,ACTIVE
MS007713,2026-08-26 14:42:40+00:00,S09,9,S08,S10,60.0,55.51,1,ACTIVE
MS007714,2026-08-26 14:42:45+00:00,S10,10,S09,S11,60.0,56.8,1,ACTIVE
MS007715,2026-08-26 14:42:50+00:00,S11,11,S10,S12,60.0,56.48,1,ACTIVE
MS007716,2026-08-26 14:42:55+00:00,S12,12,S11,,60.0,58.71,1,ACTIVE
MS007717,2026-08-26 14:43:00+00:00,S01,1,,S02,60.0,58.1,1,ACTIVE
MS007718,2026-08-26 14:43:05+00:00,S02,2,S01,S03,60.0,56.76,1,ACTIVE
MS007719,2026-08-26 14:43:10+00:00,S03,3,S02,S04,60.0,58.43,1,ACTIVE
MS007720,2026-08-26 14:43:15+00:00,S04,4,S03,S05,60.0,57.79,1,ACTIVE
MS007721,2026-08-26 14:43:20+00:00,S05,5,S04,S06,60.0,55.38,1,ACTIVE
MS007722,2026-08-26 14:43:25+00:00,S06,6,S05,S07,60.0,58.9,1,ACTIVE
MS007723,2026-08-26 14:43:30+00:00,S07,7,S06,S08,60.0,58.04,1,ACTIVE
MS007724,2026-08-26 14:43:35+00:00,S08,8,S07,S09,60.0,58.14,1,ACTIVE
MS007725,2026-08-26 14:43:40+00:00,S09,9,S08,S10,60.0,55.51,1,ACTIVE
MS007726,2026-08-26 14:43:45+00:00,S10,10,S09,S11,60.0,56.8,1,ACTIVE
MS007727,2026-08-26 14:43:50+00:00,S11,11,S10,S12,60.0,56.48,1,ACTIVE
MS007728,2026-08-26 14:43:55+00:00,S12,12,S11,,60.0,58.71,1,ACTIVE
MS007729,2026-08-26 14:44:00+00:00,S01,1,,S02,60.0,58.1,1,ACTIVE
MS007730,2026-08-26 14:44:05+00:00,S02,2,S01,S03,60.0,56.76,1,ACTIVE
MS007731,2026-08-26 14:44:10+00:00,S03,3,S02,S04,60.0,58.43,1,ACTIVE
MS007732,2026-08-26 14:44:15+00:00,S04,4,S03,S05,60.0,57.79,1,ACTIVE
MS007733,2026-08-26 14:44:20+00:00,S05,5,S04,S06,60.0,55.38,1,ACTIVE
MS007734,2026-08-26 14:44:25+00:00,S06,6,S05,S07,60.0,58.9,1,ACTIVE
MS007735,2026-08-26 14:44:30+00:00,S07,7,S06,S08,60.0,58.04,1,ACTIVE
MS007736,2026-08-26 14:44:35+00:00,S08,8,S07,S09,60.0,58.14,1,ACTIVE
MS007737,2026-08-26 14:44:40+00:00,S09,9,S08,S10,60.0,55.51,1,ACTIVE
MS007738,2026-08-26 14:44:45+00:00,S10,10,S09,S11,60.0,56.8,1,ACTIVE
MS007739,2026-08-26 14:44:50+00:00,S11,11,S10,S12,60.0,56.48,1,ACTIVE
MS007740,2026-08-26 14:44:55+00:00,S12,12,S11,,60.0,58.71,1,ACTIVE
MS007741,2026-08-26 14:45:00+00:00,S01,1,,S02,60.0,58.1,1,ACTIVE
MS007742,2026-08-26 14:45:05+00:00,S02,2,S01,S03,60.0,56.76,1,ACTIVE
MS007743,2026-08-26 14:45:10+00:00,S03,3,S02,S04,60.0,58.43,1,ACTIVE
MS007744,2026-08-26 14:45:15+00:00,S04,4,S03,S05,60.0,57.79,1,ACTIVE
MS007745,2026-08-26 14:45:20+00:00,S05,5,S04,S06,60.0,55.38,1,ACTIVE
MS007746,2026-08-26 14:45:25+00:00,S06,6,S05,S07,60.0,58.9,1,ACTIVE
MS007747,2026-08-26 14:45:30+00:00,S07,7,S06,S08,60.0,58.04,1,ACTIVE
MS007748,2026-08-26 14:45:35+00:00,S08,8,S07,S09,60.0,58.14,1,ACTIVE
MS007749,2026-08-26 14:45:40+00:00,S09,9,S08,S10,60.0,55.51,1,ACTIVE
MS007750,2026-08-26 14:45:45+00:00,S10,10,S09,S11,60.0,56.8,1,ACTIVE
MS007751,2026-08-26 14:45:50+00:00,S11,11,S10,S12,60.0,56.48,1,ACTIVE
MS007752,2026-08-26 14:45:55+00:00,S12,12,S11,,60.0,58.71,1,ACTIVE
MS007753,2026-08-26 14:46:00+00:00,S01,1,,S02,60.0,58.1,1,ACTIVE
MS007754,2026-08-26 14:46:05+00:00,S02,2,S01,S03,60.0,56.76,1,ACTIVE
MS007755,2026-08-26 14:46:10+00:00,S03,3,S02,S04,60.0,58.43,1,ACTIVE
MS007756,2026-08-26 14:46:15+00:00,S04,4,S03,S05,60.0,57.79,1,ACTIVE
MS007757,2026-08-26 14:46:20+00:00,S05,5,S04,S06,60.0,55.38,1,ACTIVE
MS007758,2026-08-26 14:46:25+00:00,S06,6,S05,S07,60.0,58.9,1,ACTIVE
MS007759,2026-08-26 14:46:30+00:00,S07,7,S06,S08,60.0,58.04,1,ACTIVE
MS007760,2026-08-26 14:46:35+00:00,S08,8,S07,S09,60.0,58.14,1,ACTIVE
MS007761,2026-08-26 14:46:40+00:00,S09,9,S08,S10,60.0,55.51,1,ACTIVE
MS007762,2026-08-26 14:46:45+00:00,S10,10,S09,S11,60.0,56.8,1,ACTIVE
MS007763,2026-08-26 14:46:50+00:00,S11,11,S10,S12,60.0,56.48,1,ACTIVE
MS007764,2026-08-26 14:46:55+00:00,S12,12,S11,,60.0,58.71,1,ACTIVE
MS007765,2026-08-26 14:47:00+00:00,S01,1,,S02,60.0,58.1,1,ACTIVE
MS007766,2026-08-26 14:47:05+00:00,S02,2,S01,S03,60.0,56.76,1,ACTIVE
MS007767,2026-08-26 14:47:10+00:00,S03,3,S02,S04,60.0,58.43,1,ACTIVE
MS007768,2026-08-26 14:47:15+00:00,S04,4,S03,S05,60.0,57.79,1,ACTIVE
MS007769,2026-08-26 14:47:20+00:00,S05,5,S04,S06,60.0,55.38,1,ACTIVE
MS007770,2026-08-26 14:47:25+00:00,S06,6,S05,S07,60.0,58.9,1,ACTIVE
MS007771,2026-08-26 14:47:30+00:00,S07,7,S06,S08,60.0,58.04,1,ACTIVE
MS007772,2026-08-26 14:47:35+00:00,S08,8,S07,S09,60.0,58.14,1,ACTIVE
MS007773,2026-08-26 14:47:40+00:00,S09,9,S08,S10,60.0,55.51,1,ACTIVE
MS007774,2026-08-26 14:47:45+00:00,S10,10,S09,S11,60.0,56.8,1,ACTIVE
MS007775,2026-08-26 14:47:50+00:00,S11,11,S10,S12,60.0,56.48,1,ACTIVE
MS007776,2026-08-26 14:47:55+00:00,S12,12,S11,,60.0,58.71,1,ACTIVE
MS007777,2026-08-26 14:48:00+00:00,S01,1,,S02,60.0,58.1,1,ACTIVE
MS007778,2026-08-26 14:48:05+00:00,S02,2,S01,S03,60.0,56.76,1,ACTIVE
MS007779,2026-08-26 14:48:10+00:00,S03,3,S02,S04,60.0,58.43,1,ACTIVE
MS007780,2026-08-26 14:48:15+00:00,S04,4,S03,S05,60.0,57.79,1,ACTIVE
MS007781,2026-08-26 14:48:20+00:00,S05,5,S04,S06,60.0,55.38,1,ACTIVE
MS007782,2026-08-26 14:48:25+00:00,S06,6,S05,S07,60.0,58.9,1,ACTIVE
MS007783,2026-08-26 14:48:30+00:00,S07,7,S06,S08,60.0,58.04,1,ACTIVE
MS007784,2026-08-26 14:48:35+00:00,S08,8,S07,S09,60.0,58.14,1,ACTIVE
MS007785,2026-08-26 14:48:40+00:00,S09,9,S08,S10,60.0,55.51,1,ACTIVE
MS007786,2026-08-26 14:48:45+00:00,S10,10,S09,S11,60.0,56.8,1,ACTIVE
MS007787,2026-08-26 14:48:50+00:00,S11,11,S10,S12,60.0,56.48,1,ACTIVE
MS007788,2026-08-26 14:48:55+00:00,S12,12,S11,,60.0,58.71,1,ACTIVE
MS007789,2026-08-26 14:49:00+00:00,S01,1,,S02,60.0,58.1,1,ACTIVE
MS007790,2026-08-26 14:49:05+00:00,S02,2,S01,S03,60.0,56.76,1,ACTIVE
MS007791,2026-08-26 14:49:10+00:00,S03,3,S02,S04,60.0,58.43,1,ACTIVE
MS007792,2026-08-26 14:49:15+00:00,S04,4,S03,S05,60.0,57.79,1,ACTIVE
MS007793,2026-08-26 14:49:20+00:00,S05,5,S04,S06,60.0,55.38,1,ACTIVE
MS007794,2026-08-26 14:49:25+00:00,S06,6,S05,S07,60.0,58.9,1,ACTIVE
MS007795,2026-08-26 14:49:30+00:00,S07,7,S06,S08,60.0,58.04,1,ACTIVE
MS007796,2026-08-26 14:49:35+00:00,S08,8,S07,S09,60.0,58.14,1,ACTIVE
MS007797,2026-08-26 14:49:40+00:00,S09,9,S08,S10,60.0,55.51,1,ACTIVE
MS007798,2026-08-26 14:49:45+00:00,S10,10,S09,S11,60.0,56.8,1,ACTIVE
MS007799,2026-08-26 14:49:50+00:00,S11,11,S10,S12,60.0,56.48,1,ACTIVE
MS007800,2026-08-26 14:49:55+00:00,S12,12,S11,,60.0,58.71,1,ACTIVE
MS007801,2026-08-26 14:50:00+00:00,S01,1,,S02,60.0,58.1,1,ACTIVE
MS007802,2026-08-26 14:50:05+00:00,S02,2,S01,S03,60.0,56.76,1,ACTIVE
MS007803,2026-08-26 14:50:10+00:00,S03,3,S02,S04,60.0,58.43,1,ACTIVE
MS007804,2026-08-26 14:50:15+00:00,S04,4,S03,S05,60.0,57.79,1,ACTIVE
MS007805,2026-08-26 14:50:20+00:00,S05,5,S04,S06,60.0,55.38,1,ACTIVE
MS007806,2026-08-26 14:50:25+00:00,S06,6,S05,S07,60.0,58.9,1,ACTIVE
MS007807,2026-08-26 14:50:30+00:00,S07,7,S06,S08,60.0,58.04,1,ACTIVE
MS007808,2026-08-26 14:50:35+00:00,S08,8,S07,S09,60.0,58.14,1,ACTIVE
MS007809,2026-08-26 14:50:40+00:00,S09,9,S08,S10,60.0,55.51,1,ACTIVE
MS007810,2026-08-26 14:50:45+00:00,S10,10,S09,S11,60.0,56.8,1,ACTIVE
MS007811,2026-08-26 14:50:50+00:00,S11,11,S10,S12,60.0,56.48,1,ACTIVE
MS007812,2026-08-26 14:50:55+00:00,S12,12,S11,,60.0,58.71,1,ACTIVE
MS007813,2026-08-26 14:51:00+00:00,S01,1,,S02,60.0,58.1,1,ACTIVE
MS007814,2026-08-26 14:51:05+00:00,S02,2,S01,S03,60.0,56.76,1,ACTIVE
MS007815,2026-08-26 14:51:10+00:00,S03,3,S02,S04,60.0,58.43,1,ACTIVE
MS007816,2026-08-26 14:51:15+00:00,S04,4,S03,S05,60.0,57.79,1,ACTIVE
MS007817,2026-08-26 14:51:20+00:00,S05,5,S04,S06,60.0,55.38,1,ACTIVE
MS007818,2026-08-26 14:51:25+00:00,S06,6,S05,S07,60.0,58.9,1,ACTIVE
MS007819,2026-08-26 14:51:30+00:00,S07,7,S06,S08,60.0,58.04,1,ACTIVE
MS007820,2026-08-26 14:51:35+00:00,S08,8,S07,S09,60.0,58.14,1,ACTIVE
MS007821,2026-08-26 14:51:40+00:00,S09,9,S08,S10,60.0,55.51,1,ACTIVE
MS007822,2026-08-26 14:51:45+00:00,S10,10,S09,S11,60.0,56.8,1,ACTIVE
MS007823,2026-08-26 14:51:50+00:00,S11,11,S10,S12,60.0,56.48,1,ACTIVE
MS007824,2026-08-26 14:51:55+00:00,S12,12,S11,,60.0,58.71,1,ACTIVE
MS007825,2026-08-26 14:52:00+00:00,S01,1,,S02,60.0,58.1,1,ACTIVE
MS007826,2026-08-26 14:52:05+00:00,S02,2,S01,S03,60.0,56.76,1,ACTIVE
MS007827,2026-08-26 14:52:10+00:00,S03,3,S02,S04,60.0,58.43,1,ACTIVE
MS007828,2026-08-26 14:52:15+00:00,S04,4,S03,S05,60.0,57.79,1,ACTIVE
MS007829,2026-08-26 14:52:20+00:00,S05,5,S04,S06,60.0,55.38,1,ACTIVE
MS007830,2026-08-26 14:52:25+00:00,S06,6,S05,S07,60.0,58.9,1,ACTIVE
MS007831,2026-08-26 14:52:30+00:00,S07,7,S06,S08,60.0,58.04,1,ACTIVE
MS007832,2026-08-26 14:52:35+00:00,S08,8,S07,S09,60.0,58.14,1,ACTIVE
MS007833,2026-08-26 14:52:40+00:00,S09,9,S08,S10,60.0,55.51,1,ACTIVE
MS007834,2026-08-26 14:52:45+00:00,S10,10,S09,S11,60.0,56.8,1,ACTIVE
MS007835,2026-08-26 14:52:50+00:00,S11,11,S10,S12,60.0,56.48,1,ACTIVE
MS007836,2026-08-26 14:52:55+00:00,S12,12,S11,,60.0,58.71,1,ACTIVE
MS007837,2026-08-26 14:53:00+00:00,S01,1,,S02,60.0,58.1,1,ACTIVE
MS007838,2026-08-26 14:53:05+00:00,S02,2,S01,S03,60.0,56.76,1,ACTIVE
MS007839,2026-08-26 14:53:10+00:00,S03,3,S02,S04,60.0,58.43,1,ACTIVE
MS007840,2026-08-26 14:53:15+00:00,S04,4,S03,S05,60.0,57.79,1,ACTIVE
MS007841,2026-08-26 14:53:20+00:00,S05,5,S04,S06,60.0,55.38,1,ACTIVE
MS007842,2026-08-26 14:53:25+00:00,S06,6,S05,S07,60.0,58.9,1,ACTIVE
MS007843,2026-08-26 14:53:30+00:00,S07,7,S06,S08,60.0,58.04,1,ACTIVE
MS007844,2026-08-26 14:53:35+00:00,S08,8,S07,S09,60.0,58.14,1,ACTIVE
MS007845,2026-08-26 14:53:40+00:00,S09,9,S08,S10,60.0,55.51,1,ACTIVE
MS007846,2026-08-26 14:53:45+00:00,S10,10,S09,S11,60.0,56.8,1,ACTIVE
MS007847,2026-08-26 14:53:50+00:00,S11,11,S10,S12,60.0,56.48,1,ACTIVE
MS007848,2026-08-26 14:53:55+00:00,S12,12,S11,,60.0,58.71,1,ACTIVE
MS007849,2026-08-26 14:54:00+00:00,S01,1,,S02,60.0,58.1,1,ACTIVE
MS007850,2026-08-26 14:54:05+00:00,S02,2,S01,S03,60.0,56.76,1,ACTIVE
MS007851,2026-08-26 14:54:10+00:00,S03,3,S02,S04,60.0,58.43,1,ACTIVE
MS007852,2026-08-26 14:54:15+00:00,S04,4,S03,S05,60.0,57.79,1,ACTIVE
MS007853,2026-08-26 14:54:20+00:00,S05,5,S04,S06,60.0,55.38,1,ACTIVE
MS007854,2026-08-26 14:54:25+00:00,S06,6,S05,S07,60.0,58.9,1,ACTIVE
MS007855,2026-08-26 14:54:30+00:00,S07,7,S06,S08,60.0,58.04,1,ACTIVE
MS007856,2026-08-26 14:54:35+00:00,S08,8,S07,S09,60.0,58.14,1,ACTIVE
MS007857,2026-08-26 14:54:40+00:00,S09,9,S08,S10,60.0,55.51,1,ACTIVE
MS007858,2026-08-26 14:54:45+00:00,S10,10,S09,S11,60.0,56.8,1,ACTIVE
MS007859,2026-08-26 14:54:50+00:00,S11,11,S10,S12,60.0,56.48,1,ACTIVE
MS007860,2026-08-26 14:54:55+00:00,S12,12,S11,,60.0,58.71,1,ACTIVE
MS007861,2026-08-26 14:55:00+00:00,S01,1,,S02,60.0,58.1,1,ACTIVE
MS007862,2026-08-26 14:55:05+00:00,S02,2,S01,S03,60.0,56.76,1,ACTIVE
MS007863,2026-08-26 14:55:10+00:00,S03,3,S02,S04,60.0,58.43,1,ACTIVE
MS007864,2026-08-26 14:55:15+00:00,S04,4,S03,S05,60.0,57.79,1,ACTIVE
MS007865,2026-08-26 14:55:20+00:00,S05,5,S04,S06,60.0,55.38,1,ACTIVE
MS007866,2026-08-26 14:55:25+00:00,S06,6,S05,S07,60.0,58.9,1,ACTIVE
MS007867,2026-08-26 14:55:30+00:00,S07,7,S06,S08,60.0,58.04,1,ACTIVE
MS007868,2026-08-26 14:55:35+00:00,S08,8,S07,S09,60.0,58.14,1,ACTIVE
MS007869,2026-08-26 14:55:40+00:00,S09,9,S08,S10,60.0,55.51,1,ACTIVE
MS007870,2026-08-26 14:55:45+00:00,S10,10,S09,S11,60.0,56.8,1,ACTIVE
MS007871,2026-08-26 14:55:50+00:00,S11,11,S10,S12,60.0,56.48,1,ACTIVE
MS007872,2026-08-26 14:55:55+00:00,S12,12,S11,,60.0,58.71,1,ACTIVE
MS007873,2026-08-26 14:56:00+00:00,S01,1,,S02,60.0,58.1,1,ACTIVE
MS007874,2026-08-26 14:56:05+00:00,S02,2,S01,S03,60.0,56.76,1,ACTIVE
MS007875,2026-08-26 14:56:10+00:00,S03,3,S02,S04,60.0,58.43,1,ACTIVE
MS007876,2026-08-26 14:56:15+00:00,S04,4,S03,S05,60.0,57.79,1,ACTIVE
MS007877,2026-08-26 14:56:20+00:00,S05,5,S04,S06,60.0,55.38,1,ACTIVE
MS007878,2026-08-26 14:56:25+00:00,S06,6,S05,S07,60.0,58.9,1,ACTIVE
MS007879,2026-08-26 14:56:30+00:00,S07,7,S06,S08,60.0,58.04,1,ACTIVE
MS007880,2026-08-26 14:56:35+00:00,S08,8,S07,S09,60.0,58.14,1,ACTIVE
MS007881,2026-08-26 14:56:40+00:00,S09,9,S08,S10,60.0,55.51,1,ACTIVE
MS007882,2026-08-26 14:56:45+00:00,S10,10,S09,S11,60.0,56.8,1,ACTIVE
MS007883,2026-08-26 14:56:50+00:00,S11,11,S10,S12,60.0,56.48,1,ACTIVE
MS007884,2026-08-26 14:56:55+00:00,S12,12,S11,,60.0,58.71,1,ACTIVE
MS007885,2026-08-26 14:57:00+00:00,S01,1,,S02,60.0,58.1,1,ACTIVE
MS007886,2026-08-26 14:57:05+00:00,S02,2,S01,S03,60.0,56.76,1,ACTIVE
MS007887,2026-08-26 14:57:10+00:00,S03,3,S02,S04,60.0,58.43,1,ACTIVE
MS007888,2026-08-26 14:57:15+00:00,S04,4,S03,S05,60.0,57.79,1,ACTIVE
MS007889,2026-08-26 14:57:20+00:00,S05,5,S04,S06,60.0,55.38,1,ACTIVE
MS007890,2026-08-26 14:57:25+00:00,S06,6,S05,S07,60.0,58.9,1,ACTIVE
MS007891,2026-08-26 14:57:30+00:00,S07,7,S06,S08,60.0,58.04,1,ACTIVE
MS007892,2026-08-26 14:57:35+00:00,S08,8,S07,S09,60.0,58.14,1,ACTIVE
MS007893,2026-08-26 14:57:40+00:00,S09,9,S08,S10,60.0,55.51,1,ACTIVE
MS007894,2026-08-26 14:57:45+00:00,S10,10,S09,S11,60.0,56.8,1,ACTIVE
MS007895,2026-08-26 14:57:50+00:00,S11,11,S10,S12,60.0,56.48,1,ACTIVE
MS007896,2026-08-26 14:57:55+00:00,S12,12,S11,,60.0,58.71,1,ACTIVE
MS007897,2026-08-26 14:58:00+00:00,S01,1,,S02,60.0,58.1,1,ACTIVE
MS007898,2026-08-26 14:58:05+00:00,S02,2,S01,S03,60.0,56.76,1,ACTIVE
MS007899,2026-08-26 14:58:10+00:00,S03,3,S02,S04,60.0,58.43,1,ACTIVE
MS007900,2026-08-26 14:58:15+00:00,S04,4,S03,S05,60.0,57.79,1,ACTIVE
MS007901,2026-08-26 14:58:20+00:00,S05,5,S04,S06,60.0,55.38,1,ACTIVE
MS007902,2026-08-26 14:58:25+00:00,S06,6,S05,S07,60.0,58.9,1,ACTIVE
MS007903,2026-08-26 14:58:30+00:00,S07,7,S06,S08,60.0,58.04,1,ACTIVE
MS007904,2026-08-26 14:58:35+00:00,S08,8,S07,S09,60.0,58.14,1,ACTIVE
MS007905,2026-08-26 14:58:40+00:00,S09,9,S08,S10,60.0,55.51,1,ACTIVE
MS007906,2026-08-26 14:58:45+00:00,S10,10,S09,S11,60.0,56.8,1,ACTIVE
MS007907,2026-08-26 14:58:50+00:00,S11,11,S10,S12,60.0,56.48,1,ACTIVE
MS007908,2026-08-26 14:58:55+00:00,S12,12,S11,,60.0,58.71,1,ACTIVE
MS007909,2026-08-26 14:59:00+00:00,S01,1,,S02,60.0,58.1,1,ACTIVE
MS007910,2026-08-26 14:59:05+00:00,S02,2,S01,S03,60.0,56.76,1,ACTIVE
MS007911,2026-08-26 14:59:10+00:00,S03,3,S02,S04,60.0,58.43,1,ACTIVE
MS007912,2026-08-26 14:59:15+00:00,S04,4,S03,S05,60.0,57.79,1,ACTIVE
MS007913,2026-08-26 14:59:20+00:00,S05,5,S04,S06,60.0,55.38,1,ACTIVE
MS007914,2026-08-26 14:59:25+00:00,S06,6,S05,S07,60.0,58.9,1,ACTIVE
MS007915,2026-08-26 14:59:30+00:00,S07,7,S06,S08,60.0,58.04,1,ACTIVE
MS007916,2026-08-26 14:59:35+00:00,S08,8,S07,S09,60.0,58.14,1,ACTIVE
MS007917,2026-08-26 14:59:40+00:00,S09,9,S08,S10,60.0,55.51,1,ACTIVE
MS007918,2026-08-26 14:59:45+00:00,S10,10,S09,S11,60.0,56.8,1,ACTIVE
MS007919,2026-08-26 14:59:50+00:00,S11,11,S10,S12,60.0,56.48,1,ACTIVE
MS007920,2026-08-26 14:59:55+00:00,S12,12,S11,,60.0,58.71,1,ACTIVE
MS007921,2026-08-26 15:00:00+00:00,S01,1,,S02,60.0,58.1,1,ACTIVE
MS007922,2026-08-26 15:00:05+00:00,S02,2,S01,S03,60.0,56.76,1,ACTIVE
MS007923,2026-08-26 15:00:10+00:00,S03,3,S02,S04,60.0,58.43,1,ACTIVE
MS007924,2026-08-26 15:00:15+00:00,S04,4,S03,S05,60.0,57.79,1,ACTIVE
MS007925,2026-08-26 15:00:20+00:00,S05,5,S04,S06,60.0,55.38,1,ACTIVE
MS007926,2026-08-26 15:00:25+00:00,S06,6,S05,S07,60.0,58.9,1,ACTIVE
MS007927,2026-08-26 15:00:30+00:00,S07,7,S06,S08,60.0,58.04,1,ACTIVE
MS007928,2026-08-26 15:00:35+00:00,S08,8,S07,S09,60.0,58.14,1,ACTIVE
MS007929,2026-08-26 15:00:40+00:00,S09,9,S08,S10,60.0,55.51,1,ACTIVE
MS007930,2026-08-26 15:00:45+00:00,S10,10,S09,S11,60.0,56.8,1,ACTIVE
MS007931,2026-08-26 15:00:50+00:00,S11,11,S10,S12,60.0,56.48,1,ACTIVE
MS007932,2026-08-26 15:00:55+00:00,S12,12,S11,,60.0,58.71,1,ACTIVE
MS007933,2026-08-26 15:01:00+00:00,S01,1,,S02,60.0,58.1,1,ACTIVE
MS007934,2026-08-26 15:01:05+00:00,S02,2,S01,S03,60.0,56.76,1,ACTIVE
MS007935,2026-08-26 15:01:10+00:00,S03,3,S02,S04,60.0,58.43,1,ACTIVE
MS007936,2026-08-26 15:01:15+00:00,S04,4,S03,S05,60.0,57.79,1,ACTIVE
MS007937,2026-08-26 15:01:20+00:00,S05,5,S04,S06,60.0,55.38,1,ACTIVE
MS007938,2026-08-26 15:01:25+00:00,S06,6,S05,S07,60.0,58.9,1,ACTIVE
MS007939,2026-08-26 15:01:30+00:00,S07,7,S06,S08,60.0,58.04,1,ACTIVE
MS007940,2026-08-26 15:01:35+00:00,S08,8,S07,S09,60.0,58.14,1,ACTIVE
MS007941,2026-08-26 15:01:40+00:00,S09,9,S08,S10,60.0,55.51,1,ACTIVE
MS007942,2026-08-26 15:01:45+00:00,S10,10,S09,S11,60.0,56.8,1,ACTIVE
MS007943,2026-08-26 15:01:50+00:00,S11,11,S10,S12,60.0,56.48,1,ACTIVE
MS007944,2026-08-26 15:01:55+00:00,S12,12,S11,,60.0,58.71,1,ACTIVE
MS007945,2026-08-26 15:02:00+00:00,S01,1,,S02,60.0,58.1,1,ACTIVE
MS007946,2026-08-26 15:02:05+00:00,S02,2,S01,S03,60.0,56.76,1,ACTIVE
MS007947,2026-08-26 15:02:10+00:00,S03,3,S02,S04,60.0,58.43,1,ACTIVE
MS007948,2026-08-26 15:02:15+00:00,S04,4,S03,S05,60.0,57.79,1,ACTIVE
MS007949,2026-08-26 15:02:20+00:00,S05,5,S04,S06,60.0,55.38,1,ACTIVE
MS007950,2026-08-26 15:02:25+00:00,S06,6,S05,S07,60.0,58.9,1,ACTIVE
MS007951,2026-08-26 15:02:30+00:00,S07,7,S06,S08,60.0,58.04,1,ACTIVE
MS007952,2026-08-26 15:02:35+00:00,S08,8,S07,S09,60.0,58.14,1,ACTIVE
MS007953,2026-08-26 15:02:40+00:00,S09,9,S08,S10,60.0,55.51,1,ACTIVE
MS007954,2026-08-26 15:02:45+00:00,S10,10,S09,S11,60.0,56.8,1,ACTIVE
MS007955,2026-08-26 15:02:50+00:00,S11,11,S10,S12,60.0,56.48,1,ACTIVE
MS007956,2026-08-26 15:02:55+00:00,S12,12,S11,,60.0,58.71,1,ACTIVE
MS007957,2026-08-26 15:03:00+00:00,S01,1,,S02,60.0,58.1,1,ACTIVE
MS007958,2026-08-26 15:03:05+00:00,S02,2,S01,S03,60.0,56.76,1,ACTIVE
MS007959,2026-08-26 15:03:10+00:00,S03,3,S02,S04,60.0,58.43,1,ACTIVE
MS007960,2026-08-26 15:03:15+00:00,S04,4,S03,S05,60.0,57.79,1,ACTIVE
MS007961,2026-08-26 15:03:20+00:00,S05,5,S04,S06,60.0,55.38,1,ACTIVE
MS007962,2026-08-26 15:03:25+00:00,S06,6,S05,S07,60.0,58.9,1,ACTIVE
MS007963,2026-08-26 15:03:30+00:00,S07,7,S06,S08,60.0,58.04,1,ACTIVE
MS007964,2026-08-26 15:03:35+00:00,S08,8,S07,S09,60.0,58.14,1,ACTIVE
MS007965,2026-08-26 15:03:40+00:00,S09,9,S08,S10,60.0,55.51,1,ACTIVE
MS007966,2026-08-26 15:03:45+00:00,S10,10,S09,S11,60.0,56.8,1,ACTIVE
MS007967,2026-08-26 15:03:50+00:00,S11,11,S10,S12,60.0,56.48,1,ACTIVE
MS007968,2026-08-26 15:03:55+00:00,S12,12,S11,,60.0,58.71,1,ACTIVE
MS007969,2026-08-26 15:04:00+00:00,S01,1,,S02,60.0,58.1,1,ACTIVE
MS007970,2026-08-26 15:04:05+00:00,S02,2,S01,S03,60.0,56.76,1,ACTIVE
MS007971,2026-08-26 15:04:10+00:00,S03,3,S02,S04,60.0,58.43,1,ACTIVE
MS007972,2026-08-26 15:04:15+00:00,S04,4,S03,S05,60.0,57.79,1,ACTIVE
MS007973,2026-08-26 15:04:20+00:00,S05,5,S04,S06,60.0,55.38,1,ACTIVE
MS007974,2026-08-26 15:04:25+00:00,S06,6,S05,S07,60.0,58.9,1,ACTIVE
MS007975,2026-08-26 15:04:30+00:00,S07,7,S06,S08,60.0,58.04,1,ACTIVE
MS007976,2026-08-26 15:04:35+00:00,S08,8,S07,S09,60.0,58.14,1,ACTIVE
MS007977,2026-08-26 15:04:40+00:00,S09,9,S08,S10,60.0,55.51,1,ACTIVE
MS007978,2026-08-26 15:04:45+00:00,S10,10,S09,S11,60.0,56.8,1,ACTIVE
MS007979,2026-08-26 15:04:50+00:00,S11,11,S10,S12,60.0,56.48,1,ACTIVE
MS007980,2026-08-26 15:04:55+00:00,S12,12,S11,,60.0,58.71,1,ACTIVE
MS007981,2026-08-26 15:05:00+00:00,S01,1,,S02,60.0,58.1,1,ACTIVE
MS007982,2026-08-26 15:05:05+00:00,S02,2,S01,S03,60.0,56.76,1,ACTIVE
MS007983,2026-08-26 15:05:10+00:00,S03,3,S02,S04,60.0,58.43,1,ACTIVE
MS007984,2026-08-26 15:05:15+00:00,S04,4,S03,S05,60.0,57.79,1,ACTIVE
MS007985,2026-08-26 15:05:20+00:00,S05,5,S04,S06,60.0,55.38,1,ACTIVE
MS007986,2026-08-26 15:05:25+00:00,S06,6,S05,S07,60.0,58.9,1,ACTIVE
MS007987,2026-08-26 15:05:30+00:00,S07,7,S06,S08,60.0,58.04,1,ACTIVE
MS007988,2026-08-26 15:05:35+00:00,S08,8,S07,S09,60.0,58.14,1,ACTIVE
MS007989,2026-08-26 15:05:40+00:00,S09,9,S08,S10,60.0,55.51,1,ACTIVE
MS007990,2026-08-26 15:05:45+00:00,S10,10,S09,S11,60.0,56.8,1,ACTIVE
MS007991,2026-08-26 15:05:50+00:00,S11,11,S10,S12,60.0,56.48,1,ACTIVE
MS007992,2026-08-26 15:05:55+00:00,S12,12,S11,,60.0,58.71,1,ACTIVE
MS007993,2026-08-26 15:06:00+00:00,S01,1,,S02,60.0,58.1,1,ACTIVE
MS007994,2026-08-26 15:06:05+00:00,S02,2,S01,S03,60.0,56.76,1,ACTIVE
MS007995,2026-08-26 15:06:10+00:00,S03,3,S02,S04,60.0,58.43,1,ACTIVE
MS007996,2026-08-26 15:06:15+00:00,S04,4,S03,S05,60.0,57.79,1,ACTIVE
MS007997,2026-08-26 15:06:20+00:00,S05,5,S04,S06,60.0,55.38,1,ACTIVE
MS007998,2026-08-26 15:06:25+00:00,S06,6,S05,S07,60.0,58.9,1,ACTIVE
MS007999,2026-08-26 15:06:30+00:00,S07,7,S06,S08,60.0,58.04,1,ACTIVE
MS008000,2026-08-26 15:06:35+00:00,S08,8,S07,S09,60.0,58.14,1,ACTIVE
MS008001,2026-08-26 15:06:40+00:00,S09,9,S08,S10,60.0,55.51,1,ACTIVE
MS008002,2026-08-26 15:06:45+00:00,S10,10,S09,S11,60.0,56.8,1,ACTIVE
MS008003,2026-08-26 15:06:50+00:00,S11,11,S10,S12,60.0,56.48,1,ACTIVE
MS008004,2026-08-26 15:06:55+00:00,S12,12,S11,,60.0,58.71,1,ACTIVE
MS008005,2026-08-26 15:07:00+00:00,S01,1,,S02,60.0,58.1,1,ACTIVE
MS008006,2026-08-26 15:07:05+00:00,S02,2,S01,S03,60.0,56.76,1,ACTIVE
MS008007,2026-08-26 15:07:10+00:00,S03,3,S02,S04,60.0,58.43,1,ACTIVE
MS008008,2026-08-26 15:07:15+00:00,S04,4,S03,S05,60.0,57.79,1,ACTIVE
MS008009,2026-08-26 15:07:20+00:00,S05,5,S04,S06,60.0,55.38,1,ACTIVE
MS008010,2026-08-26 15:07:25+00:00,S06,6,S05,S07,60.0,58.9,1,ACTIVE
MS008011,2026-08-26 15:07:30+00:00,S07,7,S06,S08,60.0,58.04,1,ACTIVE
MS008012,2026-08-26 15:07:35+00:00,S08,8,S07,S09,60.0,58.14,1,ACTIVE
MS008013,2026-08-26 15:07:40+00:00,S09,9,S08,S10,60.0,55.51,1,ACTIVE
MS008014,2026-08-26 15:07:45+00:00,S10,10,S09,S11,60.0,56.8,1,ACTIVE
MS008015,2026-08-26 15:07:50+00:00,S11,11,S10,S12,60.0,56.48,1,ACTIVE
MS008016,2026-08-26 15:07:55+00:00,S12,12,S11,,60.0,58.71,1,ACTIVE
MS008017,2026-08-26 15:08:00+00:00,S01,1,,S02,60.0,58.1,1,ACTIVE
MS008018,2026-08-26 15:08:05+00:00,S02,2,S01,S03,60.0,56.76,1,ACTIVE
MS008019,2026-08-26 15:08:10+00:00,S03,3,S02,S04,60.0,58.43,1,ACTIVE
MS008020,2026-08-26 15:08:15+00:00,S04,4,S03,S05,60.0,57.79,1,ACTIVE
MS008021,2026-08-26 15:08:20+00:00,S05,5,S04,S06,60.0,55.38,1,ACTIVE
MS008022,2026-08-26 15:08:25+00:00,S06,6,S05,S07,60.0,58.9,1,ACTIVE
MS008023,2026-08-26 15:08:30+00:00,S07,7,S06,S08,60.0,58.04,1,ACTIVE
MS008024,2026-08-26 15:08:35+00:00,S08,8,S07,S09,60.0,58.14,1,ACTIVE
MS008025,2026-08-26 15:08:40+00:00,S09,9,S08,S10,60.0,55.51,1,ACTIVE
MS008026,2026-08-26 15:08:45+00:00,S10,10,S09,S11,60.0,56.8,1,ACTIVE
MS008027,2026-08-26 15:08:50+00:00,S11,11,S10,S12,60.0,56.48,1,ACTIVE
MS008028,2026-08-26 15:08:55+00:00,S12,12,S11,,60.0,58.71,1,ACTIVE
MS008029,2026-08-26 15:09:00+00:00,S01,1,,S02,60.0,58.1,1,ACTIVE
MS008030,2026-08-26 15:09:05+00:00,S02,2,S01,S03,60.0,56.76,1,ACTIVE
MS008031,2026-08-26 15:09:10+00:00,S03,3,S02,S04,60.0,58.43,1,ACTIVE
MS008032,2026-08-26 15:09:15+00:00,S04,4,S03,S05,60.0,57.79,1,ACTIVE
MS008033,2026-08-26 15:09:20+00:00,S05,5,S04,S06,60.0,55.38,1,ACTIVE
MS008034,2026-08-26 15:09:25+00:00,S06,6,S05,S07,60.0,58.9,1,ACTIVE
MS008035,2026-08-26 15:09:30+00:00,S07,7,S06,S08,60.0,58.04,1,ACTIVE
MS008036,2026-08-26 15:09:35+00:00,S08,8,S07,S09,60.0,58.14,1,ACTIVE
MS008037,2026-08-26 15:09:40+00:00,S09,9,S08,S10,60.0,55.51,1,ACTIVE
MS008038,2026-08-26 15:09:45+00:00,S10,10,S09,S11,60.0,56.8,1,ACTIVE
MS008039,2026-08-26 15:09:50+00:00,S11,11,S10,S12,60.0,56.48,1,ACTIVE
MS008040,2026-08-26 15:09:55+00:00,S12,12,S11,,60.0,58.71,1,ACTIVE
MS008041,2026-08-26 15:10:00+00:00,S01,1,,S02,60.0,58.1,1,ACTIVE
MS008042,2026-08-26 15:10:05+00:00,S02,2,S01,S03,60.0,56.76,1,ACTIVE
MS008043,2026-08-26 15:10:10+00:00,S03,3,S02,S04,60.0,58.43,1,ACTIVE
MS008044,2026-08-26 15:10:15+00:00,S04,4,S03,S05,60.0,57.79,1,ACTIVE
MS008045,2026-08-26 15:10:20+00:00,S05,5,S04,S06,60.0,55.38,1,ACTIVE
MS008046,2026-08-26 15:10:25+00:00,S06,6,S05,S07,60.0,58.9,1,ACTIVE
MS008047,2026-08-26 15:10:30+00:00,S07,7,S06,S08,60.0,58.04,1,ACTIVE
MS008048,2026-08-26 15:10:35+00:00,S08,8,S07,S09,60.0,58.14,1,ACTIVE
MS008049,2026-08-26 15:10:40+00:00,S09,9,S08,S10,60.0,55.51,1,ACTIVE
MS008050,2026-08-26 15:10:45+00:00,S10,10,S09,S11,60.0,56.8,1,ACTIVE
MS008051,2026-08-26 15:10:50+00:00,S11,11,S10,S12,60.0,56.48,1,ACTIVE
MS008052,2026-08-26 15:10:55+00:00,S12,12,S11,,60.0,58.71,1,ACTIVE
MS008053,2026-08-26 15:11:00+00:00,S01,1,,S02,60.0,58.1,1,ACTIVE
MS008054,2026-08-26 15:11:05+00:00,S02,2,S01,S03,60.0,56.76,1,ACTIVE
MS008055,2026-08-26 15:11:10+00:00,S03,3,S02,S04,60.0,58.43,1,ACTIVE
MS008056,2026-08-26 15:11:15+00:00,S04,4,S03,S05,60.0,57.79,1,ACTIVE
MS008057,2026-08-26 15:11:20+00:00,S05,5,S04,S06,60.0,55.38,1,ACTIVE
MS008058,2026-08-26 15:11:25+00:00,S06,6,S05,S07,60.0,58.9,1,ACTIVE
MS008059,2026-08-26 15:11:30+00:00,S07,7,S06,S08,60.0,58.04,1,ACTIVE
MS008060,2026-08-26 15:11:35+00:00,S08,8,S07,S09,60.0,58.14,1,ACTIVE
MS008061,2026-08-26 15:11:40+00:00,S09,9,S08,S10,60.0,55.51,1,ACTIVE
MS008062,2026-08-26 15:11:45+00:00,S10,10,S09,S11,60.0,56.8,1,ACTIVE
MS008063,2026-08-26 15:11:50+00:00,S11,11,S10,S12,60.0,56.48,1,ACTIVE
MS008064,2026-08-26 15:11:55+00:00,S12,12,S11,,60.0,58.71,1,ACTIVE
MS008065,2026-08-26 15:12:00+00:00,S01,1,,S02,60.0,58.1,1,ACTIVE
MS008066,2026-08-26 15:12:05+00:00,S02,2,S01,S03,60.0,56.76,1,ACTIVE
MS008067,2026-08-26 15:12:10+00:00,S03,3,S02,S04,60.0,58.43,1,ACTIVE
MS008068,2026-08-26 15:12:15+00:00,S04,4,S03,S05,60.0,57.79,1,ACTIVE
MS008069,2026-08-26 15:12:20+00:00,S05,5,S04,S06,60.0,55.38,1,ACTIVE
MS008070,2026-08-26 15:12:25+00:00,S06,6,S05,S07,60.0,58.9,1,ACTIVE
MS008071,2026-08-26 15:12:30+00:00,S07,7,S06,S08,60.0,58.04,1,ACTIVE
MS008072,2026-08-26 15:12:35+00:00,S08,8,S07,S09,60.0,58.14,1,ACTIVE
MS008073,2026-08-26 15:12:40+00:00,S09,9,S08,S10,60.0,55.51,1,ACTIVE
MS008074,2026-08-26 15:12:45+00:00,S10,10,S09,S11,60.0,56.8,1,ACTIVE
MS008075,2026-08-26 15:12:50+00:00,S11,11,S10,S12,60.0,56.48,1,ACTIVE
MS008076,2026-08-26 15:12:55+00:00,S12,12,S11,,60.0,58.71,1,ACTIVE
MS008077,2026-08-26 15:13:00+00:00,S01,1,,S02,60.0,58.1,1,ACTIVE
MS008078,2026-08-26 15:13:05+00:00,S02,2,S01,S03,60.0,56.76,1,ACTIVE
MS008079,2026-08-26 15:13:10+00:00,S03,3,S02,S04,60.0,58.43,1,ACTIVE
MS008080,2026-08-26 15:13:15+00:00,S04,4,S03,S05,60.0,57.79,1,ACTIVE
MS008081,2026-08-26 15:13:20+00:00,S05,5,S04,S06,60.0,55.38,1,ACTIVE
MS008082,2026-08-26 15:13:25+00:00,S06,6,S05,S07,60.0,58.9,1,ACTIVE
MS008083,2026-08-26 15:13:30+00:00,S07,7,S06,S08,60.0,58.04,1,ACTIVE
MS008084,2026-08-26 15:13:35+00:00,S08,8,S07,S09,60.0,58.14,1,ACTIVE
MS008085,2026-08-26 15:13:40+00:00,S09,9,S08,S10,60.0,55.51,1,ACTIVE
MS008086,2026-08-26 15:13:45+00:00,S10,10,S09,S11,60.0,56.8,1,ACTIVE
MS008087,2026-08-26 15:13:50+00:00,S11,11,S10,S12,60.0,56.48,1,ACTIVE
MS008088,2026-08-26 15:13:55+00:00,S12,12,S11,,60.0,58.71,1,ACTIVE
MS008089,2026-08-26 15:14:00+00:00,S01,1,,S02,60.0,58.1,1,ACTIVE
MS008090,2026-08-26 15:14:05+00:00,S02,2,S01,S03,60.0,56.76,1,ACTIVE
MS008091,2026-08-26 15:14:10+00:00,S03,3,S02,S04,60.0,58.43,1,ACTIVE
MS008092,2026-08-26 15:14:15+00:00,S04,4,S03,S05,60.0,57.79,1,ACTIVE
MS008093,2026-08-26 15:14:20+00:00,S05,5,S04,S06,60.0,55.38,1,ACTIVE
MS008094,2026-08-26 15:14:25+00:00,S06,6,S05,S07,60.0,58.9,1,ACTIVE
MS008095,2026-08-26 15:14:30+00:00,S07,7,S06,S08,60.0,58.04,1,ACTIVE
MS008096,2026-08-26 15:14:35+00:00,S08,8,S07,S09,60.0,58.14,1,ACTIVE
MS008097,2026-08-26 15:14:40+00:00,S09,9,S08,S10,60.0,55.51,1,ACTIVE
MS008098,2026-08-26 15:14:45+00:00,S10,10,S09,S11,60.0,56.8,1,ACTIVE
MS008099,2026-08-26 15:14:50+00:00,S11,11,S10,S12,60.0,56.48,1,ACTIVE
MS008100,2026-08-26 15:14:55+00:00,S12,12,S11,,60.0,58.71,1,ACTIVE
MS008101,2026-08-26 15:15:00+00:00,S01,1,,S02,60.0,58.1,1,ACTIVE
MS008102,2026-08-26 15:15:05+00:00,S02,2,S01,S03,60.0,56.76,1,ACTIVE
MS008103,2026-08-26 15:15:10+00:00,S03,3,S02,S04,60.0,58.43,1,ACTIVE
MS008104,2026-08-26 15:15:15+00:00,S04,4,S03,S05,60.0,57.79,1,ACTIVE
MS008105,2026-08-26 15:15:20+00:00,S05,5,S04,S06,60.0,55.38,1,ACTIVE
MS008106,2026-08-26 15:15:25+00:00,S06,6,S05,S07,60.0,58.9,1,ACTIVE
MS008107,2026-08-26 15:15:30+00:00,S07,7,S06,S08,60.0,58.04,1,ACTIVE
MS008108,2026-08-26 15:15:35+00:00,S08,8,S07,S09,60.0,58.14,1,ACTIVE
MS008109,2026-08-26 15:15:40+00:00,S09,9,S08,S10,60.0,55.51,1,ACTIVE
MS008110,2026-08-26 15:15:45+00:00,S10,10,S09,S11,60.0,56.8,1,ACTIVE
MS008111,2026-08-26 15:15:50+00:00,S11,11,S10,S12,60.0,56.48,1,ACTIVE
MS008112,2026-08-26 15:15:55+00:00,S12,12,S11,,60.0,58.71,1,ACTIVE
MS008113,2026-08-26 15:16:00+00:00,S01,1,,S02,60.0,58.1,1,ACTIVE
MS008114,2026-08-26 15:16:05+00:00,S02,2,S01,S03,60.0,56.76,1,ACTIVE
MS008115,2026-08-26 15:16:10+00:00,S03,3,S02,S04,60.0,58.43,1,ACTIVE
MS008116,2026-08-26 15:16:15+00:00,S04,4,S03,S05,60.0,57.79,1,ACTIVE
MS008117,2026-08-26 15:16:20+00:00,S05,5,S04,S06,60.0,55.38,1,ACTIVE
MS008118,2026-08-26 15:16:25+00:00,S06,6,S05,S07,60.0,58.9,1,ACTIVE
MS008119,2026-08-26 15:16:30+00:00,S07,7,S06,S08,60.0,58.04,1,ACTIVE
MS008120,2026-08-26 15:16:35+00:00,S08,8,S07,S09,60.0,58.14,1,ACTIVE
MS008121,2026-08-26 15:16:40+00:00,S09,9,S08,S10,60.0,55.51,1,ACTIVE
MS008122,2026-08-26 15:16:45+00:00,S10,10,S09,S11,60.0,56.8,1,ACTIVE
MS008123,2026-08-26 15:16:50+00:00,S11,11,S10,S12,60.0,56.48,1,ACTIVE
MS008124,2026-08-26 15:16:55+00:00,S12,12,S11,,60.0,58.71,1,ACTIVE
MS008125,2026-08-26 15:17:00+00:00,S01,1,,S02,60.0,58.1,1,ACTIVE
MS008126,2026-08-26 15:17:05+00:00,S02,2,S01,S03,60.0,56.76,1,ACTIVE
MS008127,2026-08-26 15:17:10+00:00,S03,3,S02,S04,60.0,58.43,1,ACTIVE
MS008128,2026-08-26 15:17:15+00:00,S04,4,S03,S05,60.0,57.79,1,ACTIVE
MS008129,2026-08-26 15:17:20+00:00,S05,5,S04,S06,60.0,55.38,1,ACTIVE
MS008130,2026-08-26 15:17:25+00:00,S06,6,S05,S07,60.0,58.9,1,ACTIVE
MS008131,2026-08-26 15:17:30+00:00,S07,7,S06,S08,60.0,58.04,1,ACTIVE
MS008132,2026-08-26 15:17:35+00:00,S08,8,S07,S09,60.0,58.14,1,ACTIVE
MS008133,2026-08-26 15:17:40+00:00,S09,9,S08,S10,60.0,55.51,1,ACTIVE
MS008134,2026-08-26 15:17:45+00:00,S10,10,S09,S11,60.0,56.8,1,ACTIVE
MS008135,2026-08-26 15:17:50+00:00,S11,11,S10,S12,60.0,56.48,1,ACTIVE
MS008136,2026-08-26 15:17:55+00:00,S12,12,S11,,60.0,58.71,1,ACTIVE
MS008137,2026-08-26 15:18:00+00:00,S01,1,,S02,60.0,58.1,1,ACTIVE
MS008138,2026-08-26 15:18:05+00:00,S02,2,S01,S03,60.0,56.76,1,ACTIVE
MS008139,2026-08-26 15:18:10+00:00,S03,3,S02,S04,60.0,58.43,1,ACTIVE
MS008140,2026-08-26 15:18:15+00:00,S04,4,S03,S05,60.0,57.79,1,ACTIVE
MS008141,2026-08-26 15:18:20+00:00,S05,5,S04,S06,60.0,55.38,1,ACTIVE
MS008142,2026-08-26 15:18:25+00:00,S06,6,S05,S07,60.0,58.9,1,ACTIVE
MS008143,2026-08-26 15:18:30+00:00,S07,7,S06,S08,60.0,58.04,1,ACTIVE
MS008144,2026-08-26 15:18:35+00:00,S08,8,S07,S09,60.0,58.14,1,ACTIVE
MS008145,2026-08-26 15:18:40+00:00,S09,9,S08,S10,60.0,55.51,1,ACTIVE
MS008146,2026-08-26 15:18:45+00:00,S10,10,S09,S11,60.0,56.8,1,ACTIVE
MS008147,2026-08-26 15:18:50+00:00,S11,11,S10,S12,60.0,56.48,1,ACTIVE
MS008148,2026-08-26 15:18:55+00:00,S12,12,S11,,60.0,58.71,1,ACTIVE
MS008149,2026-08-26 15:19:00+00:00,S01,1,,S02,60.0,58.1,1,ACTIVE
MS008150,2026-08-26 15:19:05+00:00,S02,2,S01,S03,60.0,56.76,1,ACTIVE
MS008151,2026-08-26 15:19:10+00:00,S03,3,S02,S04,60.0,58.43,1,ACTIVE
MS008152,2026-08-26 15:19:15+00:00,S04,4,S03,S05,60.0,57.79,1,ACTIVE
MS008153,2026-08-26 15:19:20+00:00,S05,5,S04,S06,60.0,55.38,1,ACTIVE
MS008154,2026-08-26 15:19:25+00:00,S06,6,S05,S07,60.0,58.9,1,ACTIVE
MS008155,2026-08-26 15:19:30+00:00,S07,7,S06,S08,60.0,58.04,1,ACTIVE
MS008156,2026-08-26 15:19:35+00:00,S08,8,S07,S09,60.0,58.14,1,ACTIVE
MS008157,2026-08-26 15:19:40+00:00,S09,9,S08,S10,60.0,55.51,1,ACTIVE
MS008158,2026-08-26 15:19:45+00:00,S10,10,S09,S11,60.0,56.8,1,ACTIVE
MS008159,2026-08-26 15:19:50+00:00,S11,11,S10,S12,60.0,56.48,1,ACTIVE
MS008160,2026-08-26 15:19:55+00:00,S12,12,S11,,60.0,58.71,1,ACTIVE
MS008161,2026-08-26 15:20:00+00:00,S01,1,,S02,60.0,58.1,1,ACTIVE
MS008162,2026-08-26 15:20:05+00:00,S02,2,S01,S03,60.0,56.76,1,ACTIVE
MS008163,2026-08-26 15:20:10+00:00,S03,3,S02,S04,60.0,58.43,1,ACTIVE
MS008164,2026-08-26 15:20:15+00:00,S04,4,S03,S05,60.0,57.79,1,ACTIVE
MS008165,2026-08-26 15:20:20+00:00,S05,5,S04,S06,60.0,55.38,1,ACTIVE
MS008166,2026-08-26 15:20:25+00:00,S06,6,S05,S07,60.0,58.9,1,ACTIVE
MS008167,2026-08-26 15:20:30+00:00,S07,7,S06,S08,60.0,58.04,1,ACTIVE
MS008168,2026-08-26 15:20:35+00:00,S08,8,S07,S09,60.0,58.14,1,ACTIVE
MS008169,2026-08-26 15:20:40+00:00,S09,9,S08,S10,60.0,55.51,1,ACTIVE
MS008170,2026-08-26 15:20:45+00:00,S10,10,S09,S11,60.0,56.8,1,ACTIVE
MS008171,2026-08-26 15:20:50+00:00,S11,11,S10,S12,60.0,56.48,1,ACTIVE
MS008172,2026-08-26 15:20:55+00:00,S12,12,S11,,60.0,58.71,1,ACTIVE
MS008173,2026-08-26 15:21:00+00:00,S01,1,,S02,60.0,58.1,1,ACTIVE
MS008174,2026-08-26 15:21:05+00:00,S02,2,S01,S03,60.0,56.76,1,ACTIVE
MS008175,2026-08-26 15:21:10+00:00,S03,3,S02,S04,60.0,58.43,1,ACTIVE
MS008176,2026-08-26 15:21:15+00:00,S04,4,S03,S05,60.0,57.79,1,ACTIVE
MS008177,2026-08-26 15:21:20+00:00,S05,5,S04,S06,60.0,55.38,1,ACTIVE
MS008178,2026-08-26 15:21:25+00:00,S06,6,S05,S07,60.0,58.9,1,ACTIVE
MS008179,2026-08-26 15:21:30+00:00,S07,7,S06,S08,60.0,58.04,1,ACTIVE
MS008180,2026-08-26 15:21:35+00:00,S08,8,S07,S09,60.0,58.14,1,ACTIVE
MS008181,2026-08-26 15:21:40+00:00,S09,9,S08,S10,60.0,55.51,1,ACTIVE
MS008182,2026-08-26 15:21:45+00:00,S10,10,S09,S11,60.0,56.8,1,ACTIVE
MS008183,2026-08-26 15:21:50+00:00,S11,11,S10,S12,60.0,56.48,1,ACTIVE
MS008184,2026-08-26 15:21:55+00:00,S12,12,S11,,60.0,58.71,1,ACTIVE
MS008185,2026-08-26 15:22:00+00:00,S01,1,,S02,60.0,58.1,1,ACTIVE
MS008186,2026-08-26 15:22:05+00:00,S02,2,S01,S03,60.0,56.76,1,ACTIVE
MS008187,2026-08-26 15:22:10+00:00,S03,3,S02,S04,60.0,58.43,1,ACTIVE
MS008188,2026-08-26 15:22:15+00:00,S04,4,S03,S05,60.0,57.79,1,ACTIVE
MS008189,2026-08-26 15:22:20+00:00,S05,5,S04,S06,60.0,55.38,1,ACTIVE
MS008190,2026-08-26 15:22:25+00:00,S06,6,S05,S07,60.0,58.9,1,ACTIVE
MS008191,2026-08-26 15:22:30+00:00,S07,7,S06,S08,60.0,58.04,1,ACTIVE
MS008192,2026-08-26 15:22:35+00:00,S08,8,S07,S09,60.0,58.14,1,ACTIVE
MS008193,2026-08-26 15:22:40+00:00,S09,9,S08,S10,60.0,55.51,1,ACTIVE
MS008194,2026-08-26 15:22:45+00:00,S10,10,S09,S11,60.0,56.8,1,ACTIVE
MS008195,2026-08-26 15:22:50+00:00,S11,11,S10,S12,60.0,56.48,1,ACTIVE
MS008196,2026-08-26 15:22:55+00:00,S12,12,S11,,60.0,58.71,1,ACTIVE
MS008197,2026-08-26 15:23:00+00:00,S01,1,,S02,60.0,58.1,1,ACTIVE
MS008198,2026-08-26 15:23:05+00:00,S02,2,S01,S03,60.0,56.76,1,ACTIVE
MS008199,2026-08-26 15:23:10+00:00,S03,3,S02,S04,60.0,58.43,1,ACTIVE
MS008200,2026-08-26 15:23:15+00:00,S04,4,S03,S05,60.0,57.79,1,ACTIVE
MS008201,2026-08-26 15:23:20+00:00,S05,5,S04,S06,60.0,55.38,1,ACTIVE
MS008202,2026-08-26 15:23:25+00:00,S06,6,S05,S07,60.0,58.9,1,ACTIVE
MS008203,2026-08-26 15:23:30+00:00,S07,7,S06,S08,60.0,58.04,1,ACTIVE
MS008204,2026-08-26 15:23:35+00:00,S08,8,S07,S09,60.0,58.14,1,ACTIVE
MS008205,2026-08-26 15:23:40+00:00,S09,9,S08,S10,60.0,55.51,1,ACTIVE
MS008206,2026-08-26 15:23:45+00:00,S10,10,S09,S11,60.0,56.8,1,ACTIVE
MS008207,2026-08-26 15:23:50+00:00,S11,11,S10,S12,60.0,56.48,1,ACTIVE
MS008208,2026-08-26 15:23:55+00:00,S12,12,S11,,60.0,58.71,1,ACTIVE
MS008209,2026-08-26 15:24:00+00:00,S01,1,,S02,60.0,58.1,1,ACTIVE
MS008210,2026-08-26 15:24:05+00:00,S02,2,S01,S03,60.0,56.76,1,ACTIVE
MS008211,2026-08-26 15:24:10+00:00,S03,3,S02,S04,60.0,58.43,1,ACTIVE
MS008212,2026-08-26 15:24:15+00:00,S04,4,S03,S05,60.0,57.79,1,ACTIVE
MS008213,2026-08-26 15:24:20+00:00,S05,5,S04,S06,60.0,55.38,1,ACTIVE
MS008214,2026-08-26 15:24:25+00:00,S06,6,S05,S07,60.0,58.9,1,ACTIVE
MS008215,2026-08-26 15:24:30+00:00,S07,7,S06,S08,60.0,58.04,1,ACTIVE
MS008216,2026-08-26 15:24:35+00:00,S08,8,S07,S09,60.0,58.14,1,ACTIVE
MS008217,2026-08-26 15:24:40+00:00,S09,9,S08,S10,60.0,55.51,1,ACTIVE
MS008218,2026-08-26 15:24:45+00:00,S10,10,S09,S11,60.0,56.8,1,ACTIVE
MS008219,2026-08-26 15:24:50+00:00,S11,11,S10,S12,60.0,56.48,1,ACTIVE
MS008220,2026-08-26 15:24:55+00:00,S12,12,S11,,60.0,58.71,1,ACTIVE
MS008221,2026-08-26 15:25:00+00:00,S01,1,,S02,60.0,58.1,1,ACTIVE
MS008222,2026-08-26 15:25:05+00:00,S02,2,S01,S03,60.0,56.76,1,ACTIVE
MS008223,2026-08-26 15:25:10+00:00,S03,3,S02,S04,60.0,58.43,1,ACTIVE
MS008224,2026-08-26 15:25:15+00:00,S04,4,S03,S05,60.0,57.79,1,ACTIVE
MS008225,2026-08-26 15:25:20+00:00,S05,5,S04,S06,60.0,55.38,1,ACTIVE
MS008226,2026-08-26 15:25:25+00:00,S06,6,S05,S07,60.0,58.9,1,ACTIVE
MS008227,2026-08-26 15:25:30+00:00,S07,7,S06,S08,60.0,58.04,1,ACTIVE
MS008228,2026-08-26 15:25:35+00:00,S08,8,S07,S09,60.0,58.14,1,ACTIVE
MS008229,2026-08-26 15:25:40+00:00,S09,9,S08,S10,60.0,55.51,1,ACTIVE
MS008230,2026-08-26 15:25:45+00:00,S10,10,S09,S11,60.0,56.8,1,ACTIVE
MS008231,2026-08-26 15:25:50+00:00,S11,11,S10,S12,60.0,56.48,1,ACTIVE
MS008232,2026-08-26 15:25:55+00:00,S12,12,S11,,60.0,58.71,1,ACTIVE
MS008233,2026-08-26 15:26:00+00:00,S01,1,,S02,60.0,58.1,1,ACTIVE
MS008234,2026-08-26 15:26:05+00:00,S02,2,S01,S03,60.0,56.76,1,ACTIVE
MS008235,2026-08-26 15:26:10+00:00,S03,3,S02,S04,60.0,58.43,1,ACTIVE
MS008236,2026-08-26 15:26:15+00:00,S04,4,S03,S05,60.0,57.79,1,ACTIVE
MS008237,2026-08-26 15:26:20+00:00,S05,5,S04,S06,60.0,55.38,1,ACTIVE
MS008238,2026-08-26 15:26:25+00:00,S06,6,S05,S07,60.0,58.9,1,ACTIVE
MS008239,2026-08-26 15:26:30+00:00,S07,7,S06,S08,60.0,58.04,1,ACTIVE
MS008240,2026-08-26 15:26:35+00:00,S08,8,S07,S09,60.0,58.14,1,ACTIVE
MS008241,2026-08-26 15:26:40+00:00,S09,9,S08,S10,60.0,55.51,1,ACTIVE
MS008242,2026-08-26 15:26:45+00:00,S10,10,S09,S11,60.0,56.8,1,ACTIVE
MS008243,2026-08-26 15:26:50+00:00,S11,11,S10,S12,60.0,56.48,1,ACTIVE
MS008244,2026-08-26 15:26:55+00:00,S12,12,S11,,60.0,58.71,1,ACTIVE
MS008245,2026-08-26 15:27:00+00:00,S01,1,,S02,60.0,58.1,1,ACTIVE
MS008246,2026-08-26 15:27:05+00:00,S02,2,S01,S03,60.0,56.76,1,ACTIVE
MS008247,2026-08-26 15:27:10+00:00,S03,3,S02,S04,60.0,58.43,1,ACTIVE
MS008248,2026-08-26 15:27:15+00:00,S04,4,S03,S05,60.0,57.79,1,ACTIVE
MS008249,2026-08-26 15:27:20+00:00,S05,5,S04,S06,60.0,55.38,1,ACTIVE
MS008250,2026-08-26 15:27:25+00:00,S06,6,S05,S07,60.0,58.9,1,ACTIVE
MS008251,2026-08-26 15:27:30+00:00,S07,7,S06,S08,60.0,58.04,1,ACTIVE
MS008252,2026-08-26 15:27:35+00:00,S08,8,S07,S09,60.0,58.14,1,ACTIVE
MS008253,2026-08-26 15:27:40+00:00,S09,9,S08,S10,60.0,55.51,1,ACTIVE
MS008254,2026-08-26 15:27:45+00:00,S10,10,S09,S11,60.0,56.8,1,ACTIVE
MS008255,2026-08-26 15:27:50+00:00,S11,11,S10,S12,60.0,56.48,1,ACTIVE
MS008256,2026-08-26 15:27:55+00:00,S12,12,S11,,60.0,58.71,1,ACTIVE
MS008257,2026-08-26 15:28:00+00:00,S01,1,,S02,60.0,58.1,1,ACTIVE
MS008258,2026-08-26 15:28:05+00:00,S02,2,S01,S03,60.0,56.76,1,ACTIVE
MS008259,2026-08-26 15:28:10+00:00,S03,3,S02,S04,60.0,58.43,1,ACTIVE
MS008260,2026-08-26 15:28:15+00:00,S04,4,S03,S05,60.0,57.79,1,ACTIVE
MS008261,2026-08-26 15:28:20+00:00,S05,5,S04,S06,60.0,55.38,1,ACTIVE
MS008262,2026-08-26 15:28:25+00:00,S06,6,S05,S07,60.0,58.9,1,ACTIVE
MS008263,2026-08-26 15:28:30+00:00,S07,7,S06,S08,60.0,58.04,1,ACTIVE
MS008264,2026-08-26 15:28:35+00:00,S08,8,S07,S09,60.0,58.14,1,ACTIVE
MS008265,2026-08-26 15:28:40+00:00,S09,9,S08,S10,60.0,55.51,1,ACTIVE
MS008266,2026-08-26 15:28:45+00:00,S10,10,S09,S11,60.0,56.8,1,ACTIVE
MS008267,2026-08-26 15:28:50+00:00,S11,11,S10,S12,60.0,56.48,1,ACTIVE
MS008268,2026-08-26 15:28:55+00:00,S12,12,S11,,60.0,58.71,1,ACTIVE
MS008269,2026-08-26 15:29:00+00:00,S01,1,,S02,60.0,58.1,1,ACTIVE
MS008270,2026-08-26 15:29:05+00:00,S02,2,S01,S03,60.0,56.76,1,ACTIVE
MS008271,2026-08-26 15:29:10+00:00,S03,3,S02,S04,60.0,58.43,1,ACTIVE
MS008272,2026-08-26 15:29:15+00:00,S04,4,S03,S05,60.0,57.79,1,ACTIVE
MS008273,2026-08-26 15:29:20+00:00,S05,5,S04,S06,60.0,55.38,1,ACTIVE
MS008274,2026-08-26 15:29:25+00:00,S06,6,S05,S07,60.0,58.9,1,ACTIVE
MS008275,2026-08-26 15:29:30+00:00,S07,7,S06,S08,60.0,58.04,1,ACTIVE
MS008276,2026-08-26 15:29:35+00:00,S08,8,S07,S09,60.0,58.14,1,ACTIVE
MS008277,2026-08-26 15:29:40+00:00,S09,9,S08,S10,60.0,55.51,1,ACTIVE
MS008278,2026-08-26 15:29:45+00:00,S10,10,S09,S11,60.0,56.8,1,ACTIVE
MS008279,2026-08-26 15:29:50+00:00,S11,11,S10,S12,60.0,56.48,1,ACTIVE
MS008280,2026-08-26 15:29:55+00:00,S12,12,S11,,60.0,58.71,1,ACTIVE
MS008281,2026-08-26 15:30:00+00:00,S01,1,,S02,60.0,58.1,1,ACTIVE
MS008282,2026-08-26 15:30:05+00:00,S02,2,S01,S03,60.0,56.76,1,ACTIVE
MS008283,2026-08-26 15:30:10+00:00,S03,3,S02,S04,60.0,58.43,1,ACTIVE
MS008284,2026-08-26 15:30:15+00:00,S04,4,S03,S05,60.0,57.79,1,ACTIVE
MS008285,2026-08-26 15:30:20+00:00,S05,5,S04,S06,60.0,55.38,1,ACTIVE
MS008286,2026-08-26 15:30:25+00:00,S06,6,S05,S07,60.0,58.9,1,ACTIVE
MS008287,2026-08-26 15:30:30+00:00,S07,7,S06,S08,60.0,58.04,1,ACTIVE
MS008288,2026-08-26 15:30:35+00:00,S08,8,S07,S09,60.0,58.14,1,ACTIVE
MS008289,2026-08-26 15:30:40+00:00,S09,9,S08,S10,60.0,55.51,1,ACTIVE
MS008290,2026-08-26 15:30:45+00:00,S10,10,S09,S11,60.0,56.8,1,ACTIVE
MS008291,2026-08-26 15:30:50+00:00,S11,11,S10,S12,60.0,56.48,1,ACTIVE
MS008292,2026-08-26 15:30:55+00:00,S12,12,S11,,60.0,58.71,1,ACTIVE
MS008293,2026-08-26 15:31:00+00:00,S01,1,,S02,60.0,58.1,1,ACTIVE
MS008294,2026-08-26 15:31:05+00:00,S02,2,S01,S03,60.0,56.76,1,ACTIVE
MS008295,2026-08-26 15:31:10+00:00,S03,3,S02,S04,60.0,58.43,1,ACTIVE
MS008296,2026-08-26 15:31:15+00:00,S04,4,S03,S05,60.0,57.79,1,ACTIVE
MS008297,2026-08-26 15:31:20+00:00,S05,5,S04,S06,60.0,55.38,1,ACTIVE
MS008298,2026-08-26 15:31:25+00:00,S06,6,S05,S07,60.0,58.9,1,ACTIVE
MS008299,2026-08-26 15:31:30+00:00,S07,7,S06,S08,60.0,58.04,1,ACTIVE
MS008300,2026-08-26 15:31:35+00:00,S08,8,S07,S09,60.0,58.14,1,ACTIVE
MS008301,2026-08-26 15:31:40+00:00,S09,9,S08,S10,60.0,55.51,1,ACTIVE
MS008302,2026-08-26 15:31:45+00:00,S10,10,S09,S11,60.0,56.8,1,ACTIVE
MS008303,2026-08-26 15:31:50+00:00,S11,11,S10,S12,60.0,56.48,1,ACTIVE
MS008304,2026-08-26 15:31:55+00:00,S12,12,S11,,60.0,58.71,1,ACTIVE
MS008305,2026-08-26 15:32:00+00:00,S01,1,,S02,60.0,58.1,1,ACTIVE
MS008306,2026-08-26 15:32:05+00:00,S02,2,S01,S03,60.0,56.76,1,ACTIVE
MS008307,2026-08-26 15:32:10+00:00,S03,3,S02,S04,60.0,58.43,1,ACTIVE
MS008308,2026-08-26 15:32:15+00:00,S04,4,S03,S05,60.0,57.79,1,ACTIVE
MS008309,2026-08-26 15:32:20+00:00,S05,5,S04,S06,60.0,55.38,1,ACTIVE
MS008310,2026-08-26 15:32:25+00:00,S06,6,S05,S07,60.0,58.9,1,ACTIVE
MS008311,2026-08-26 15:32:30+00:00,S07,7,S06,S08,60.0,58.04,1,ACTIVE
MS008312,2026-08-26 15:32:35+00:00,S08,8,S07,S09,60.0,58.14,1,ACTIVE
MS008313,2026-08-26 15:32:40+00:00,S09,9,S08,S10,60.0,55.51,1,ACTIVE
MS008314,2026-08-26 15:32:45+00:00,S10,10,S09,S11,60.0,56.8,1,ACTIVE
MS008315,2026-08-26 15:32:50+00:00,S11,11,S10,S12,60.0,56.48,1,ACTIVE
MS008316,2026-08-26 15:32:55+00:00,S12,12,S11,,60.0,58.71,1,ACTIVE
MS008317,2026-08-26 15:33:00+00:00,S01,1,,S02,60.0,58.1,1,ACTIVE
MS008318,2026-08-26 15:33:05+00:00,S02,2,S01,S03,60.0,56.76,1,ACTIVE
MS008319,2026-08-26 15:33:10+00:00,S03,3,S02,S04,60.0,58.43,1,ACTIVE
MS008320,2026-08-26 15:33:15+00:00,S04,4,S03,S05,60.0,57.79,1,ACTIVE
MS008321,2026-08-26 15:33:20+00:00,S05,5,S04,S06,60.0,55.38,1,ACTIVE
MS008322,2026-08-26 15:33:25+00:00,S06,6,S05,S07,60.0,58.9,1,ACTIVE
MS008323,2026-08-26 15:33:30+00:00,S07,7,S06,S08,60.0,58.04,1,ACTIVE
MS008324,2026-08-26 15:33:35+00:00,S08,8,S07,S09,60.0,58.14,1,ACTIVE
MS008325,2026-08-26 15:33:40+00:00,S09,9,S08,S10,60.0,55.51,1,ACTIVE
MS008326,2026-08-26 15:33:45+00:00,S10,10,S09,S11,60.0,56.8,1,ACTIVE
MS008327,2026-08-26 15:33:50+00:00,S11,11,S10,S12,60.0,56.48,1,ACTIVE
MS008328,2026-08-26 15:33:55+00:00,S12,12,S11,,60.0,58.71,1,ACTIVE
MS008329,2026-08-26 15:34:00+00:00,S01,1,,S02,60.0,58.1,1,ACTIVE
MS008330,2026-08-26 15:34:05+00:00,S02,2,S01,S03,60.0,56.76,1,ACTIVE
MS008331,2026-08-26 15:34:10+00:00,S03,3,S02,S04,60.0,58.43,1,ACTIVE
MS008332,2026-08-26 15:34:15+00:00,S04,4,S03,S05,60.0,57.79,1,ACTIVE
MS008333,2026-08-26 15:34:20+00:00,S05,5,S04,S06,60.0,55.38,1,ACTIVE
MS008334,2026-08-26 15:34:25+00:00,S06,6,S05,S07,60.0,58.9,1,ACTIVE
MS008335,2026-08-26 15:34:30+00:00,S07,7,S06,S08,60.0,58.04,1,ACTIVE
MS008336,2026-08-26 15:34:35+00:00,S08,8,S07,S09,60.0,58.14,1,ACTIVE
MS008337,2026-08-26 15:34:40+00:00,S09,9,S08,S10,60.0,55.51,1,ACTIVE
MS008338,2026-08-26 15:34:45+00:00,S10,10,S09,S11,60.0,56.8,1,ACTIVE
MS008339,2026-08-26 15:34:50+00:00,S11,11,S10,S12,60.0,56.48,1,ACTIVE
MS008340,2026-08-26 15:34:55+00:00,S12,12,S11,,60.0,58.71,1,ACTIVE
MS008341,2026-08-26 15:35:00+00:00,S01,1,,S02,60.0,58.1,1,ACTIVE
MS008342,2026-08-26 15:35:05+00:00,S02,2,S01,S03,60.0,56.76,1,ACTIVE
MS008343,2026-08-26 15:35:10+00:00,S03,3,S02,S04,60.0,58.43,1,ACTIVE
MS008344,2026-08-26 15:35:15+00:00,S04,4,S03,S05,60.0,57.79,1,ACTIVE
MS008345,2026-08-26 15:35:20+00:00,S05,5,S04,S06,60.0,55.38,1,ACTIVE
MS008346,2026-08-26 15:35:25+00:00,S06,6,S05,S07,60.0,58.9,1,ACTIVE
MS008347,2026-08-26 15:35:30+00:00,S07,7,S06,S08,60.0,58.04,1,ACTIVE
MS008348,2026-08-26 15:35:35+00:00,S08,8,S07,S09,60.0,58.14,1,ACTIVE
MS008349,2026-08-26 15:35:40+00:00,S09,9,S08,S10,60.0,55.51,1,ACTIVE
MS008350,2026-08-26 15:35:45+00:00,S10,10,S09,S11,60.0,56.8,1,ACTIVE
MS008351,2026-08-26 15:35:50+00:00,S11,11,S10,S12,60.0,56.48,1,ACTIVE
MS008352,2026-08-26 15:35:55+00:00,S12,12,S11,,60.0,58.71,1,ACTIVE
MS008353,2026-08-26 15:36:00+00:00,S01,1,,S02,60.0,58.1,1,ACTIVE
MS008354,2026-08-26 15:36:05+00:00,S02,2,S01,S03,60.0,56.76,1,ACTIVE
MS008355,2026-08-26 15:36:10+00:00,S03,3,S02,S04,60.0,58.43,1,ACTIVE
MS008356,2026-08-26 15:36:15+00:00,S04,4,S03,S05,60.0,57.79,1,ACTIVE
MS008357,2026-08-26 15:36:20+00:00,S05,5,S04,S06,60.0,55.38,1,ACTIVE
MS008358,2026-08-26 15:36:25+00:00,S06,6,S05,S07,60.0,58.9,1,ACTIVE
MS008359,2026-08-26 15:36:30+00:00,S07,7,S06,S08,60.0,58.04,1,ACTIVE
MS008360,2026-08-26 15:36:35+00:00,S08,8,S07,S09,60.0,58.14,1,ACTIVE
MS008361,2026-08-26 15:36:40+00:00,S09,9,S08,S10,60.0,55.51,1,ACTIVE
MS008362,2026-08-26 15:36:45+00:00,S10,10,S09,S11,60.0,56.8,1,ACTIVE
MS008363,2026-08-26 15:36:50+00:00,S11,11,S10,S12,60.0,56.48,1,ACTIVE
MS008364,2026-08-26 15:36:55+00:00,S12,12,S11,,60.0,58.71,1,ACTIVE
MS008365,2026-08-26 15:37:00+00:00,S01,1,,S02,60.0,58.1,1,ACTIVE
MS008366,2026-08-26 15:37:05+00:00,S02,2,S01,S03,60.0,56.76,1,ACTIVE
MS008367,2026-08-26 15:37:10+00:00,S03,3,S02,S04,60.0,58.43,1,ACTIVE
MS008368,2026-08-26 15:37:15+00:00,S04,4,S03,S05,60.0,57.79,1,ACTIVE
MS008369,2026-08-26 15:37:20+00:00,S05,5,S04,S06,60.0,55.38,1,ACTIVE
MS008370,2026-08-26 15:37:25+00:00,S06,6,S05,S07,60.0,58.9,1,ACTIVE
MS008371,2026-08-26 15:37:30+00:00,S07,7,S06,S08,60.0,58.04,1,ACTIVE
MS008372,2026-08-26 15:37:35+00:00,S08,8,S07,S09,60.0,58.14,1,ACTIVE
MS008373,2026-08-26 15:37:40+00:00,S09,9,S08,S10,60.0,55.51,1,ACTIVE
MS008374,2026-08-26 15:37:45+00:00,S10,10,S09,S11,60.0,56.8,1,ACTIVE
MS008375,2026-08-26 15:37:50+00:00,S11,11,S10,S12,60.0,56.48,1,ACTIVE
MS008376,2026-08-26 15:37:55+00:00,S12,12,S11,,60.0,58.71,1,ACTIVE
MS008377,2026-08-26 15:38:00+00:00,S01,1,,S02,60.0,58.1,1,ACTIVE
MS008378,2026-08-26 15:38:05+00:00,S02,2,S01,S03,60.0,56.76,1,ACTIVE
MS008379,2026-08-26 15:38:10+00:00,S03,3,S02,S04,60.0,58.43,1,ACTIVE
MS008380,2026-08-26 15:38:15+00:00,S04,4,S03,S05,60.0,57.79,1,ACTIVE
MS008381,2026-08-26 15:38:20+00:00,S05,5,S04,S06,60.0,55.38,1,ACTIVE
MS008382,2026-08-26 15:38:25+00:00,S06,6,S05,S07,60.0,58.9,1,ACTIVE
MS008383,2026-08-26 15:38:30+00:00,S07,7,S06,S08,60.0,58.04,1,ACTIVE
MS008384,2026-08-26 15:38:35+00:00,S08,8,S07,S09,60.0,58.14,1,ACTIVE
MS008385,2026-08-26 15:38:40+00:00,S09,9,S08,S10,60.0,55.51,1,ACTIVE
MS008386,2026-08-26 15:38:45+00:00,S10,10,S09,S11,60.0,56.8,1,ACTIVE
MS008387,2026-08-26 15:38:50+00:00,S11,11,S10,S12,60.0,56.48,1,ACTIVE
MS008388,2026-08-26 15:38:55+00:00,S12,12,S11,,60.0,58.71,1,ACTIVE
MS008389,2026-08-26 15:39:00+00:00,S01,1,,S02,60.0,58.1,1,ACTIVE
MS008390,2026-08-26 15:39:05+00:00,S02,2,S01,S03,60.0,56.76,1,ACTIVE
MS008391,2026-08-26 15:39:10+00:00,S03,3,S02,S04,60.0,58.43,1,ACTIVE
MS008392,2026-08-26 15:39:15+00:00,S04,4,S03,S05,60.0,57.79,1,ACTIVE
MS008393,2026-08-26 15:39:20+00:00,S05,5,S04,S06,60.0,55.38,1,ACTIVE
MS008394,2026-08-26 15:39:25+00:00,S06,6,S05,S07,60.0,58.9,1,ACTIVE
MS008395,2026-08-26 15:39:30+00:00,S07,7,S06,S08,60.0,58.04,1,ACTIVE
MS008396,2026-08-26 15:39:35+00:00,S08,8,S07,S09,60.0,58.14,1,ACTIVE
MS008397,2026-08-26 15:39:40+00:00,S09,9,S08,S10,60.0,55.51,1,ACTIVE
MS008398,2026-08-26 15:39:45+00:00,S10,10,S09,S11,60.0,56.8,1,ACTIVE
MS008399,2026-08-26 15:39:50+00:00,S11,11,S10,S12,60.0,56.48,1,ACTIVE
MS008400,2026-08-26 15:39:55+00:00,S12,12,S11,,60.0,58.71,1,ACTIVE
MS008401,2026-08-26 15:40:00+00:00,S01,1,,S02,60.0,58.1,1,ACTIVE
MS008402,2026-08-26 15:40:05+00:00,S02,2,S01,S03,60.0,56.76,1,ACTIVE
MS008403,2026-08-26 15:40:10+00:00,S03,3,S02,S04,60.0,58.43,1,ACTIVE
MS008404,2026-08-26 15:40:15+00:00,S04,4,S03,S05,60.0,57.79,1,ACTIVE
MS008405,2026-08-26 15:40:20+00:00,S05,5,S04,S06,60.0,55.38,1,ACTIVE
MS008406,2026-08-26 15:40:25+00:00,S06,6,S05,S07,60.0,58.9,1,ACTIVE
MS008407,2026-08-26 15:40:30+00:00,S07,7,S06,S08,60.0,58.04,1,ACTIVE
MS008408,2026-08-26 15:40:35+00:00,S08,8,S07,S09,60.0,58.14,1,ACTIVE
MS008409,2026-08-26 15:40:40+00:00,S09,9,S08,S10,60.0,55.51,1,ACTIVE
MS008410,2026-08-26 15:40:45+00:00,S10,10,S09,S11,60.0,56.8,1,ACTIVE
MS008411,2026-08-26 15:40:50+00:00,S11,11,S10,S12,60.0,56.48,1,ACTIVE
MS008412,2026-08-26 15:40:55+00:00,S12,12,S11,,60.0,58.71,1,ACTIVE
MS008413,2026-08-26 15:41:00+00:00,S01,1,,S02,60.0,58.1,1,ACTIVE
MS008414,2026-08-26 15:41:05+00:00,S02,2,S01,S03,60.0,56.76,1,ACTIVE
MS008415,2026-08-26 15:41:10+00:00,S03,3,S02,S04,60.0,58.43,1,ACTIVE
MS008416,2026-08-26 15:41:15+00:00,S04,4,S03,S05,60.0,57.79,1,ACTIVE
MS008417,2026-08-26 15:41:20+00:00,S05,5,S04,S06,60.0,55.38,1,ACTIVE
MS008418,2026-08-26 15:41:25+00:00,S06,6,S05,S07,60.0,58.9,1,ACTIVE
MS008419,2026-08-26 15:41:30+00:00,S07,7,S06,S08,60.0,58.04,1,ACTIVE
MS008420,2026-08-26 15:41:35+00:00,S08,8,S07,S09,60.0,58.14,1,ACTIVE
MS008421,2026-08-26 15:41:40+00:00,S09,9,S08,S10,60.0,55.51,1,ACTIVE
MS008422,2026-08-26 15:41:45+00:00,S10,10,S09,S11,60.0,56.8,1,ACTIVE
MS008423,2026-08-26 15:41:50+00:00,S11,11,S10,S12,60.0,56.48,1,ACTIVE
MS008424,2026-08-26 15:41:55+00:00,S12,12,S11,,60.0,58.71,1,ACTIVE
MS008425,2026-08-26 15:42:00+00:00,S01,1,,S02,60.0,58.1,1,ACTIVE
MS008426,2026-08-26 15:42:05+00:00,S02,2,S01,S03,60.0,56.76,1,ACTIVE
MS008427,2026-08-26 15:42:10+00:00,S03,3,S02,S04,60.0,58.43,1,ACTIVE
MS008428,2026-08-26 15:42:15+00:00,S04,4,S03,S05,60.0,57.79,1,ACTIVE
MS008429,2026-08-26 15:42:20+00:00,S05,5,S04,S06,60.0,55.38,1,ACTIVE
MS008430,2026-08-26 15:42:25+00:00,S06,6,S05,S07,60.0,58.9,1,ACTIVE
MS008431,2026-08-26 15:42:30+00:00,S07,7,S06,S08,60.0,58.04,1,ACTIVE
MS008432,2026-08-26 15:42:35+00:00,S08,8,S07,S09,60.0,58.14,1,ACTIVE
MS008433,2026-08-26 15:42:40+00:00,S09,9,S08,S10,60.0,55.51,1,ACTIVE
MS008434,2026-08-26 15:42:45+00:00,S10,10,S09,S11,60.0,56.8,1,ACTIVE
MS008435,2026-08-26 15:42:50+00:00,S11,11,S10,S12,60.0,56.48,1,ACTIVE
MS008436,2026-08-26 15:42:55+00:00,S12,12,S11,,60.0,58.71,1,ACTIVE
MS008437,2026-08-26 15:43:00+00:00,S01,1,,S02,60.0,58.1,1,ACTIVE
MS008438,2026-08-26 15:43:05+00:00,S02,2,S01,S03,60.0,56.76,1,ACTIVE
MS008439,2026-08-26 15:43:10+00:00,S03,3,S02,S04,60.0,58.43,1,ACTIVE
MS008440,2026-08-26 15:43:15+00:00,S04,4,S03,S05,60.0,57.79,1,ACTIVE
MS008441,2026-08-26 15:43:20+00:00,S05,5,S04,S06,60.0,55.38,1,ACTIVE
MS008442,2026-08-26 15:43:25+00:00,S06,6,S05,S07,60.0,58.9,1,ACTIVE
MS008443,2026-08-26 15:43:30+00:00,S07,7,S06,S08,60.0,58.04,1,ACTIVE
MS008444,2026-08-26 15:43:35+00:00,S08,8,S07,S09,60.0,58.14,1,ACTIVE
MS008445,2026-08-26 15:43:40+00:00,S09,9,S08,S10,60.0,55.51,1,ACTIVE
MS008446,2026-08-26 15:43:45+00:00,S10,10,S09,S11,60.0,56.8,1,ACTIVE
MS008447,2026-08-26 15:43:50+00:00,S11,11,S10,S12,60.0,56.48,1,ACTIVE
MS008448,2026-08-26 15:43:55+00:00,S12,12,S11,,60.0,58.71,1,ACTIVE
MS008449,2026-08-26 15:44:00+00:00,S01,1,,S02,60.0,58.1,1,ACTIVE
MS008450,2026-08-26 15:44:05+00:00,S02,2,S01,S03,60.0,56.76,1,ACTIVE
MS008451,2026-08-26 15:44:10+00:00,S03,3,S02,S04,60.0,58.43,1,ACTIVE
MS008452,2026-08-26 15:44:15+00:00,S04,4,S03,S05,60.0,57.79,1,ACTIVE
MS008453,2026-08-26 15:44:20+00:00,S05,5,S04,S06,60.0,55.38,1,ACTIVE
MS008454,2026-08-26 15:44:25+00:00,S06,6,S05,S07,60.0,58.9,1,ACTIVE
MS008455,2026-08-26 15:44:30+00:00,S07,7,S06,S08,60.0,58.04,1,ACTIVE
MS008456,2026-08-26 15:44:35+00:00,S08,8,S07,S09,60.0,58.14,1,ACTIVE
MS008457,2026-08-26 15:44:40+00:00,S09,9,S08,S10,60.0,55.51,1,ACTIVE
MS008458,2026-08-26 15:44:45+00:00,S10,10,S09,S11,60.0,56.8,1,ACTIVE
MS008459,2026-08-26 15:44:50+00:00,S11,11,S10,S12,60.0,56.48,1,ACTIVE
MS008460,2026-08-26 15:44:55+00:00,S12,12,S11,,60.0,58.71,1,ACTIVE
MS008461,2026-08-26 15:45:00+00:00,S01,1,,S02,60.0,58.1,1,ACTIVE
MS008462,2026-08-26 15:45:05+00:00,S02,2,S01,S03,60.0,56.76,1,ACTIVE
MS008463,2026-08-26 15:45:10+00:00,S03,3,S02,S04,60.0,58.43,1,ACTIVE
MS008464,2026-08-26 15:45:15+00:00,S04,4,S03,S05,60.0,57.79,1,ACTIVE
MS008465,2026-08-26 15:45:20+00:00,S05,5,S04,S06,60.0,55.38,1,ACTIVE
MS008466,2026-08-26 15:45:25+00:00,S06,6,S05,S07,60.0,58.9,1,ACTIVE
MS008467,2026-08-26 15:45:30+00:00,S07,7,S06,S08,60.0,58.04,1,ACTIVE
MS008468,2026-08-26 15:45:35+00:00,S08,8,S07,S09,60.0,58.14,1,ACTIVE
MS008469,2026-08-26 15:45:40+00:00,S09,9,S08,S10,60.0,55.51,1,ACTIVE
MS008470,2026-08-26 15:45:45+00:00,S10,10,S09,S11,60.0,56.8,1,ACTIVE
MS008471,2026-08-26 15:45:50+00:00,S11,11,S10,S12,60.0,56.48,1,ACTIVE
MS008472,2026-08-26 15:45:55+00:00,S12,12,S11,,60.0,58.71,1,ACTIVE
MS008473,2026-08-26 15:46:00+00:00,S01,1,,S02,60.0,58.1,1,ACTIVE
MS008474,2026-08-26 15:46:05+00:00,S02,2,S01,S03,60.0,56.76,1,ACTIVE
MS008475,2026-08-26 15:46:10+00:00,S03,3,S02,S04,60.0,58.43,1,ACTIVE
MS008476,2026-08-26 15:46:15+00:00,S04,4,S03,S05,60.0,57.79,1,ACTIVE
MS008477,2026-08-26 15:46:20+00:00,S05,5,S04,S06,60.0,55.38,1,ACTIVE
MS008478,2026-08-26 15:46:25+00:00,S06,6,S05,S07,60.0,58.9,1,ACTIVE
MS008479,2026-08-26 15:46:30+00:00,S07,7,S06,S08,60.0,58.04,1,ACTIVE
MS008480,2026-08-26 15:46:35+00:00,S08,8,S07,S09,60.0,58.14,1,ACTIVE
MS008481,2026-08-26 15:46:40+00:00,S09,9,S08,S10,60.0,55.51,1,ACTIVE
MS008482,2026-08-26 15:46:45+00:00,S10,10,S09,S11,60.0,56.8,1,ACTIVE
MS008483,2026-08-26 15:46:50+00:00,S11,11,S10,S12,60.0,56.48,1,ACTIVE
MS008484,2026-08-26 15:46:55+00:00,S12,12,S11,,60.0,58.71,1,ACTIVE
MS008485,2026-08-26 15:47:00+00:00,S01,1,,S02,60.0,58.1,1,ACTIVE
MS008486,2026-08-26 15:47:05+00:00,S02,2,S01,S03,60.0,56.76,1,ACTIVE
MS008487,2026-08-26 15:47:10+00:00,S03,3,S02,S04,60.0,58.43,1,ACTIVE
MS008488,2026-08-26 15:47:15+00:00,S04,4,S03,S05,60.0,57.79,1,ACTIVE
MS008489,2026-08-26 15:47:20+00:00,S05,5,S04,S06,60.0,55.38,1,ACTIVE
MS008490,2026-08-26 15:47:25+00:00,S06,6,S05,S07,60.0,58.9,1,ACTIVE
MS008491,2026-08-26 15:47:30+00:00,S07,7,S06,S08,60.0,58.04,1,ACTIVE
MS008492,2026-08-26 15:47:35+00:00,S08,8,S07,S09,60.0,58.14,1,ACTIVE
MS008493,2026-08-26 15:47:40+00:00,S09,9,S08,S10,60.0,55.51,1,ACTIVE
MS008494,2026-08-26 15:47:45+00:00,S10,10,S09,S11,60.0,56.8,1,ACTIVE
MS008495,2026-08-26 15:47:50+00:00,S11,11,S10,S12,60.0,56.48,1,ACTIVE
MS008496,2026-08-26 15:47:55+00:00,S12,12,S11,,60.0,58.71,1,ACTIVE
MS008497,2026-08-26 15:48:00+00:00,S01,1,,S02,60.0,58.1,1,ACTIVE
MS008498,2026-08-26 15:48:05+00:00,S02,2,S01,S03,60.0,56.76,1,ACTIVE
MS008499,2026-08-26 15:48:10+00:00,S03,3,S02,S04,60.0,58.43,1,ACTIVE
MS008500,2026-08-26 15:48:15+00:00,S04,4,S03,S05,60.0,57.79,1,ACTIVE
MS008501,2026-08-26 15:48:20+00:00,S05,5,S04,S06,60.0,55.38,1,ACTIVE
MS008502,2026-08-26 15:48:25+00:00,S06,6,S05,S07,60.0,58.9,1,ACTIVE
MS008503,2026-08-26 15:48:30+00:00,S07,7,S06,S08,60.0,58.04,1,ACTIVE
MS008504,2026-08-26 15:48:35+00:00,S08,8,S07,S09,60.0,58.14,1,ACTIVE
MS008505,2026-08-26 15:48:40+00:00,S09,9,S08,S10,60.0,55.51,1,ACTIVE
MS008506,2026-08-26 15:48:45+00:00,S10,10,S09,S11,60.0,56.8,1,ACTIVE
MS008507,2026-08-26 15:48:50+00:00,S11,11,S10,S12,60.0,56.48,1,ACTIVE
MS008508,2026-08-26 15:48:55+00:00,S12,12,S11,,60.0,58.71,1,ACTIVE
MS008509,2026-08-26 15:49:00+00:00,S01,1,,S02,60.0,58.1,1,ACTIVE
MS008510,2026-08-26 15:49:05+00:00,S02,2,S01,S03,60.0,56.76,1,ACTIVE
MS008511,2026-08-26 15:49:10+00:00,S03,3,S02,S04,60.0,58.43,1,ACTIVE
MS008512,2026-08-26 15:49:15+00:00,S04,4,S03,S05,60.0,57.79,1,ACTIVE
MS008513,2026-08-26 15:49:20+00:00,S05,5,S04,S06,60.0,55.38,1,ACTIVE
MS008514,2026-08-26 15:49:25+00:00,S06,6,S05,S07,60.0,58.9,1,ACTIVE
MS008515,2026-08-26 15:49:30+00:00,S07,7,S06,S08,60.0,58.04,1,ACTIVE
MS008516,2026-08-26 15:49:35+00:00,S08,8,S07,S09,60.0,58.14,1,ACTIVE
MS008517,2026-08-26 15:49:40+00:00,S09,9,S08,S10,60.0,55.51,1,ACTIVE
MS008518,2026-08-26 15:49:45+00:00,S10,10,S09,S11,60.0,56.8,1,ACTIVE
MS008519,2026-08-26 15:49:50+00:00,S11,11,S10,S12,60.0,56.48,1,ACTIVE
MS008520,2026-08-26 15:49:55+00:00,S12,12,S11,,60.0,58.71,1,ACTIVE
MS008521,2026-08-26 15:50:00+00:00,S01,1,,S02,60.0,58.1,1,ACTIVE
MS008522,2026-08-26 15:50:05+00:00,S02,2,S01,S03,60.0,56.76,1,ACTIVE
MS008523,2026-08-26 15:50:10+00:00,S03,3,S02,S04,60.0,58.43,1,ACTIVE
MS008524,2026-08-26 15:50:15+00:00,S04,4,S03,S05,60.0,57.79,1,ACTIVE
MS008525,2026-08-26 15:50:20+00:00,S05,5,S04,S06,60.0,55.38,1,ACTIVE
MS008526,2026-08-26 15:50:25+00:00,S06,6,S05,S07,60.0,58.9,1,ACTIVE
MS008527,2026-08-26 15:50:30+00:00,S07,7,S06,S08,60.0,58.04,1,ACTIVE
MS008528,2026-08-26 15:50:35+00:00,S08,8,S07,S09,60.0,58.14,1,ACTIVE
MS008529,2026-08-26 15:50:40+00:00,S09,9,S08,S10,60.0,55.51,1,ACTIVE
MS008530,2026-08-26 15:50:45+00:00,S10,10,S09,S11,60.0,56.8,1,ACTIVE
MS008531,2026-08-26 15:50:50+00:00,S11,11,S10,S12,60.0,56.48,1,ACTIVE
MS008532,2026-08-26 15:50:55+00:00,S12,12,S11,,60.0,58.71,1,ACTIVE
MS008533,2026-08-26 15:51:00+00:00,S01,1,,S02,60.0,58.1,1,ACTIVE
MS008534,2026-08-26 15:51:05+00:00,S02,2,S01,S03,60.0,56.76,1,ACTIVE
MS008535,2026-08-26 15:51:10+00:00,S03,3,S02,S04,60.0,58.43,1,ACTIVE
MS008536,2026-08-26 15:51:15+00:00,S04,4,S03,S05,60.0,57.79,1,ACTIVE
MS008537,2026-08-26 15:51:20+00:00,S05,5,S04,S06,60.0,55.38,1,ACTIVE
MS008538,2026-08-26 15:51:25+00:00,S06,6,S05,S07,60.0,58.9,1,ACTIVE
MS008539,2026-08-26 15:51:30+00:00,S07,7,S06,S08,60.0,58.04,1,ACTIVE
MS008540,2026-08-26 15:51:35+00:00,S08,8,S07,S09,60.0,58.14,1,ACTIVE
MS008541,2026-08-26 15:51:40+00:00,S09,9,S08,S10,60.0,55.51,1,ACTIVE
MS008542,2026-08-26 15:51:45+00:00,S10,10,S09,S11,60.0,56.8,1,ACTIVE
MS008543,2026-08-26 15:51:50+00:00,S11,11,S10,S12,60.0,56.48,1,ACTIVE
MS008544,2026-08-26 15:51:55+00:00,S12,12,S11,,60.0,58.71,1,ACTIVE
MS008545,2026-08-26 15:52:00+00:00,S01,1,,S02,60.0,58.1,1,ACTIVE
MS008546,2026-08-26 15:52:05+00:00,S02,2,S01,S03,60.0,56.76,1,ACTIVE
MS008547,2026-08-26 15:52:10+00:00,S03,3,S02,S04,60.0,58.43,1,ACTIVE
MS008548,2026-08-26 15:52:15+00:00,S04,4,S03,S05,60.0,57.79,1,ACTIVE
MS008549,2026-08-26 15:52:20+00:00,S05,5,S04,S06,60.0,55.38,1,ACTIVE
MS008550,2026-08-26 15:52:25+00:00,S06,6,S05,S07,60.0,58.9,1,ACTIVE
MS008551,2026-08-26 15:52:30+00:00,S07,7,S06,S08,60.0,58.04,1,ACTIVE
MS008552,2026-08-26 15:52:35+00:00,S08,8,S07,S09,60.0,58.14,1,ACTIVE
MS008553,2026-08-26 15:52:40+00:00,S09,9,S08,S10,60.0,55.51,1,ACTIVE
MS008554,2026-08-26 15:52:45+00:00,S10,10,S09,S11,60.0,56.8,1,ACTIVE
MS008555,2026-08-26 15:52:50+00:00,S11,11,S10,S12,60.0,56.48,1,ACTIVE
MS008556,2026-08-26 15:52:55+00:00,S12,12,S11,,60.0,58.71,1,ACTIVE
MS008557,2026-08-26 15:53:00+00:00,S01,1,,S02,60.0,58.1,1,ACTIVE
MS008558,2026-08-26 15:53:05+00:00,S02,2,S01,S03,60.0,56.76,1,ACTIVE
MS008559,2026-08-26 15:53:10+00:00,S03,3,S02,S04,60.0,58.43,1,ACTIVE
MS008560,2026-08-26 15:53:15+00:00,S04,4,S03,S05,60.0,57.79,1,ACTIVE
MS008561,2026-08-26 15:53:20+00:00,S05,5,S04,S06,60.0,55.38,1,ACTIVE
MS008562,2026-08-26 15:53:25+00:00,S06,6,S05,S07,60.0,58.9,1,ACTIVE
MS008563,2026-08-26 15:53:30+00:00,S07,7,S06,S08,60.0,58.04,1,ACTIVE
MS008564,2026-08-26 15:53:35+00:00,S08,8,S07,S09,60.0,58.14,1,ACTIVE
MS008565,2026-08-26 15:53:40+00:00,S09,9,S08,S10,60.0,55.51,1,ACTIVE
MS008566,2026-08-26 15:53:45+00:00,S10,10,S09,S11,60.0,56.8,1,ACTIVE
MS008567,2026-08-26 15:53:50+00:00,S11,11,S10,S12,60.0,56.48,1,ACTIVE
MS008568,2026-08-26 15:53:55+00:00,S12,12,S11,,60.0,58.71,1,ACTIVE
MS008569,2026-08-26 15:54:00+00:00,S01,1,,S02,60.0,58.1,1,ACTIVE
MS008570,2026-08-26 15:54:05+00:00,S02,2,S01,S03,60.0,56.76,1,ACTIVE
MS008571,2026-08-26 15:54:10+00:00,S03,3,S02,S04,60.0,58.43,1,ACTIVE
MS008572,2026-08-26 15:54:15+00:00,S04,4,S03,S05,60.0,57.79,1,ACTIVE
MS008573,2026-08-26 15:54:20+00:00,S05,5,S04,S06,60.0,55.38,1,ACTIVE
MS008574,2026-08-26 15:54:25+00:00,S06,6,S05,S07,60.0,58.9,1,ACTIVE
MS008575,2026-08-26 15:54:30+00:00,S07,7,S06,S08,60.0,58.04,1,ACTIVE
MS008576,2026-08-26 15:54:35+00:00,S08,8,S07,S09,60.0,58.14,1,ACTIVE
MS008577,2026-08-26 15:54:40+00:00,S09,9,S08,S10,60.0,55.51,1,ACTIVE
MS008578,2026-08-26 15:54:45+00:00,S10,10,S09,S11,60.0,56.8,1,ACTIVE
MS008579,2026-08-26 15:54:50+00:00,S11,11,S10,S12,60.0,56.48,1,ACTIVE
MS008580,2026-08-26 15:54:55+00:00,S12,12,S11,,60.0,58.71,1,ACTIVE
MS008581,2026-08-26 15:55:00+00:00,S01,1,,S02,60.0,58.1,1,ACTIVE
MS008582,2026-08-26 15:55:05+00:00,S02,2,S01,S03,60.0,56.76,1,ACTIVE
MS008583,2026-08-26 15:55:10+00:00,S03,3,S02,S04,60.0,58.43,1,ACTIVE
MS008584,2026-08-26 15:55:15+00:00,S04,4,S03,S05,60.0,57.79,1,ACTIVE
MS008585,2026-08-26 15:55:20+00:00,S05,5,S04,S06,60.0,55.38,1,ACTIVE
MS008586,2026-08-26 15:55:25+00:00,S06,6,S05,S07,60.0,58.9,1,ACTIVE
MS008587,2026-08-26 15:55:30+00:00,S07,7,S06,S08,60.0,58.04,1,ACTIVE
MS008588,2026-08-26 15:55:35+00:00,S08,8,S07,S09,60.0,58.14,1,ACTIVE
MS008589,2026-08-26 15:55:40+00:00,S09,9,S08,S10,60.0,55.51,1,ACTIVE
MS008590,2026-08-26 15:55:45+00:00,S10,10,S09,S11,60.0,56.8,1,ACTIVE
MS008591,2026-08-26 15:55:50+00:00,S11,11,S10,S12,60.0,56.48,1,ACTIVE
MS008592,2026-08-26 15:55:55+00:00,S12,12,S11,,60.0,58.71,1,ACTIVE
MS008593,2026-08-26 15:56:00+00:00,S01,1,,S02,60.0,58.1,1,ACTIVE
MS008594,2026-08-26 15:56:05+00:00,S02,2,S01,S03,60.0,56.76,1,ACTIVE
MS008595,2026-08-26 15:56:10+00:00,S03,3,S02,S04,60.0,58.43,1,ACTIVE
MS008596,2026-08-26 15:56:15+00:00,S04,4,S03,S05,60.0,57.79,1,ACTIVE
MS008597,2026-08-26 15:56:20+00:00,S05,5,S04,S06,60.0,55.38,1,ACTIVE
MS008598,2026-08-26 15:56:25+00:00,S06,6,S05,S07,60.0,58.9,1,ACTIVE
MS008599,2026-08-26 15:56:30+00:00,S07,7,S06,S08,60.0,58.04,1,ACTIVE
MS008600,2026-08-26 15:56:35+00:00,S08,8,S07,S09,60.0,58.14,1,ACTIVE
MS008601,2026-08-26 15:56:40+00:00,S09,9,S08,S10,60.0,55.51,1,ACTIVE
MS008602,2026-08-26 15:56:45+00:00,S10,10,S09,S11,60.0,56.8,1,ACTIVE
MS008603,2026-08-26 15:56:50+00:00,S11,11,S10,S12,60.0,56.48,1,ACTIVE
MS008604,2026-08-26 15:56:55+00:00,S12,12,S11,,60.0,58.71,1,ACTIVE
MS008605,2026-08-26 15:57:00+00:00,S01,1,,S02,60.0,58.1,1,ACTIVE
MS008606,2026-08-26 15:57:05+00:00,S02,2,S01,S03,60.0,56.76,1,ACTIVE
MS008607,2026-08-26 15:57:10+00:00,S03,3,S02,S04,60.0,58.43,1,ACTIVE
MS008608,2026-08-26 15:57:15+00:00,S04,4,S03,S05,60.0,57.79,1,ACTIVE
MS008609,2026-08-26 15:57:20+00:00,S05,5,S04,S06,60.0,55.38,1,ACTIVE
MS008610,2026-08-26 15:57:25+00:00,S06,6,S05,S07,60.0,58.9,1,ACTIVE
MS008611,2026-08-26 15:57:30+00:00,S07,7,S06,S08,60.0,58.04,1,ACTIVE
MS008612,2026-08-26 15:57:35+00:00,S08,8,S07,S09,60.0,58.14,1,ACTIVE
MS008613,2026-08-26 15:57:40+00:00,S09,9,S08,S10,60.0,55.51,1,ACTIVE
MS008614,2026-08-26 15:57:45+00:00,S10,10,S09,S11,60.0,56.8,1,ACTIVE
MS008615,2026-08-26 15:57:50+00:00,S11,11,S10,S12,60.0,56.48,1,ACTIVE
MS008616,2026-08-26 15:57:55+00:00,S12,12,S11,,60.0,58.71,1,ACTIVE
MS008617,2026-08-26 15:58:00+00:00,S01,1,,S02,60.0,58.1,1,ACTIVE
MS008618,2026-08-26 15:58:05+00:00,S02,2,S01,S03,60.0,56.76,1,ACTIVE
MS008619,2026-08-26 15:58:10+00:00,S03,3,S02,S04,60.0,58.43,1,ACTIVE
MS008620,2026-08-26 15:58:15+00:00,S04,4,S03,S05,60.0,57.79,1,ACTIVE
MS008621,2026-08-26 15:58:20+00:00,S05,5,S04,S06,60.0,55.38,1,ACTIVE
MS008622,2026-08-26 15:58:25+00:00,S06,6,S05,S07,60.0,58.9,1,ACTIVE
MS008623,2026-08-26 15:58:30+00:00,S07,7,S06,S08,60.0,58.04,1,ACTIVE
MS008624,2026-08-26 15:58:35+00:00,S08,8,S07,S09,60.0,58.14,1,ACTIVE
MS008625,2026-08-26 15:58:40+00:00,S09,9,S08,S10,60.0,55.51,1,ACTIVE
MS008626,2026-08-26 15:58:45+00:00,S10,10,S09,S11,60.0,56.8,1,ACTIVE
MS008627,2026-08-26 15:58:50+00:00,S11,11,S10,S12,60.0,56.48,1,ACTIVE
MS008628,2026-08-26 15:58:55+00:00,S12,12,S11,,60.0,58.71,1,ACTIVE
MS008629,2026-08-26 15:59:00+00:00,S01,1,,S02,60.0,58.1,1,ACTIVE
MS008630,2026-08-26 15:59:05+00:00,S02,2,S01,S03,60.0,56.76,1,ACTIVE
MS008631,2026-08-26 15:59:10+00:00,S03,3,S02,S04,60.0,58.43,1,ACTIVE
MS008632,2026-08-26 15:59:15+00:00,S04,4,S03,S05,60.0,57.79,1,ACTIVE
MS008633,2026-08-26 15:59:20+00:00,S05,5,S04,S06,60.0,55.38,1,ACTIVE
MS008634,2026-08-26 15:59:25+00:00,S06,6,S05,S07,60.0,58.9,1,ACTIVE
MS008635,2026-08-26 15:59:30+00:00,S07,7,S06,S08,60.0,58.04,1,ACTIVE
MS008636,2026-08-26 15:59:35+00:00,S08,8,S07,S09,60.0,58.14,1,ACTIVE
MS008637,2026-08-26 15:59:40+00:00,S09,9,S08,S10,60.0,55.51,1,ACTIVE
MS008638,2026-08-26 15:59:45+00:00,S10,10,S09,S11,60.0,56.8,1,ACTIVE
MS008639,2026-08-26 15:59:50+00:00,S11,11,S10,S12,60.0,56.48,1,ACTIVE
MS008640,2026-08-26 15:59:55+00:00,S12,12,S11,,60.0,58.71,1,ACTIVE
MS008641,2026-08-26 16:00:00+00:00,S01,1,,S02,60.0,58.1,1,ACTIVE
MS008642,2026-08-26 16:00:05+00:00,S02,2,S01,S03,60.0,56.76,1,ACTIVE
MS008643,2026-08-26 16:00:10+00:00,S03,3,S02,S04,60.0,58.43,1,ACTIVE
MS008644,2026-08-26 16:00:15+00:00,S04,4,S03,S05,60.0,57.79,1,ACTIVE
MS008645,2026-08-26 16:00:20+00:00,S05,5,S04,S06,60.0,55.38,1,ACTIVE
MS008646,2026-08-26 16:00:25+00:00,S06,6,S05,S07,60.0,58.9,1,ACTIVE
MS008647,2026-08-26 16:00:30+00:00,S07,7,S06,S08,60.0,58.04,1,ACTIVE
MS008648,2026-08-26 16:00:35+00:00,S08,8,S07,S09,60.0,58.14,1,ACTIVE
MS008649,2026-08-26 16:00:40+00:00,S09,9,S08,S10,60.0,55.51,1,ACTIVE
MS008650,2026-08-26 16:00:45+00:00,S10,10,S09,S11,60.0,56.8,1,ACTIVE
MS008651,2026-08-26 16:00:50+00:00,S11,11,S10,S12,60.0,56.48,1,ACTIVE
MS008652,2026-08-26 16:00:55+00:00,S12,12,S11,,60.0,58.71,1,ACTIVE
MS008653,2026-08-26 16:01:00+00:00,S01,1,,S02,60.0,58.1,1,ACTIVE
MS008654,2026-08-26 16:01:05+00:00,S02,2,S01,S03,60.0,56.76,1,ACTIVE
MS008655,2026-08-26 16:01:10+00:00,S03,3,S02,S04,60.0,58.43,1,ACTIVE
MS008656,2026-08-26 16:01:15+00:00,S04,4,S03,S05,60.0,57.79,1,ACTIVE
MS008657,2026-08-26 16:01:20+00:00,S05,5,S04,S06,60.0,55.38,1,ACTIVE
MS008658,2026-08-26 16:01:25+00:00,S06,6,S05,S07,60.0,58.9,1,ACTIVE
MS008659,2026-08-26 16:01:30+00:00,S07,7,S06,S08,60.0,58.04,1,ACTIVE
MS008660,2026-08-26 16:01:35+00:00,S08,8,S07,S09,60.0,58.14,1,ACTIVE
MS008661,2026-08-26 16:01:40+00:00,S09,9,S08,S10,60.0,55.51,1,ACTIVE
MS008662,2026-08-26 16:01:45+00:00,S10,10,S09,S11,60.0,56.8,1,ACTIVE
MS008663,2026-08-26 16:01:50+00:00,S11,11,S10,S12,60.0,56.48,1,ACTIVE
MS008664,2026-08-26 16:01:55+00:00,S12,12,S11,,60.0,58.71,1,ACTIVE
MS008665,2026-08-26 16:02:00+00:00,S01,1,,S02,60.0,58.1,1,ACTIVE
MS008666,2026-08-26 16:02:05+00:00,S02,2,S01,S03,60.0,56.76,1,ACTIVE
MS008667,2026-08-26 16:02:10+00:00,S03,3,S02,S04,60.0,58.43,1,ACTIVE
MS008668,2026-08-26 16:02:15+00:00,S04,4,S03,S05,60.0,57.79,1,ACTIVE
MS008669,2026-08-26 16:02:20+00:00,S05,5,S04,S06,60.0,55.38,1,ACTIVE
MS008670,2026-08-26 16:02:25+00:00,S06,6,S05,S07,60.0,58.9,1,ACTIVE
MS008671,2026-08-26 16:02:30+00:00,S07,7,S06,S08,60.0,58.04,1,ACTIVE
MS008672,2026-08-26 16:02:35+00:00,S08,8,S07,S09,60.0,58.14,1,ACTIVE
MS008673,2026-08-26 16:02:40+00:00,S09,9,S08,S10,60.0,55.51,1,ACTIVE
MS008674,2026-08-26 16:02:45+00:00,S10,10,S09,S11,60.0,56.8,1,ACTIVE
MS008675,2026-08-26 16:02:50+00:00,S11,11,S10,S12,60.0,56.48,1,ACTIVE
MS008676,2026-08-26 16:02:55+00:00,S12,12,S11,,60.0,58.71,1,ACTIVE
MS008677,2026-08-26 16:03:00+00:00,S01,1,,S02,60.0,58.1,1,ACTIVE
MS008678,2026-08-26 16:03:05+00:00,S02,2,S01,S03,60.0,56.76,1,ACTIVE
MS008679,2026-08-26 16:03:10+00:00,S03,3,S02,S04,60.0,58.43,1,ACTIVE
MS008680,2026-08-26 16:03:15+00:00,S04,4,S03,S05,60.0,57.79,1,ACTIVE
MS008681,2026-08-26 16:03:20+00:00,S05,5,S04,S06,60.0,55.38,1,ACTIVE
MS008682,2026-08-26 16:03:25+00:00,S06,6,S05,S07,60.0,58.9,1,ACTIVE
MS008683,2026-08-26 16:03:30+00:00,S07,7,S06,S08,60.0,58.04,1,ACTIVE
MS008684,2026-08-26 16:03:35+00:00,S08,8,S07,S09,60.0,58.14,1,ACTIVE
MS008685,2026-08-26 16:03:40+00:00,S09,9,S08,S10,60.0,55.51,1,ACTIVE
MS008686,2026-08-26 16:03:45+00:00,S10,10,S09,S11,60.0,56.8,1,ACTIVE
MS008687,2026-08-26 16:03:50+00:00,S11,11,S10,S12,60.0,56.48,1,ACTIVE
MS008688,2026-08-26 16:03:55+00:00,S12,12,S11,,60.0,58.71,1,ACTIVE
MS008689,2026-08-26 16:04:00+00:00,S01,1,,S02,60.0,58.1,1,ACTIVE
MS008690,2026-08-26 16:04:05+00:00,S02,2,S01,S03,60.0,56.76,1,ACTIVE
MS008691,2026-08-26 16:04:10+00:00,S03,3,S02,S04,60.0,58.43,1,ACTIVE
MS008692,2026-08-26 16:04:15+00:00,S04,4,S03,S05,60.0,57.79,1,ACTIVE
MS008693,2026-08-26 16:04:20+00:00,S05,5,S04,S06,60.0,55.38,1,ACTIVE
MS008694,2026-08-26 16:04:25+00:00,S06,6,S05,S07,60.0,58.9,1,ACTIVE
MS008695,2026-08-26 16:04:30+00:00,S07,7,S06,S08,60.0,58.04,1,ACTIVE
MS008696,2026-08-26 16:04:35+00:00,S08,8,S07,S09,60.0,58.14,1,ACTIVE
MS008697,2026-08-26 16:04:40+00:00,S09,9,S08,S10,60.0,55.51,1,ACTIVE
MS008698,2026-08-26 16:04:45+00:00,S10,10,S09,S11,60.0,56.8,1,ACTIVE
MS008699,2026-08-26 16:04:50+00:00,S11,11,S10,S12,60.0,56.48,1,ACTIVE
MS008700,2026-08-26 16:04:55+00:00,S12,12,S11,,60.0,58.71,1,ACTIVE
MS008701,2026-08-26 16:05:00+00:00,S01,1,,S02,60.0,58.1,1,ACTIVE
MS008702,2026-08-26 16:05:05+00:00,S02,2,S01,S03,60.0,56.76,1,ACTIVE
MS008703,2026-08-26 16:05:10+00:00,S03,3,S02,S04,60.0,58.43,1,ACTIVE
MS008704,2026-08-26 16:05:15+00:00,S04,4,S03,S05,60.0,57.79,1,ACTIVE
MS008705,2026-08-26 16:05:20+00:00,S05,5,S04,S06,60.0,55.38,1,ACTIVE
MS008706,2026-08-26 16:05:25+00:00,S06,6,S05,S07,60.0,58.9,1,ACTIVE
MS008707,2026-08-26 16:05:30+00:00,S07,7,S06,S08,60.0,58.04,1,ACTIVE
MS008708,2026-08-26 16:05:35+00:00,S08,8,S07,S09,60.0,58.14,1,ACTIVE
MS008709,2026-08-26 16:05:40+00:00,S09,9,S08,S10,60.0,55.51,1,ACTIVE
MS008710,2026-08-26 16:05:45+00:00,S10,10,S09,S11,60.0,56.8,1,ACTIVE
MS008711,2026-08-26 16:05:50+00:00,S11,11,S10,S12,60.0,56.48,1,ACTIVE
MS008712,2026-08-26 16:05:55+00:00,S12,12,S11,,60.0,58.71,1,ACTIVE
MS008713,2026-08-26 16:06:00+00:00,S01,1,,S02,60.0,58.1,1,ACTIVE
MS008714,2026-08-26 16:06:05+00:00,S02,2,S01,S03,60.0,56.76,1,ACTIVE
MS008715,2026-08-26 16:06:10+00:00,S03,3,S02,S04,60.0,58.43,1,ACTIVE
MS008716,2026-08-26 16:06:15+00:00,S04,4,S03,S05,60.0,57.79,1,ACTIVE
MS008717,2026-08-26 16:06:20+00:00,S05,5,S04,S06,60.0,55.38,1,ACTIVE
MS008718,2026-08-26 16:06:25+00:00,S06,6,S05,S07,60.0,58.9,1,ACTIVE
MS008719,2026-08-26 16:06:30+00:00,S07,7,S06,S08,60.0,58.04,1,ACTIVE
MS008720,2026-08-26 16:06:35+00:00,S08,8,S07,S09,60.0,58.14,1,ACTIVE
MS008721,2026-08-26 16:06:40+00:00,S09,9,S08,S10,60.0,55.51,1,ACTIVE
MS008722,2026-08-26 16:06:45+00:00,S10,10,S09,S11,60.0,56.8,1,ACTIVE
MS008723,2026-08-26 16:06:50+00:00,S11,11,S10,S12,60.0,56.48,1,ACTIVE
MS008724,2026-08-26 16:06:55+00:00,S12,12,S11,,60.0,58.71,1,ACTIVE
MS008725,2026-08-26 16:07:00+00:00,S01,1,,S02,60.0,58.1,1,ACTIVE
MS008726,2026-08-26 16:07:05+00:00,S02,2,S01,S03,60.0,56.76,1,ACTIVE
MS008727,2026-08-26 16:07:10+00:00,S03,3,S02,S04,60.0,58.43,1,ACTIVE
MS008728,2026-08-26 16:07:15+00:00,S04,4,S03,S05,60.0,57.79,1,ACTIVE
MS008729,2026-08-26 16:07:20+00:00,S05,5,S04,S06,60.0,55.38,1,ACTIVE
MS008730,2026-08-26 16:07:25+00:00,S06,6,S05,S07,60.0,58.9,1,ACTIVE
MS008731,2026-08-26 16:07:30+00:00,S07,7,S06,S08,60.0,58.04,1,ACTIVE
MS008732,2026-08-26 16:07:35+00:00,S08,8,S07,S09,60.0,58.14,1,ACTIVE
MS008733,2026-08-26 16:07:40+00:00,S09,9,S08,S10,60.0,55.51,1,ACTIVE
MS008734,2026-08-26 16:07:45+00:00,S10,10,S09,S11,60.0,56.8,1,ACTIVE
MS008735,2026-08-26 16:07:50+00:00,S11,11,S10,S12,60.0,56.48,1,ACTIVE
MS008736,2026-08-26 16:07:55+00:00,S12,12,S11,,60.0,58.71,1,ACTIVE
MS008737,2026-08-26 16:08:00+00:00,S01,1,,S02,60.0,58.1,1,ACTIVE
MS008738,2026-08-26 16:08:05+00:00,S02,2,S01,S03,60.0,56.76,1,ACTIVE
MS008739,2026-08-26 16:08:10+00:00,S03,3,S02,S04,60.0,58.43,1,ACTIVE
MS008740,2026-08-26 16:08:15+00:00,S04,4,S03,S05,60.0,57.79,1,ACTIVE
MS008741,2026-08-26 16:08:20+00:00,S05,5,S04,S06,60.0,55.38,1,ACTIVE
MS008742,2026-08-26 16:08:25+00:00,S06,6,S05,S07,60.0,58.9,1,ACTIVE
MS008743,2026-08-26 16:08:30+00:00,S07,7,S06,S08,60.0,58.04,1,ACTIVE
MS008744,2026-08-26 16:08:35+00:00,S08,8,S07,S09,60.0,58.14,1,ACTIVE
MS008745,2026-08-26 16:08:40+00:00,S09,9,S08,S10,60.0,55.51,1,ACTIVE
MS008746,2026-08-26 16:08:45+00:00,S10,10,S09,S11,60.0,56.8,1,ACTIVE
MS008747,2026-08-26 16:08:50+00:00,S11,11,S10,S12,60.0,56.48,1,ACTIVE
MS008748,2026-08-26 16:08:55+00:00,S12,12,S11,,60.0,58.71,1,ACTIVE
MS008749,2026-08-26 16:09:00+00:00,S01,1,,S02,60.0,58.1,1,ACTIVE
MS008750,2026-08-26 16:09:05+00:00,S02,2,S01,S03,60.0,56.76,1,ACTIVE
MS008751,2026-08-26 16:09:10+00:00,S03,3,S02,S04,60.0,58.43,1,ACTIVE
MS008752,2026-08-26 16:09:15+00:00,S04,4,S03,S05,60.0,57.79,1,ACTIVE
MS008753,2026-08-26 16:09:20+00:00,S05,5,S04,S06,60.0,55.38,1,ACTIVE
MS008754,2026-08-26 16:09:25+00:00,S06,6,S05,S07,60.0,58.9,1,ACTIVE
MS008755,2026-08-26 16:09:30+00:00,S07,7,S06,S08,60.0,58.04,1,ACTIVE
MS008756,2026-08-26 16:09:35+00:00,S08,8,S07,S09,60.0,58.14,1,ACTIVE
MS008757,2026-08-26 16:09:40+00:00,S09,9,S08,S10,60.0,55.51,1,ACTIVE
MS008758,2026-08-26 16:09:45+00:00,S10,10,S09,S11,60.0,56.8,1,ACTIVE
MS008759,2026-08-26 16:09:50+00:00,S11,11,S10,S12,60.0,56.48,1,ACTIVE
MS008760,2026-08-26 16:09:55+00:00,S12,12,S11,,60.0,58.71,1,ACTIVE
MS008761,2026-08-26 16:10:00+00:00,S01,1,,S02,60.0,58.1,1,ACTIVE
MS008762,2026-08-26 16:10:05+00:00,S02,2,S01,S03,60.0,56.76,1,ACTIVE
MS008763,2026-08-26 16:10:10+00:00,S03,3,S02,S04,60.0,58.43,1,ACTIVE
MS008764,2026-08-26 16:10:15+00:00,S04,4,S03,S05,60.0,57.79,1,ACTIVE
MS008765,2026-08-26 16:10:20+00:00,S05,5,S04,S06,60.0,55.38,1,ACTIVE
MS008766,2026-08-26 16:10:25+00:00,S06,6,S05,S07,60.0,58.9,1,ACTIVE
MS008767,2026-08-26 16:10:30+00:00,S07,7,S06,S08,60.0,58.04,1,ACTIVE
MS008768,2026-08-26 16:10:35+00:00,S08,8,S07,S09,60.0,58.14,1,ACTIVE
MS008769,2026-08-26 16:10:40+00:00,S09,9,S08,S10,60.0,55.51,1,ACTIVE
MS008770,2026-08-26 16:10:45+00:00,S10,10,S09,S11,60.0,56.8,1,ACTIVE
MS008771,2026-08-26 16:10:50+00:00,S11,11,S10,S12,60.0,56.48,1,ACTIVE
MS008772,2026-08-26 16:10:55+00:00,S12,12,S11,,60.0,58.71,1,ACTIVE
MS008773,2026-08-26 16:11:00+00:00,S01,1,,S02,60.0,58.1,1,ACTIVE
MS008774,2026-08-26 16:11:05+00:00,S02,2,S01,S03,60.0,56.76,1,ACTIVE
MS008775,2026-08-26 16:11:10+00:00,S03,3,S02,S04,60.0,58.43,1,ACTIVE
MS008776,2026-08-26 16:11:15+00:00,S04,4,S03,S05,60.0,57.79,1,ACTIVE
MS008777,2026-08-26 16:11:20+00:00,S05,5,S04,S06,60.0,55.38,1,ACTIVE
MS008778,2026-08-26 16:11:25+00:00,S06,6,S05,S07,60.0,58.9,1,ACTIVE
MS008779,2026-08-26 16:11:30+00:00,S07,7,S06,S08,60.0,58.04,1,ACTIVE
MS008780,2026-08-26 16:11:35+00:00,S08,8,S07,S09,60.0,58.14,1,ACTIVE
MS008781,2026-08-26 16:11:40+00:00,S09,9,S08,S10,60.0,55.51,1,ACTIVE
MS008782,2026-08-26 16:11:45+00:00,S10,10,S09,S11,60.0,56.8,1,ACTIVE
MS008783,2026-08-26 16:11:50+00:00,S11,11,S10,S12,60.0,56.48,1,ACTIVE
MS008784,2026-08-26 16:11:55+00:00,S12,12,S11,,60.0,58.71,1,ACTIVE
MS008785,2026-08-26 16:12:00+00:00,S01,1,,S02,60.0,58.1,1,ACTIVE
MS008786,2026-08-26 16:12:05+00:00,S02,2,S01,S03,60.0,56.76,1,ACTIVE
MS008787,2026-08-26 16:12:10+00:00,S03,3,S02,S04,60.0,58.43,1,ACTIVE
MS008788,2026-08-26 16:12:15+00:00,S04,4,S03,S05,60.0,57.79,1,ACTIVE
MS008789,2026-08-26 16:12:20+00:00,S05,5,S04,S06,60.0,55.38,1,ACTIVE
MS008790,2026-08-26 16:12:25+00:00,S06,6,S05,S07,60.0,58.9,1,ACTIVE
MS008791,2026-08-26 16:12:30+00:00,S07,7,S06,S08,60.0,58.04,1,ACTIVE
MS008792,2026-08-26 16:12:35+00:00,S08,8,S07,S09,60.0,58.14,1,ACTIVE
MS008793,2026-08-26 16:12:40+00:00,S09,9,S08,S10,60.0,55.51,1,ACTIVE
MS008794,2026-08-26 16:12:45+00:00,S10,10,S09,S11,60.0,56.8,1,ACTIVE
MS008795,2026-08-26 16:12:50+00:00,S11,11,S10,S12,60.0,56.48,1,ACTIVE
MS008796,2026-08-26 16:12:55+00:00,S12,12,S11,,60.0,58.71,1,ACTIVE
MS008797,2026-08-26 16:13:00+00:00,S01,1,,S02,60.0,58.1,1,ACTIVE
MS008798,2026-08-26 16:13:05+00:00,S02,2,S01,S03,60.0,56.76,1,ACTIVE
MS008799,2026-08-26 16:13:10+00:00,S03,3,S02,S04,60.0,58.43,1,ACTIVE
MS008800,2026-08-26 16:13:15+00:00,S04,4,S03,S05,60.0,57.79,1,ACTIVE
MS008801,2026-08-26 16:13:20+00:00,S05,5,S04,S06,60.0,55.38,1,ACTIVE
MS008802,2026-08-26 16:13:25+00:00,S06,6,S05,S07,60.0,58.9,1,ACTIVE
MS008803,2026-08-26 16:13:30+00:00,S07,7,S06,S08,60.0,58.04,1,ACTIVE
MS008804,2026-08-26 16:13:35+00:00,S08,8,S07,S09,60.0,58.14,1,ACTIVE
MS008805,2026-08-26 16:13:40+00:00,S09,9,S08,S10,60.0,55.51,1,ACTIVE
MS008806,2026-08-26 16:13:45+00:00,S10,10,S09,S11,60.0,56.8,1,ACTIVE
MS008807,2026-08-26 16:13:50+00:00,S11,11,S10,S12,60.0,56.48,1,ACTIVE
MS008808,2026-08-26 16:13:55+00:00,S12,12,S11,,60.0,58.71,1,ACTIVE
MS008809,2026-08-26 16:14:00+00:00,S01,1,,S02,60.0,58.1,1,ACTIVE
MS008810,2026-08-26 16:14:05+00:00,S02,2,S01,S03,60.0,56.76,1,ACTIVE
MS008811,2026-08-26 16:14:10+00:00,S03,3,S02,S04,60.0,58.43,1,ACTIVE
MS008812,2026-08-26 16:14:15+00:00,S04,4,S03,S05,60.0,57.79,1,ACTIVE
MS008813,2026-08-26 16:14:20+00:00,S05,5,S04,S06,60.0,55.38,1,ACTIVE
MS008814,2026-08-26 16:14:25+00:00,S06,6,S05,S07,60.0,58.9,1,ACTIVE
MS008815,2026-08-26 16:14:30+00:00,S07,7,S06,S08,60.0,58.04,1,ACTIVE
MS008816,2026-08-26 16:14:35+00:00,S08,8,S07,S09,60.0,58.14,1,ACTIVE
MS008817,2026-08-26 16:14:40+00:00,S09,9,S08,S10,60.0,55.51,1,ACTIVE
MS008818,2026-08-26 16:14:45+00:00,S10,10,S09,S11,60.0,56.8,1,ACTIVE
MS008819,2026-08-26 16:14:50+00:00,S11,11,S10,S12,60.0,56.48,1,ACTIVE
MS008820,2026-08-26 16:14:55+00:00,S12,12,S11,,60.0,58.71,1,ACTIVE
MS008821,2026-08-26 16:15:00+00:00,S01,1,,S02,60.0,58.1,1,ACTIVE
MS008822,2026-08-26 16:15:05+00:00,S02,2,S01,S03,60.0,56.76,1,ACTIVE
MS008823,2026-08-26 16:15:10+00:00,S03,3,S02,S04,60.0,58.43,1,ACTIVE
MS008824,2026-08-26 16:15:15+00:00,S04,4,S03,S05,60.0,57.79,1,ACTIVE
MS008825,2026-08-26 16:15:20+00:00,S05,5,S04,S06,60.0,55.38,1,ACTIVE
MS008826,2026-08-26 16:15:25+00:00,S06,6,S05,S07,60.0,58.9,1,ACTIVE
MS008827,2026-08-26 16:15:30+00:00,S07,7,S06,S08,60.0,58.04,1,ACTIVE
MS008828,2026-08-26 16:15:35+00:00,S08,8,S07,S09,60.0,58.14,1,ACTIVE
MS008829,2026-08-26 16:15:40+00:00,S09,9,S08,S10,60.0,55.51,1,ACTIVE
MS008830,2026-08-26 16:15:45+00:00,S10,10,S09,S11,60.0,56.8,1,ACTIVE
MS008831,2026-08-26 16:15:50+00:00,S11,11,S10,S12,60.0,56.48,1,ACTIVE
MS008832,2026-08-26 16:15:55+00:00,S12,12,S11,,60.0,58.71,1,ACTIVE
MS008833,2026-08-26 16:16:00+00:00,S01,1,,S02,60.0,58.1,1,ACTIVE
MS008834,2026-08-26 16:16:05+00:00,S02,2,S01,S03,60.0,56.76,1,ACTIVE
MS008835,2026-08-26 16:16:10+00:00,S03,3,S02,S04,60.0,58.43,1,ACTIVE
MS008836,2026-08-26 16:16:15+00:00,S04,4,S03,S05,60.0,57.79,1,ACTIVE
MS008837,2026-08-26 16:16:20+00:00,S05,5,S04,S06,60.0,55.38,1,ACTIVE
MS008838,2026-08-26 16:16:25+00:00,S06,6,S05,S07,60.0,58.9,1,ACTIVE
MS008839,2026-08-26 16:16:30+00:00,S07,7,S06,S08,60.0,58.04,1,ACTIVE
MS008840,2026-08-26 16:16:35+00:00,S08,8,S07,S09,60.0,58.14,1,ACTIVE
MS008841,2026-08-26 16:16:40+00:00,S09,9,S08,S10,60.0,55.51,1,ACTIVE
MS008842,2026-08-26 16:16:45+00:00,S10,10,S09,S11,60.0,56.8,1,ACTIVE
MS008843,2026-08-26 16:16:50+00:00,S11,11,S10,S12,60.0,56.48,1,ACTIVE
MS008844,2026-08-26 16:16:55+00:00,S12,12,S11,,60.0,58.71,1,ACTIVE
MS008845,2026-08-26 16:17:00+00:00,S01,1,,S02,60.0,58.1,1,ACTIVE
MS008846,2026-08-26 16:17:05+00:00,S02,2,S01,S03,60.0,56.76,1,ACTIVE
MS008847,2026-08-26 16:17:10+00:00,S03,3,S02,S04,60.0,58.43,1,ACTIVE
MS008848,2026-08-26 16:17:15+00:00,S04,4,S03,S05,60.0,57.79,1,ACTIVE
MS008849,2026-08-26 16:17:20+00:00,S05,5,S04,S06,60.0,55.38,1,ACTIVE
MS008850,2026-08-26 16:17:25+00:00,S06,6,S05,S07,60.0,58.9,1,ACTIVE
MS008851,2026-08-26 16:17:30+00:00,S07,7,S06,S08,60.0,58.04,1,ACTIVE
MS008852,2026-08-26 16:17:35+00:00,S08,8,S07,S09,60.0,58.14,1,ACTIVE
MS008853,2026-08-26 16:17:40+00:00,S09,9,S08,S10,60.0,55.51,1,ACTIVE
MS008854,2026-08-26 16:17:45+00:00,S10,10,S09,S11,60.0,56.8,1,ACTIVE
MS008855,2026-08-26 16:17:50+00:00,S11,11,S10,S12,60.0,56.48,1,ACTIVE
MS008856,2026-08-26 16:17:55+00:00,S12,12,S11,,60.0,58.71,1,ACTIVE
MS008857,2026-08-26 16:18:00+00:00,S01,1,,S02,60.0,58.1,1,ACTIVE
MS008858,2026-08-26 16:18:05+00:00,S02,2,S01,S03,60.0,56.76,1,ACTIVE
MS008859,2026-08-26 16:18:10+00:00,S03,3,S02,S04,60.0,58.43,1,ACTIVE
MS008860,2026-08-26 16:18:15+00:00,S04,4,S03,S05,60.0,57.79,1,ACTIVE
MS008861,2026-08-26 16:18:20+00:00,S05,5,S04,S06,60.0,55.38,1,ACTIVE
MS008862,2026-08-26 16:18:25+00:00,S06,6,S05,S07,60.0,58.9,1,ACTIVE
MS008863,2026-08-26 16:18:30+00:00,S07,7,S06,S08,60.0,58.04,1,ACTIVE
MS008864,2026-08-26 16:18:35+00:00,S08,8,S07,S09,60.0,58.14,1,ACTIVE
MS008865,2026-08-26 16:18:40+00:00,S09,9,S08,S10,60.0,55.51,1,ACTIVE
MS008866,2026-08-26 16:18:45+00:00,S10,10,S09,S11,60.0,56.8,1,ACTIVE
MS008867,2026-08-26 16:18:50+00:00,S11,11,S10,S12,60.0,56.48,1,ACTIVE
MS008868,2026-08-26 16:18:55+00:00,S12,12,S11,,60.0,58.71,1,ACTIVE
MS008869,2026-08-26 16:19:00+00:00,S01,1,,S02,60.0,58.1,1,ACTIVE
MS008870,2026-08-26 16:19:05+00:00,S02,2,S01,S03,60.0,56.76,1,ACTIVE
MS008871,2026-08-26 16:19:10+00:00,S03,3,S02,S04,60.0,58.43,1,ACTIVE
MS008872,2026-08-26 16:19:15+00:00,S04,4,S03,S05,60.0,57.79,1,ACTIVE
MS008873,2026-08-26 16:19:20+00:00,S05,5,S04,S06,60.0,55.38,1,ACTIVE
MS008874,2026-08-26 16:19:25+00:00,S06,6,S05,S07,60.0,58.9,1,ACTIVE
MS008875,2026-08-26 16:19:30+00:00,S07,7,S06,S08,60.0,58.04,1,ACTIVE
MS008876,2026-08-26 16:19:35+00:00,S08,8,S07,S09,60.0,58.14,1,ACTIVE
MS008877,2026-08-26 16:19:40+00:00,S09,9,S08,S10,60.0,55.51,1,ACTIVE
MS008878,2026-08-26 16:19:45+00:00,S10,10,S09,S11,60.0,56.8,1,ACTIVE
MS008879,2026-08-26 16:19:50+00:00,S11,11,S10,S12,60.0,56.48,1,ACTIVE
MS008880,2026-08-26 16:19:55+00:00,S12,12,S11,,60.0,58.71,1,ACTIVE
MS008881,2026-08-26 16:20:00+00:00,S01,1,,S02,60.0,58.1,1,ACTIVE
MS008882,2026-08-26 16:20:05+00:00,S02,2,S01,S03,60.0,56.76,1,ACTIVE
MS008883,2026-08-26 16:20:10+00:00,S03,3,S02,S04,60.0,58.43,1,ACTIVE
MS008884,2026-08-26 16:20:15+00:00,S04,4,S03,S05,60.0,57.79,1,ACTIVE
MS008885,2026-08-26 16:20:20+00:00,S05,5,S04,S06,60.0,55.38,1,ACTIVE
MS008886,2026-08-26 16:20:25+00:00,S06,6,S05,S07,60.0,58.9,1,ACTIVE
MS008887,2026-08-26 16:20:30+00:00,S07,7,S06,S08,60.0,58.04,1,ACTIVE
MS008888,2026-08-26 16:20:35+00:00,S08,8,S07,S09,60.0,58.14,1,ACTIVE
MS008889,2026-08-26 16:20:40+00:00,S09,9,S08,S10,60.0,55.51,1,ACTIVE
MS008890,2026-08-26 16:20:45+00:00,S10,10,S09,S11,60.0,56.8,1,ACTIVE
MS008891,2026-08-26 16:20:50+00:00,S11,11,S10,S12,60.0,56.48,1,ACTIVE
MS008892,2026-08-26 16:20:55+00:00,S12,12,S11,,60.0,58.71,1,ACTIVE
MS008893,2026-08-26 16:21:00+00:00,S01,1,,S02,60.0,58.1,1,ACTIVE
MS008894,2026-08-26 16:21:05+00:00,S02,2,S01,S03,60.0,56.76,1,ACTIVE
MS008895,2026-08-26 16:21:10+00:00,S03,3,S02,S04,60.0,58.43,1,ACTIVE
MS008896,2026-08-26 16:21:15+00:00,S04,4,S03,S05,60.0,57.79,1,ACTIVE
MS008897,2026-08-26 16:21:20+00:00,S05,5,S04,S06,60.0,55.38,1,ACTIVE
MS008898,2026-08-26 16:21:25+00:00,S06,6,S05,S07,60.0,58.9,1,ACTIVE
MS008899,2026-08-26 16:21:30+00:00,S07,7,S06,S08,60.0,58.04,1,ACTIVE
MS008900,2026-08-26 16:21:35+00:00,S08,8,S07,S09,60.0,58.14,1,ACTIVE
MS008901,2026-08-26 16:21:40+00:00,S09,9,S08,S10,60.0,55.51,1,ACTIVE
MS008902,2026-08-26 16:21:45+00:00,S10,10,S09,S11,60.0,56.8,1,ACTIVE
MS008903,2026-08-26 16:21:50+00:00,S11,11,S10,S12,60.0,56.48,1,ACTIVE
MS008904,2026-08-26 16:21:55+00:00,S12,12,S11,,60.0,58.71,1,ACTIVE
MS008905,2026-08-26 16:22:00+00:00,S01,1,,S02,60.0,58.1,1,ACTIVE
MS008906,2026-08-26 16:22:05+00:00,S02,2,S01,S03,60.0,56.76,1,ACTIVE
MS008907,2026-08-26 16:22:10+00:00,S03,3,S02,S04,60.0,58.43,1,ACTIVE
MS008908,2026-08-26 16:22:15+00:00,S04,4,S03,S05,60.0,57.79,1,ACTIVE
MS008909,2026-08-26 16:22:20+00:00,S05,5,S04,S06,60.0,55.38,1,ACTIVE
MS008910,2026-08-26 16:22:25+00:00,S06,6,S05,S07,60.0,58.9,1,ACTIVE
MS008911,2026-08-26 16:22:30+00:00,S07,7,S06,S08,60.0,58.04,1,ACTIVE
MS008912,2026-08-26 16:22:35+00:00,S08,8,S07,S09,60.0,58.14,1,ACTIVE
MS008913,2026-08-26 16:22:40+00:00,S09,9,S08,S10,60.0,55.51,1,ACTIVE
MS008914,2026-08-26 16:22:45+00:00,S10,10,S09,S11,60.0,56.8,1,ACTIVE
MS008915,2026-08-26 16:22:50+00:00,S11,11,S10,S12,60.0,56.48,1,ACTIVE
MS008916,2026-08-26 16:22:55+00:00,S12,12,S11,,60.0,58.71,1,ACTIVE
MS008917,2026-08-26 16:23:00+00:00,S01,1,,S02,60.0,58.1,1,ACTIVE
MS008918,2026-08-26 16:23:05+00:00,S02,2,S01,S03,60.0,56.76,1,ACTIVE
MS008919,2026-08-26 16:23:10+00:00,S03,3,S02,S04,60.0,58.43,1,ACTIVE
MS008920,2026-08-26 16:23:15+00:00,S04,4,S03,S05,60.0,57.79,1,ACTIVE
MS008921,2026-08-26 16:23:20+00:00,S05,5,S04,S06,60.0,55.38,1,ACTIVE
MS008922,2026-08-26 16:23:25+00:00,S06,6,S05,S07,60.0,58.9,1,ACTIVE
MS008923,2026-08-26 16:23:30+00:00,S07,7,S06,S08,60.0,58.04,1,ACTIVE
MS008924,2026-08-26 16:23:35+00:00,S08,8,S07,S09,60.0,58.14,1,ACTIVE
MS008925,2026-08-26 16:23:40+00:00,S09,9,S08,S10,60.0,55.51,1,ACTIVE
MS008926,2026-08-26 16:23:45+00:00,S10,10,S09,S11,60.0,56.8,1,ACTIVE
MS008927,2026-08-26 16:23:50+00:00,S11,11,S10,S12,60.0,56.48,1,ACTIVE
MS008928,2026-08-26 16:23:55+00:00,S12,12,S11,,60.0,58.71,1,ACTIVE
MS008929,2026-08-26 16:24:00+00:00,S01,1,,S02,60.0,58.1,1,ACTIVE
MS008930,2026-08-26 16:24:05+00:00,S02,2,S01,S03,60.0,56.76,1,ACTIVE
MS008931,2026-08-26 16:24:10+00:00,S03,3,S02,S04,60.0,58.43,1,ACTIVE
MS008932,2026-08-26 16:24:15+00:00,S04,4,S03,S05,60.0,57.79,1,ACTIVE
MS008933,2026-08-26 16:24:20+00:00,S05,5,S04,S06,60.0,55.38,1,ACTIVE
MS008934,2026-08-26 16:24:25+00:00,S06,6,S05,S07,60.0,58.9,1,ACTIVE
MS008935,2026-08-26 16:24:30+00:00,S07,7,S06,S08,60.0,58.04,1,ACTIVE
MS008936,2026-08-26 16:24:35+00:00,S08,8,S07,S09,60.0,58.14,1,ACTIVE
MS008937,2026-08-26 16:24:40+00:00,S09,9,S08,S10,60.0,55.51,1,ACTIVE
MS008938,2026-08-26 16:24:45+00:00,S10,10,S09,S11,60.0,56.8,1,ACTIVE
MS008939,2026-08-26 16:24:50+00:00,S11,11,S10,S12,60.0,56.48,1,ACTIVE
MS008940,2026-08-26 16:24:55+00:00,S12,12,S11,,60.0,58.71,1,ACTIVE
MS008941,2026-08-26 16:25:00+00:00,S01,1,,S02,60.0,58.1,1,ACTIVE
MS008942,2026-08-26 16:25:05+00:00,S02,2,S01,S03,60.0,56.76,1,ACTIVE
MS008943,2026-08-26 16:25:10+00:00,S03,3,S02,S04,60.0,58.43,1,ACTIVE
MS008944,2026-08-26 16:25:15+00:00,S04,4,S03,S05,60.0,57.79,1,ACTIVE
MS008945,2026-08-26 16:25:20+00:00,S05,5,S04,S06,60.0,55.38,1,ACTIVE
MS008946,2026-08-26 16:25:25+00:00,S06,6,S05,S07,60.0,58.9,1,ACTIVE
MS008947,2026-08-26 16:25:30+00:00,S07,7,S06,S08,60.0,58.04,1,ACTIVE
MS008948,2026-08-26 16:25:35+00:00,S08,8,S07,S09,60.0,58.14,1,ACTIVE
MS008949,2026-08-26 16:25:40+00:00,S09,9,S08,S10,60.0,55.51,1,ACTIVE
MS008950,2026-08-26 16:25:45+00:00,S10,10,S09,S11,60.0,56.8,1,ACTIVE
MS008951,2026-08-26 16:25:50+00:00,S11,11,S10,S12,60.0,56.48,1,ACTIVE
MS008952,2026-08-26 16:25:55+00:00,S12,12,S11,,60.0,58.71,1,ACTIVE
MS008953,2026-08-26 16:26:00+00:00,S01,1,,S02,60.0,58.1,1,ACTIVE
MS008954,2026-08-26 16:26:05+00:00,S02,2,S01,S03,60.0,56.76,1,ACTIVE
MS008955,2026-08-26 16:26:10+00:00,S03,3,S02,S04,60.0,58.43,1,ACTIVE
MS008956,2026-08-26 16:26:15+00:00,S04,4,S03,S05,60.0,57.79,1,ACTIVE
MS008957,2026-08-26 16:26:20+00:00,S05,5,S04,S06,60.0,55.38,1,ACTIVE
MS008958,2026-08-26 16:26:25+00:00,S06,6,S05,S07,60.0,58.9,1,ACTIVE
MS008959,2026-08-26 16:26:30+00:00,S07,7,S06,S08,60.0,58.04,1,ACTIVE
MS008960,2026-08-26 16:26:35+00:00,S08,8,S07,S09,60.0,58.14,1,ACTIVE
MS008961,2026-08-26 16:26:40+00:00,S09,9,S08,S10,60.0,55.51,1,ACTIVE
MS008962,2026-08-26 16:26:45+00:00,S10,10,S09,S11,60.0,56.8,1,ACTIVE
MS008963,2026-08-26 16:26:50+00:00,S11,11,S10,S12,60.0,56.48,1,ACTIVE
MS008964,2026-08-26 16:26:55+00:00,S12,12,S11,,60.0,58.71,1,ACTIVE
MS008965,2026-08-26 16:27:00+00:00,S01,1,,S02,60.0,58.1,1,ACTIVE
MS008966,2026-08-26 16:27:05+00:00,S02,2,S01,S03,60.0,56.76,1,ACTIVE
MS008967,2026-08-26 16:27:10+00:00,S03,3,S02,S04,60.0,58.43,1,ACTIVE
MS008968,2026-08-26 16:27:15+00:00,S04,4,S03,S05,60.0,57.79,1,ACTIVE
MS008969,2026-08-26 16:27:20+00:00,S05,5,S04,S06,60.0,55.38,1,ACTIVE
MS008970,2026-08-26 16:27:25+00:00,S06,6,S05,S07,60.0,58.9,1,ACTIVE
MS008971,2026-08-26 16:27:30+00:00,S07,7,S06,S08,60.0,58.04,1,ACTIVE
MS008972,2026-08-26 16:27:35+00:00,S08,8,S07,S09,60.0,58.14,1,ACTIVE
MS008973,2026-08-26 16:27:40+00:00,S09,9,S08,S10,60.0,55.51,1,ACTIVE
MS008974,2026-08-26 16:27:45+00:00,S10,10,S09,S11,60.0,56.8,1,ACTIVE
MS008975,2026-08-26 16:27:50+00:00,S11,11,S10,S12,60.0,56.48,1,ACTIVE
MS008976,2026-08-26 16:27:55+00:00,S12,12,S11,,60.0,58.71,1,ACTIVE
MS008977,2026-08-26 16:28:00+00:00,S01,1,,S02,60.0,58.1,1,ACTIVE
MS008978,2026-08-26 16:28:05+00:00,S02,2,S01,S03,60.0,56.76,1,ACTIVE
MS008979,2026-08-26 16:28:10+00:00,S03,3,S02,S04,60.0,58.43,1,ACTIVE
MS008980,2026-08-26 16:28:15+00:00,S04,4,S03,S05,60.0,57.79,1,ACTIVE
MS008981,2026-08-26 16:28:20+00:00,S05,5,S04,S06,60.0,55.38,1,ACTIVE
MS008982,2026-08-26 16:28:25+00:00,S06,6,S05,S07,60.0,58.9,1,ACTIVE
MS008983,2026-08-26 16:28:30+00:00,S07,7,S06,S08,60.0,58.04,1,ACTIVE
MS008984,2026-08-26 16:28:35+00:00,S08,8,S07,S09,60.0,58.14,1,ACTIVE
MS008985,2026-08-26 16:28:40+00:00,S09,9,S08,S10,60.0,55.51,1,ACTIVE
MS008986,2026-08-26 16:28:45+00:00,S10,10,S09,S11,60.0,56.8,1,ACTIVE
MS008987,2026-08-26 16:28:50+00:00,S11,11,S10,S12,60.0,56.48,1,ACTIVE
MS008988,2026-08-26 16:28:55+00:00,S12,12,S11,,60.0,58.71,1,ACTIVE
MS008989,2026-08-26 16:29:00+00:00,S01,1,,S02,60.0,58.1,1,ACTIVE
MS008990,2026-08-26 16:29:05+00:00,S02,2,S01,S03,60.0,56.76,1,ACTIVE
MS008991,2026-08-26 16:29:10+00:00,S03,3,S02,S04,60.0,58.43,1,ACTIVE
MS008992,2026-08-26 16:29:15+00:00,S04,4,S03,S05,60.0,57.79,1,ACTIVE
MS008993,2026-08-26 16:29:20+00:00,S05,5,S04,S06,60.0,55.38,1,ACTIVE
MS008994,2026-08-26 16:29:25+00:00,S06,6,S05,S07,60.0,58.9,1,ACTIVE
MS008995,2026-08-26 16:29:30+00:00,S07,7,S06,S08,60.0,58.04,1,ACTIVE
MS008996,2026-08-26 16:29:35+00:00,S08,8,S07,S09,60.0,58.14,1,ACTIVE
MS008997,2026-08-26 16:29:40+00:00,S09,9,S08,S10,60.0,55.51,1,ACTIVE
MS008998,2026-08-26 16:29:45+00:00,S10,10,S09,S11,60.0,56.8,1,ACTIVE
MS008999,2026-08-26 16:29:50+00:00,S11,11,S10,S12,60.0,56.48,1,ACTIVE
MS009000,2026-08-26 16:29:55+00:00,S12,12,S11,,60.0,58.71,1,ACTIVE
MS009001,2026-08-26 16:30:00+00:00,S01,1,,S02,60.0,58.1,1,ACTIVE
MS009002,2026-08-26 16:30:05+00:00,S02,2,S01,S03,60.0,56.76,1,ACTIVE
MS009003,2026-08-26 16:30:10+00:00,S03,3,S02,S04,60.0,58.43,1,ACTIVE
MS009004,2026-08-26 16:30:15+00:00,S04,4,S03,S05,60.0,57.79,1,ACTIVE
MS009005,2026-08-26 16:30:20+00:00,S05,5,S04,S06,60.0,55.38,1,ACTIVE
MS009006,2026-08-26 16:30:25+00:00,S06,6,S05,S07,60.0,58.9,1,ACTIVE
MS009007,2026-08-26 16:30:30+00:00,S07,7,S06,S08,60.0,58.04,1,ACTIVE
MS009008,2026-08-26 16:30:35+00:00,S08,8,S07,S09,60.0,58.14,1,ACTIVE
MS009009,2026-08-26 16:30:40+00:00,S09,9,S08,S10,60.0,55.51,1,ACTIVE
MS009010,2026-08-26 16:30:45+00:00,S10,10,S09,S11,60.0,56.8,1,ACTIVE
MS009011,2026-08-26 16:30:50+00:00,S11,11,S10,S12,60.0,56.48,1,ACTIVE
MS009012,2026-08-26 16:30:55+00:00,S12,12,S11,,60.0,58.71,1,ACTIVE
MS009013,2026-08-26 16:31:00+00:00,S01,1,,S02,60.0,58.1,1,ACTIVE
MS009014,2026-08-26 16:31:05+00:00,S02,2,S01,S03,60.0,56.76,1,ACTIVE
MS009015,2026-08-26 16:31:10+00:00,S03,3,S02,S04,60.0,58.43,1,ACTIVE
MS009016,2026-08-26 16:31:15+00:00,S04,4,S03,S05,60.0,57.79,1,ACTIVE
MS009017,2026-08-26 16:31:20+00:00,S05,5,S04,S06,60.0,55.38,1,ACTIVE
MS009018,2026-08-26 16:31:25+00:00,S06,6,S05,S07,60.0,58.9,1,ACTIVE
MS009019,2026-08-26 16:31:30+00:00,S07,7,S06,S08,60.0,58.04,1,ACTIVE
MS009020,2026-08-26 16:31:35+00:00,S08,8,S07,S09,60.0,58.14,1,ACTIVE
MS009021,2026-08-26 16:31:40+00:00,S09,9,S08,S10,60.0,55.51,1,ACTIVE
MS009022,2026-08-26 16:31:45+00:00,S10,10,S09,S11,60.0,56.8,1,ACTIVE
MS009023,2026-08-26 16:31:50+00:00,S11,11,S10,S12,60.0,56.48,1,ACTIVE
MS009024,2026-08-26 16:31:55+00:00,S12,12,S11,,60.0,58.71,1,ACTIVE
MS009025,2026-08-26 16:32:00+00:00,S01,1,,S02,60.0,58.1,1,ACTIVE
MS009026,2026-08-26 16:32:05+00:00,S02,2,S01,S03,60.0,56.76,1,ACTIVE
MS009027,2026-08-26 16:32:10+00:00,S03,3,S02,S04,60.0,58.43,1,ACTIVE
MS009028,2026-08-26 16:32:15+00:00,S04,4,S03,S05,60.0,57.79,1,ACTIVE
MS009029,2026-08-26 16:32:20+00:00,S05,5,S04,S06,60.0,55.38,1,ACTIVE
MS009030,2026-08-26 16:32:25+00:00,S06,6,S05,S07,60.0,58.9,1,ACTIVE
MS009031,2026-08-26 16:32:30+00:00,S07,7,S06,S08,60.0,58.04,1,ACTIVE
MS009032,2026-08-26 16:32:35+00:00,S08,8,S07,S09,60.0,58.14,1,ACTIVE
MS009033,2026-08-26 16:32:40+00:00,S09,9,S08,S10,60.0,55.51,1,ACTIVE
MS009034,2026-08-26 16:32:45+00:00,S10,10,S09,S11,60.0,56.8,1,ACTIVE
MS009035,2026-08-26 16:32:50+00:00,S11,11,S10,S12,60.0,56.48,1,ACTIVE
MS009036,2026-08-26 16:32:55+00:00,S12,12,S11,,60.0,58.71,1,ACTIVE
MS009037,2026-08-26 16:33:00+00:00,S01,1,,S02,60.0,58.1,1,ACTIVE
MS009038,2026-08-26 16:33:05+00:00,S02,2,S01,S03,60.0,56.76,1,ACTIVE
MS009039,2026-08-26 16:33:10+00:00,S03,3,S02,S04,60.0,58.43,1,ACTIVE
MS009040,2026-08-26 16:33:15+00:00,S04,4,S03,S05,60.0,57.79,1,ACTIVE
MS009041,2026-08-26 16:33:20+00:00,S05,5,S04,S06,60.0,55.38,1,ACTIVE
MS009042,2026-08-26 16:33:25+00:00,S06,6,S05,S07,60.0,58.9,1,ACTIVE
MS009043,2026-08-26 16:33:30+00:00,S07,7,S06,S08,60.0,58.04,1,ACTIVE
MS009044,2026-08-26 16:33:35+00:00,S08,8,S07,S09,60.0,58.14,1,ACTIVE
MS009045,2026-08-26 16:33:40+00:00,S09,9,S08,S10,60.0,55.51,1,ACTIVE
MS009046,2026-08-26 16:33:45+00:00,S10,10,S09,S11,60.0,56.8,1,ACTIVE
MS009047,2026-08-26 16:33:50+00:00,S11,11,S10,S12,60.0,56.48,1,ACTIVE
MS009048,2026-08-26 16:33:55+00:00,S12,12,S11,,60.0,58.71,1,ACTIVE
MS009049,2026-08-26 16:34:00+00:00,S01,1,,S02,60.0,58.1,1,ACTIVE
MS009050,2026-08-26 16:34:05+00:00,S02,2,S01,S03,60.0,56.76,1,ACTIVE
MS009051,2026-08-26 16:34:10+00:00,S03,3,S02,S04,60.0,58.43,1,ACTIVE
MS009052,2026-08-26 16:34:15+00:00,S04,4,S03,S05,60.0,57.79,1,ACTIVE
MS009053,2026-08-26 16:34:20+00:00,S05,5,S04,S06,60.0,55.38,1,ACTIVE
MS009054,2026-08-26 16:34:25+00:00,S06,6,S05,S07,60.0,58.9,1,ACTIVE
MS009055,2026-08-26 16:34:30+00:00,S07,7,S06,S08,60.0,58.04,1,ACTIVE
MS009056,2026-08-26 16:34:35+00:00,S08,8,S07,S09,60.0,58.14,1,ACTIVE
MS009057,2026-08-26 16:34:40+00:00,S09,9,S08,S10,60.0,55.51,1,ACTIVE
MS009058,2026-08-26 16:34:45+00:00,S10,10,S09,S11,60.0,56.8,1,ACTIVE
MS009059,2026-08-26 16:34:50+00:00,S11,11,S10,S12,60.0,56.48,1,ACTIVE
MS009060,2026-08-26 16:34:55+00:00,S12,12,S11,,60.0,58.71,1,ACTIVE
MS009061,2026-08-26 16:35:00+00:00,S01,1,,S02,60.0,58.1,1,ACTIVE
MS009062,2026-08-26 16:35:05+00:00,S02,2,S01,S03,60.0,56.76,1,ACTIVE
MS009063,2026-08-26 16:35:10+00:00,S03,3,S02,S04,60.0,58.43,1,ACTIVE
MS009064,2026-08-26 16:35:15+00:00,S04,4,S03,S05,60.0,57.79,1,ACTIVE
MS009065,2026-08-26 16:35:20+00:00,S05,5,S04,S06,60.0,55.38,1,ACTIVE
MS009066,2026-08-26 16:35:25+00:00,S06,6,S05,S07,60.0,58.9,1,ACTIVE
MS009067,2026-08-26 16:35:30+00:00,S07,7,S06,S08,60.0,58.04,1,ACTIVE
MS009068,2026-08-26 16:35:35+00:00,S08,8,S07,S09,60.0,58.14,1,ACTIVE
MS009069,2026-08-26 16:35:40+00:00,S09,9,S08,S10,60.0,55.51,1,ACTIVE
MS009070,2026-08-26 16:35:45+00:00,S10,10,S09,S11,60.0,56.8,1,ACTIVE
MS009071,2026-08-26 16:35:50+00:00,S11,11,S10,S12,60.0,56.48,1,ACTIVE
MS009072,2026-08-26 16:35:55+00:00,S12,12,S11,,60.0,58.71,1,ACTIVE
MS009073,2026-08-26 16:36:00+00:00,S01,1,,S02,60.0,58.1,1,ACTIVE
MS009074,2026-08-26 16:36:05+00:00,S02,2,S01,S03,60.0,56.76,1,ACTIVE
MS009075,2026-08-26 16:36:10+00:00,S03,3,S02,S04,60.0,58.43,1,ACTIVE
MS009076,2026-08-26 16:36:15+00:00,S04,4,S03,S05,60.0,57.79,1,ACTIVE
MS009077,2026-08-26 16:36:20+00:00,S05,5,S04,S06,60.0,55.38,1,ACTIVE
MS009078,2026-08-26 16:36:25+00:00,S06,6,S05,S07,60.0,58.9,1,ACTIVE
MS009079,2026-08-26 16:36:30+00:00,S07,7,S06,S08,60.0,58.04,1,ACTIVE
MS009080,2026-08-26 16:36:35+00:00,S08,8,S07,S09,60.0,58.14,1,ACTIVE
MS009081,2026-08-26 16:36:40+00:00,S09,9,S08,S10,60.0,55.51,1,ACTIVE
MS009082,2026-08-26 16:36:45+00:00,S10,10,S09,S11,60.0,56.8,1,ACTIVE
MS009083,2026-08-26 16:36:50+00:00,S11,11,S10,S12,60.0,56.48,1,ACTIVE
MS009084,2026-08-26 16:36:55+00:00,S12,12,S11,,60.0,58.71,1,ACTIVE
MS009085,2026-08-26 16:37:00+00:00,S01,1,,S02,60.0,58.1,1,ACTIVE
MS009086,2026-08-26 16:37:05+00:00,S02,2,S01,S03,60.0,56.76,1,ACTIVE
MS009087,2026-08-26 16:37:10+00:00,S03,3,S02,S04,60.0,58.43,1,ACTIVE
MS009088,2026-08-26 16:37:15+00:00,S04,4,S03,S05,60.0,57.79,1,ACTIVE
MS009089,2026-08-26 16:37:20+00:00,S05,5,S04,S06,60.0,55.38,1,ACTIVE
MS009090,2026-08-26 16:37:25+00:00,S06,6,S05,S07,60.0,58.9,1,ACTIVE
MS009091,2026-08-26 16:37:30+00:00,S07,7,S06,S08,60.0,58.04,1,ACTIVE
MS009092,2026-08-26 16:37:35+00:00,S08,8,S07,S09,60.0,58.14,1,ACTIVE
MS009093,2026-08-26 16:37:40+00:00,S09,9,S08,S10,60.0,55.51,1,ACTIVE
MS009094,2026-08-26 16:37:45+00:00,S10,10,S09,S11,60.0,56.8,1,ACTIVE
MS009095,2026-08-26 16:37:50+00:00,S11,11,S10,S12,60.0,56.48,1,ACTIVE
MS009096,2026-08-26 16:37:55+00:00,S12,12,S11,,60.0,58.71,1,ACTIVE
MS009097,2026-08-26 16:38:00+00:00,S01,1,,S02,60.0,58.1,1,ACTIVE
MS009098,2026-08-26 16:38:05+00:00,S02,2,S01,S03,60.0,56.76,1,ACTIVE
MS009099,2026-08-26 16:38:10+00:00,S03,3,S02,S04,60.0,58.43,1,ACTIVE
MS009100,2026-08-26 16:38:15+00:00,S04,4,S03,S05,60.0,57.79,1,ACTIVE
MS009101,2026-08-26 16:38:20+00:00,S05,5,S04,S06,60.0,55.38,1,ACTIVE
MS009102,2026-08-26 16:38:25+00:00,S06,6,S05,S07,60.0,58.9,1,ACTIVE
MS009103,2026-08-26 16:38:30+00:00,S07,7,S06,S08,60.0,58.04,1,ACTIVE
MS009104,2026-08-26 16:38:35+00:00,S08,8,S07,S09,60.0,58.14,1,ACTIVE
MS009105,2026-08-26 16:38:40+00:00,S09,9,S08,S10,60.0,55.51,1,ACTIVE
MS009106,2026-08-26 16:38:45+00:00,S10,10,S09,S11,60.0,56.8,1,ACTIVE
MS009107,2026-08-26 16:38:50+00:00,S11,11,S10,S12,60.0,56.48,1,ACTIVE
MS009108,2026-08-26 16:38:55+00:00,S12,12,S11,,60.0,58.71,1,ACTIVE
MS009109,2026-08-26 16:39:00+00:00,S01,1,,S02,60.0,58.1,1,ACTIVE
MS009110,2026-08-26 16:39:05+00:00,S02,2,S01,S03,60.0,56.76,1,ACTIVE
MS009111,2026-08-26 16:39:10+00:00,S03,3,S02,S04,60.0,58.43,1,ACTIVE
MS009112,2026-08-26 16:39:15+00:00,S04,4,S03,S05,60.0,57.79,1,ACTIVE
MS009113,2026-08-26 16:39:20+00:00,S05,5,S04,S06,60.0,55.38,1,ACTIVE
MS009114,2026-08-26 16:39:25+00:00,S06,6,S05,S07,60.0,58.9,1,ACTIVE
MS009115,2026-08-26 16:39:30+00:00,S07,7,S06,S08,60.0,58.04,1,ACTIVE
MS009116,2026-08-26 16:39:35+00:00,S08,8,S07,S09,60.0,58.14,1,ACTIVE
MS009117,2026-08-26 16:39:40+00:00,S09,9,S08,S10,60.0,55.51,1,ACTIVE
MS009118,2026-08-26 16:39:45+00:00,S10,10,S09,S11,60.0,56.8,1,ACTIVE
MS009119,2026-08-26 16:39:50+00:00,S11,11,S10,S12,60.0,56.48,1,ACTIVE
MS009120,2026-08-26 16:39:55+00:00,S12,12,S11,,60.0,58.71,1,ACTIVE
MS009121,2026-08-26 16:40:00+00:00,S01,1,,S02,60.0,58.1,1,ACTIVE
MS009122,2026-08-26 16:40:05+00:00,S02,2,S01,S03,60.0,56.76,1,ACTIVE
MS009123,2026-08-26 16:40:10+00:00,S03,3,S02,S04,60.0,58.43,1,ACTIVE
MS009124,2026-08-26 16:40:15+00:00,S04,4,S03,S05,60.0,57.79,1,ACTIVE
MS009125,2026-08-26 16:40:20+00:00,S05,5,S04,S06,60.0,55.38,1,ACTIVE
MS009126,2026-08-26 16:40:25+00:00,S06,6,S05,S07,60.0,58.9,1,ACTIVE
MS009127,2026-08-26 16:40:30+00:00,S07,7,S06,S08,60.0,58.04,1,ACTIVE
MS009128,2026-08-26 16:40:35+00:00,S08,8,S07,S09,60.0,58.14,1,ACTIVE
MS009129,2026-08-26 16:40:40+00:00,S09,9,S08,S10,60.0,55.51,1,ACTIVE
MS009130,2026-08-26 16:40:45+00:00,S10,10,S09,S11,60.0,56.8,1,ACTIVE
MS009131,2026-08-26 16:40:50+00:00,S11,11,S10,S12,60.0,56.48,1,ACTIVE
MS009132,2026-08-26 16:40:55+00:00,S12,12,S11,,60.0,58.71,1,ACTIVE
MS009133,2026-08-26 16:41:00+00:00,S01,1,,S02,60.0,58.1,1,ACTIVE
MS009134,2026-08-26 16:41:05+00:00,S02,2,S01,S03,60.0,56.76,1,ACTIVE
MS009135,2026-08-26 16:41:10+00:00,S03,3,S02,S04,60.0,58.43,1,ACTIVE
MS009136,2026-08-26 16:41:15+00:00,S04,4,S03,S05,60.0,57.79,1,ACTIVE
MS009137,2026-08-26 16:41:20+00:00,S05,5,S04,S06,60.0,55.38,1,ACTIVE
MS009138,2026-08-26 16:41:25+00:00,S06,6,S05,S07,60.0,58.9,1,ACTIVE
MS009139,2026-08-26 16:41:30+00:00,S07,7,S06,S08,60.0,58.04,1,ACTIVE
MS009140,2026-08-26 16:41:35+00:00,S08,8,S07,S09,60.0,58.14,1,ACTIVE
MS009141,2026-08-26 16:41:40+00:00,S09,9,S08,S10,60.0,55.51,1,ACTIVE
MS009142,2026-08-26 16:41:45+00:00,S10,10,S09,S11,60.0,56.8,1,ACTIVE
MS009143,2026-08-26 16:41:50+00:00,S11,11,S10,S12,60.0,56.48,1,ACTIVE
MS009144,2026-08-26 16:41:55+00:00,S12,12,S11,,60.0,58.71,1,ACTIVE
MS009145,2026-08-26 16:42:00+00:00,S01,1,,S02,60.0,58.1,1,ACTIVE
MS009146,2026-08-26 16:42:05+00:00,S02,2,S01,S03,60.0,56.76,1,ACTIVE
MS009147,2026-08-26 16:42:10+00:00,S03,3,S02,S04,60.0,58.43,1,ACTIVE
MS009148,2026-08-26 16:42:15+00:00,S04,4,S03,S05,60.0,57.79,1,ACTIVE
MS009149,2026-08-26 16:42:20+00:00,S05,5,S04,S06,60.0,55.38,1,ACTIVE
MS009150,2026-08-26 16:42:25+00:00,S06,6,S05,S07,60.0,58.9,1,ACTIVE
MS009151,2026-08-26 16:42:30+00:00,S07,7,S06,S08,60.0,58.04,1,ACTIVE
MS009152,2026-08-26 16:42:35+00:00,S08,8,S07,S09,60.0,58.14,1,ACTIVE
MS009153,2026-08-26 16:42:40+00:00,S09,9,S08,S10,60.0,55.51,1,ACTIVE
MS009154,2026-08-26 16:42:45+00:00,S10,10,S09,S11,60.0,56.8,1,ACTIVE
MS009155,2026-08-26 16:42:50+00:00,S11,11,S10,S12,60.0,56.48,1,ACTIVE
MS009156,2026-08-26 16:42:55+00:00,S12,12,S11,,60.0,58.71,1,ACTIVE
MS009157,2026-08-26 16:43:00+00:00,S01,1,,S02,60.0,58.1,1,ACTIVE
MS009158,2026-08-26 16:43:05+00:00,S02,2,S01,S03,60.0,56.76,1,ACTIVE
MS009159,2026-08-26 16:43:10+00:00,S03,3,S02,S04,60.0,58.43,1,ACTIVE
MS009160,2026-08-26 16:43:15+00:00,S04,4,S03,S05,60.0,57.79,1,ACTIVE
MS009161,2026-08-26 16:43:20+00:00,S05,5,S04,S06,60.0,55.38,1,ACTIVE
MS009162,2026-08-26 16:43:25+00:00,S06,6,S05,S07,60.0,58.9,1,ACTIVE
MS009163,2026-08-26 16:43:30+00:00,S07,7,S06,S08,60.0,58.04,1,ACTIVE
MS009164,2026-08-26 16:43:35+00:00,S08,8,S07,S09,60.0,58.14,1,ACTIVE
MS009165,2026-08-26 16:43:40+00:00,S09,9,S08,S10,60.0,55.51,1,ACTIVE
MS009166,2026-08-26 16:43:45+00:00,S10,10,S09,S11,60.0,56.8,1,ACTIVE
MS009167,2026-08-26 16:43:50+00:00,S11,11,S10,S12,60.0,56.48,1,ACTIVE
MS009168,2026-08-26 16:43:55+00:00,S12,12,S11,,60.0,58.71,1,ACTIVE
MS009169,2026-08-26 16:44:00+00:00,S01,1,,S02,60.0,58.1,1,ACTIVE
MS009170,2026-08-26 16:44:05+00:00,S02,2,S01,S03,60.0,56.76,1,ACTIVE
MS009171,2026-08-26 16:44:10+00:00,S03,3,S02,S04,60.0,58.43,1,ACTIVE
MS009172,2026-08-26 16:44:15+00:00,S04,4,S03,S05,60.0,57.79,1,ACTIVE
MS009173,2026-08-26 16:44:20+00:00,S05,5,S04,S06,60.0,55.38,1,ACTIVE
MS009174,2026-08-26 16:44:25+00:00,S06,6,S05,S07,60.0,58.9,1,ACTIVE
MS009175,2026-08-26 16:44:30+00:00,S07,7,S06,S08,60.0,58.04,1,ACTIVE
MS009176,2026-08-26 16:44:35+00:00,S08,8,S07,S09,60.0,58.14,1,ACTIVE
MS009177,2026-08-26 16:44:40+00:00,S09,9,S08,S10,60.0,55.51,1,ACTIVE
MS009178,2026-08-26 16:44:45+00:00,S10,10,S09,S11,60.0,56.8,1,ACTIVE
MS009179,2026-08-26 16:44:50+00:00,S11,11,S10,S12,60.0,56.48,1,ACTIVE
MS009180,2026-08-26 16:44:55+00:00,S12,12,S11,,60.0,58.71,1,ACTIVE
MS009181,2026-08-26 16:45:00+00:00,S01,1,,S02,60.0,58.1,1,ACTIVE
MS009182,2026-08-26 16:45:05+00:00,S02,2,S01,S03,60.0,56.76,1,ACTIVE
MS009183,2026-08-26 16:45:10+00:00,S03,3,S02,S04,60.0,58.43,1,ACTIVE
MS009184,2026-08-26 16:45:15+00:00,S04,4,S03,S05,60.0,57.79,1,ACTIVE
MS009185,2026-08-26 16:45:20+00:00,S05,5,S04,S06,60.0,55.38,1,ACTIVE
MS009186,2026-08-26 16:45:25+00:00,S06,6,S05,S07,60.0,58.9,1,ACTIVE
MS009187,2026-08-26 16:45:30+00:00,S07,7,S06,S08,60.0,58.04,1,ACTIVE
MS009188,2026-08-26 16:45:35+00:00,S08,8,S07,S09,60.0,58.14,1,ACTIVE
MS009189,2026-08-26 16:45:40+00:00,S09,9,S08,S10,60.0,55.51,1,ACTIVE
MS009190,2026-08-26 16:45:45+00:00,S10,10,S09,S11,60.0,56.8,1,ACTIVE
MS009191,2026-08-26 16:45:50+00:00,S11,11,S10,S12,60.0,56.48,1,ACTIVE
MS009192,2026-08-26 16:45:55+00:00,S12,12,S11,,60.0,58.71,1,ACTIVE
MS009193,2026-08-26 16:46:00+00:00,S01,1,,S02,60.0,58.1,1,ACTIVE
MS009194,2026-08-26 16:46:05+00:00,S02,2,S01,S03,60.0,56.76,1,ACTIVE
MS009195,2026-08-26 16:46:10+00:00,S03,3,S02,S04,60.0,58.43,1,ACTIVE
MS009196,2026-08-26 16:46:15+00:00,S04,4,S03,S05,60.0,57.79,1,ACTIVE
MS009197,2026-08-26 16:46:20+00:00,S05,5,S04,S06,60.0,55.38,1,ACTIVE
MS009198,2026-08-26 16:46:25+00:00,S06,6,S05,S07,60.0,58.9,1,ACTIVE
MS009199,2026-08-26 16:46:30+00:00,S07,7,S06,S08,60.0,58.04,1,ACTIVE
MS009200,2026-08-26 16:46:35+00:00,S08,8,S07,S09,60.0,58.14,1,ACTIVE
MS009201,2026-08-26 16:46:40+00:00,S09,9,S08,S10,60.0,55.51,1,ACTIVE
MS009202,2026-08-26 16:46:45+00:00,S10,10,S09,S11,60.0,56.8,1,ACTIVE
MS009203,2026-08-26 16:46:50+00:00,S11,11,S10,S12,60.0,56.48,1,ACTIVE
MS009204,2026-08-26 16:46:55+00:00,S12,12,S11,,60.0,58.71,1,ACTIVE
MS009205,2026-08-26 16:47:00+00:00,S01,1,,S02,60.0,58.1,1,ACTIVE
MS009206,2026-08-26 16:47:05+00:00,S02,2,S01,S03,60.0,56.76,1,ACTIVE
MS009207,2026-08-26 16:47:10+00:00,S03,3,S02,S04,60.0,58.43,1,ACTIVE
MS009208,2026-08-26 16:47:15+00:00,S04,4,S03,S05,60.0,57.79,1,ACTIVE
MS009209,2026-08-26 16:47:20+00:00,S05,5,S04,S06,60.0,55.38,1,ACTIVE
MS009210,2026-08-26 16:47:25+00:00,S06,6,S05,S07,60.0,58.9,1,ACTIVE
MS009211,2026-08-26 16:47:30+00:00,S07,7,S06,S08,60.0,58.04,1,ACTIVE
MS009212,2026-08-26 16:47:35+00:00,S08,8,S07,S09,60.0,58.14,1,ACTIVE
MS009213,2026-08-26 16:47:40+00:00,S09,9,S08,S10,60.0,55.51,1,ACTIVE
MS009214,2026-08-26 16:47:45+00:00,S10,10,S09,S11,60.0,56.8,1,ACTIVE
MS009215,2026-08-26 16:47:50+00:00,S11,11,S10,S12,60.0,56.48,1,ACTIVE
MS009216,2026-08-26 16:47:55+00:00,S12,12,S11,,60.0,58.71,1,ACTIVE
MS009217,2026-08-26 16:48:00+00:00,S01,1,,S02,60.0,58.1,1,ACTIVE
MS009218,2026-08-26 16:48:05+00:00,S02,2,S01,S03,60.0,56.76,1,ACTIVE
MS009219,2026-08-26 16:48:10+00:00,S03,3,S02,S04,60.0,58.43,1,ACTIVE
MS009220,2026-08-26 16:48:15+00:00,S04,4,S03,S05,60.0,57.79,1,ACTIVE
MS009221,2026-08-26 16:48:20+00:00,S05,5,S04,S06,60.0,55.38,1,ACTIVE
MS009222,2026-08-26 16:48:25+00:00,S06,6,S05,S07,60.0,58.9,1,ACTIVE
MS009223,2026-08-26 16:48:30+00:00,S07,7,S06,S08,60.0,58.04,1,ACTIVE
MS009224,2026-08-26 16:48:35+00:00,S08,8,S07,S09,60.0,58.14,1,ACTIVE
MS009225,2026-08-26 16:48:40+00:00,S09,9,S08,S10,60.0,55.51,1,ACTIVE
MS009226,2026-08-26 16:48:45+00:00,S10,10,S09,S11,60.0,56.8,1,ACTIVE
MS009227,2026-08-26 16:48:50+00:00,S11,11,S10,S12,60.0,56.48,1,ACTIVE
MS009228,2026-08-26 16:48:55+00:00,S12,12,S11,,60.0,58.71,1,ACTIVE
MS009229,2026-08-26 16:49:00+00:00,S01,1,,S02,60.0,58.1,1,ACTIVE
MS009230,2026-08-26 16:49:05+00:00,S02,2,S01,S03,60.0,56.76,1,ACTIVE
MS009231,2026-08-26 16:49:10+00:00,S03,3,S02,S04,60.0,58.43,1,ACTIVE
MS009232,2026-08-26 16:49:15+00:00,S04,4,S03,S05,60.0,57.79,1,ACTIVE
MS009233,2026-08-26 16:49:20+00:00,S05,5,S04,S06,60.0,55.38,1,ACTIVE
MS009234,2026-08-26 16:49:25+00:00,S06,6,S05,S07,60.0,58.9,1,ACTIVE
MS009235,2026-08-26 16:49:30+00:00,S07,7,S06,S08,60.0,58.04,1,ACTIVE
MS009236,2026-08-26 16:49:35+00:00,S08,8,S07,S09,60.0,58.14,1,ACTIVE
MS009237,2026-08-26 16:49:40+00:00,S09,9,S08,S10,60.0,55.51,1,ACTIVE
MS009238,2026-08-26 16:49:45+00:00,S10,10,S09,S11,60.0,56.8,1,ACTIVE
MS009239,2026-08-26 16:49:50+00:00,S11,11,S10,S12,60.0,56.48,1,ACTIVE
MS009240,2026-08-26 16:49:55+00:00,S12,12,S11,,60.0,58.71,1,ACTIVE
MS009241,2026-08-26 16:50:00+00:00,S01,1,,S02,60.0,58.1,1,ACTIVE
MS009242,2026-08-26 16:50:05+00:00,S02,2,S01,S03,60.0,56.76,1,ACTIVE
MS009243,2026-08-26 16:50:10+00:00,S03,3,S02,S04,60.0,58.43,1,ACTIVE
MS009244,2026-08-26 16:50:15+00:00,S04,4,S03,S05,60.0,57.79,1,ACTIVE
MS009245,2026-08-26 16:50:20+00:00,S05,5,S04,S06,60.0,55.38,1,ACTIVE
MS009246,2026-08-26 16:50:25+00:00,S06,6,S05,S07,60.0,58.9,1,ACTIVE
MS009247,2026-08-26 16:50:30+00:00,S07,7,S06,S08,60.0,58.04,1,ACTIVE
MS009248,2026-08-26 16:50:35+00:00,S08,8,S07,S09,60.0,58.14,1,ACTIVE
MS009249,2026-08-26 16:50:40+00:00,S09,9,S08,S10,60.0,55.51,1,ACTIVE
MS009250,2026-08-26 16:50:45+00:00,S10,10,S09,S11,60.0,56.8,1,ACTIVE
MS009251,2026-08-26 16:50:50+00:00,S11,11,S10,S12,60.0,56.48,1,ACTIVE
MS009252,2026-08-26 16:50:55+00:00,S12,12,S11,,60.0,58.71,1,ACTIVE
MS009253,2026-08-26 16:51:00+00:00,S01,1,,S02,60.0,58.1,1,ACTIVE
MS009254,2026-08-26 16:51:05+00:00,S02,2,S01,S03,60.0,56.76,1,ACTIVE
MS009255,2026-08-26 16:51:10+00:00,S03,3,S02,S04,60.0,58.43,1,ACTIVE
MS009256,2026-08-26 16:51:15+00:00,S04,4,S03,S05,60.0,57.79,1,ACTIVE
MS009257,2026-08-26 16:51:20+00:00,S05,5,S04,S06,60.0,55.38,1,ACTIVE
MS009258,2026-08-26 16:51:25+00:00,S06,6,S05,S07,60.0,58.9,1,ACTIVE
MS009259,2026-08-26 16:51:30+00:00,S07,7,S06,S08,60.0,58.04,1,ACTIVE
MS009260,2026-08-26 16:51:35+00:00,S08,8,S07,S09,60.0,58.14,1,ACTIVE
MS009261,2026-08-26 16:51:40+00:00,S09,9,S08,S10,60.0,55.51,1,ACTIVE
MS009262,2026-08-26 16:51:45+00:00,S10,10,S09,S11,60.0,56.8,1,ACTIVE
MS009263,2026-08-26 16:51:50+00:00,S11,11,S10,S12,60.0,56.48,1,ACTIVE
MS009264,2026-08-26 16:51:55+00:00,S12,12,S11,,60.0,58.71,1,ACTIVE
MS009265,2026-08-26 16:52:00+00:00,S01,1,,S02,60.0,58.1,1,ACTIVE
MS009266,2026-08-26 16:52:05+00:00,S02,2,S01,S03,60.0,56.76,1,ACTIVE
MS009267,2026-08-26 16:52:10+00:00,S03,3,S02,S04,60.0,58.43,1,ACTIVE
MS009268,2026-08-26 16:52:15+00:00,S04,4,S03,S05,60.0,57.79,1,ACTIVE
MS009269,2026-08-26 16:52:20+00:00,S05,5,S04,S06,60.0,55.38,1,ACTIVE
MS009270,2026-08-26 16:52:25+00:00,S06,6,S05,S07,60.0,58.9,1,ACTIVE
MS009271,2026-08-26 16:52:30+00:00,S07,7,S06,S08,60.0,58.04,1,ACTIVE
MS009272,2026-08-26 16:52:35+00:00,S08,8,S07,S09,60.0,58.14,1,ACTIVE
MS009273,2026-08-26 16:52:40+00:00,S09,9,S08,S10,60.0,55.51,1,ACTIVE
MS009274,2026-08-26 16:52:45+00:00,S10,10,S09,S11,60.0,56.8,1,ACTIVE
MS009275,2026-08-26 16:52:50+00:00,S11,11,S10,S12,60.0,56.48,1,ACTIVE
MS009276,2026-08-26 16:52:55+00:00,S12,12,S11,,60.0,58.71,1,ACTIVE
MS009277,2026-08-26 16:53:00+00:00,S01,1,,S02,60.0,58.1,1,ACTIVE
MS009278,2026-08-26 16:53:05+00:00,S02,2,S01,S03,60.0,56.76,1,ACTIVE
MS009279,2026-08-26 16:53:10+00:00,S03,3,S02,S04,60.0,58.43,1,ACTIVE
MS009280,2026-08-26 16:53:15+00:00,S04,4,S03,S05,60.0,57.79,1,ACTIVE
MS009281,2026-08-26 16:53:20+00:00,S05,5,S04,S06,60.0,55.38,1,ACTIVE
MS009282,2026-08-26 16:53:25+00:00,S06,6,S05,S07,60.0,58.9,1,ACTIVE
MS009283,2026-08-26 16:53:30+00:00,S07,7,S06,S08,60.0,58.04,1,ACTIVE
MS009284,2026-08-26 16:53:35+00:00,S08,8,S07,S09,60.0,58.14,1,ACTIVE
MS009285,2026-08-26 16:53:40+00:00,S09,9,S08,S10,60.0,55.51,1,ACTIVE
MS009286,2026-08-26 16:53:45+00:00,S10,10,S09,S11,60.0,56.8,1,ACTIVE
MS009287,2026-08-26 16:53:50+00:00,S11,11,S10,S12,60.0,56.48,1,ACTIVE
MS009288,2026-08-26 16:53:55+00:00,S12,12,S11,,60.0,58.71,1,ACTIVE
MS009289,2026-08-26 16:54:00+00:00,S01,1,,S02,60.0,58.1,1,ACTIVE
MS009290,2026-08-26 16:54:05+00:00,S02,2,S01,S03,60.0,56.76,1,ACTIVE
MS009291,2026-08-26 16:54:10+00:00,S03,3,S02,S04,60.0,58.43,1,ACTIVE
MS009292,2026-08-26 16:54:15+00:00,S04,4,S03,S05,60.0,57.79,1,ACTIVE
MS009293,2026-08-26 16:54:20+00:00,S05,5,S04,S06,60.0,55.38,1,ACTIVE
MS009294,2026-08-26 16:54:25+00:00,S06,6,S05,S07,60.0,58.9,1,ACTIVE
MS009295,2026-08-26 16:54:30+00:00,S07,7,S06,S08,60.0,58.04,1,ACTIVE
MS009296,2026-08-26 16:54:35+00:00,S08,8,S07,S09,60.0,58.14,1,ACTIVE
MS009297,2026-08-26 16:54:40+00:00,S09,9,S08,S10,60.0,55.51,1,ACTIVE
MS009298,2026-08-26 16:54:45+00:00,S10,10,S09,S11,60.0,56.8,1,ACTIVE
MS009299,2026-08-26 16:54:50+00:00,S11,11,S10,S12,60.0,56.48,1,ACTIVE
MS009300,2026-08-26 16:54:55+00:00,S12,12,S11,,60.0,58.71,1,ACTIVE
MS009301,2026-08-26 16:55:00+00:00,S01,1,,S02,60.0,58.1,1,ACTIVE
MS009302,2026-08-26 16:55:05+00:00,S02,2,S01,S03,60.0,56.76,1,ACTIVE
MS009303,2026-08-26 16:55:10+00:00,S03,3,S02,S04,60.0,58.43,1,ACTIVE
MS009304,2026-08-26 16:55:15+00:00,S04,4,S03,S05,60.0,57.79,1,ACTIVE
MS009305,2026-08-26 16:55:20+00:00,S05,5,S04,S06,60.0,55.38,1,ACTIVE
MS009306,2026-08-26 16:55:25+00:00,S06,6,S05,S07,60.0,58.9,1,ACTIVE
MS009307,2026-08-26 16:55:30+00:00,S07,7,S06,S08,60.0,58.04,1,ACTIVE
MS009308,2026-08-26 16:55:35+00:00,S08,8,S07,S09,60.0,58.14,1,ACTIVE
MS009309,2026-08-26 16:55:40+00:00,S09,9,S08,S10,60.0,55.51,1,ACTIVE
MS009310,2026-08-26 16:55:45+00:00,S10,10,S09,S11,60.0,56.8,1,ACTIVE
MS009311,2026-08-26 16:55:50+00:00,S11,11,S10,S12,60.0,56.48,1,ACTIVE
MS009312,2026-08-26 16:55:55+00:00,S12,12,S11,,60.0,58.71,1,ACTIVE
MS009313,2026-08-26 16:56:00+00:00,S01,1,,S02,60.0,58.1,1,ACTIVE
MS009314,2026-08-26 16:56:05+00:00,S02,2,S01,S03,60.0,56.76,1,ACTIVE
MS009315,2026-08-26 16:56:10+00:00,S03,3,S02,S04,60.0,58.43,1,ACTIVE
MS009316,2026-08-26 16:56:15+00:00,S04,4,S03,S05,60.0,57.79,1,ACTIVE
MS009317,2026-08-26 16:56:20+00:00,S05,5,S04,S06,60.0,55.38,1,ACTIVE
MS009318,2026-08-26 16:56:25+00:00,S06,6,S05,S07,60.0,58.9,1,ACTIVE
MS009319,2026-08-26 16:56:30+00:00,S07,7,S06,S08,60.0,58.04,1,ACTIVE
MS009320,2026-08-26 16:56:35+00:00,S08,8,S07,S09,60.0,58.14,1,ACTIVE
MS009321,2026-08-26 16:56:40+00:00,S09,9,S08,S10,60.0,55.51,1,ACTIVE
MS009322,2026-08-26 16:56:45+00:00,S10,10,S09,S11,60.0,56.8,1,ACTIVE
MS009323,2026-08-26 16:56:50+00:00,S11,11,S10,S12,60.0,56.48,1,ACTIVE
MS009324,2026-08-26 16:56:55+00:00,S12,12,S11,,60.0,58.71,1,ACTIVE
MS009325,2026-08-26 16:57:00+00:00,S01,1,,S02,60.0,58.1,1,ACTIVE
MS009326,2026-08-26 16:57:05+00:00,S02,2,S01,S03,60.0,56.76,1,ACTIVE
MS009327,2026-08-26 16:57:10+00:00,S03,3,S02,S04,60.0,58.43,1,ACTIVE
MS009328,2026-08-26 16:57:15+00:00,S04,4,S03,S05,60.0,57.79,1,ACTIVE
MS009329,2026-08-26 16:57:20+00:00,S05,5,S04,S06,60.0,55.38,1,ACTIVE
MS009330,2026-08-26 16:57:25+00:00,S06,6,S05,S07,60.0,58.9,1,ACTIVE
MS009331,2026-08-26 16:57:30+00:00,S07,7,S06,S08,60.0,58.04,1,ACTIVE
MS009332,2026-08-26 16:57:35+00:00,S08,8,S07,S09,60.0,58.14,1,ACTIVE
MS009333,2026-08-26 16:57:40+00:00,S09,9,S08,S10,60.0,55.51,1,ACTIVE
MS009334,2026-08-26 16:57:45+00:00,S10,10,S09,S11,60.0,56.8,1,ACTIVE
MS009335,2026-08-26 16:57:50+00:00,S11,11,S10,S12,60.0,56.48,1,ACTIVE
MS009336,2026-08-26 16:57:55+00:00,S12,12,S11,,60.0,58.71,1,ACTIVE
MS009337,2026-08-26 16:58:00+00:00,S01,1,,S02,60.0,58.1,1,ACTIVE
MS009338,2026-08-26 16:58:05+00:00,S02,2,S01,S03,60.0,56.76,1,ACTIVE
MS009339,2026-08-26 16:58:10+00:00,S03,3,S02,S04,60.0,58.43,1,ACTIVE
MS009340,2026-08-26 16:58:15+00:00,S04,4,S03,S05,60.0,57.79,1,ACTIVE
MS009341,2026-08-26 16:58:20+00:00,S05,5,S04,S06,60.0,55.38,1,ACTIVE
MS009342,2026-08-26 16:58:25+00:00,S06,6,S05,S07,60.0,58.9,1,ACTIVE
MS009343,2026-08-26 16:58:30+00:00,S07,7,S06,S08,60.0,58.04,1,ACTIVE
MS009344,2026-08-26 16:58:35+00:00,S08,8,S07,S09,60.0,58.14,1,ACTIVE
MS009345,2026-08-26 16:58:40+00:00,S09,9,S08,S10,60.0,55.51,1,ACTIVE
MS009346,2026-08-26 16:58:45+00:00,S10,10,S09,S11,60.0,56.8,1,ACTIVE
MS009347,2026-08-26 16:58:50+00:00,S11,11,S10,S12,60.0,56.48,1,ACTIVE
MS009348,2026-08-26 16:58:55+00:00,S12,12,S11,,60.0,58.71,1,ACTIVE
MS009349,2026-08-26 16:59:00+00:00,S01,1,,S02,60.0,58.1,1,ACTIVE
MS009350,2026-08-26 16:59:05+00:00,S02,2,S01,S03,60.0,56.76,1,ACTIVE
MS009351,2026-08-26 16:59:10+00:00,S03,3,S02,S04,60.0,58.43,1,ACTIVE
MS009352,2026-08-26 16:59:15+00:00,S04,4,S03,S05,60.0,57.79,1,ACTIVE
MS009353,2026-08-26 16:59:20+00:00,S05,5,S04,S06,60.0,55.38,1,ACTIVE
MS009354,2026-08-26 16:59:25+00:00,S06,6,S05,S07,60.0,58.9,1,ACTIVE
MS009355,2026-08-26 16:59:30+00:00,S07,7,S06,S08,60.0,58.04,1,ACTIVE
MS009356,2026-08-26 16:59:35+00:00,S08,8,S07,S09,60.0,58.14,1,ACTIVE
MS009357,2026-08-26 16:59:40+00:00,S09,9,S08,S10,60.0,55.51,1,ACTIVE
MS009358,2026-08-26 16:59:45+00:00,S10,10,S09,S11,60.0,56.8,1,ACTIVE
MS009359,2026-08-26 16:59:50+00:00,S11,11,S10,S12,60.0,56.48,1,ACTIVE
MS009360,2026-08-26 16:59:55+00:00,S12,12,S11,,60.0,58.71,1,ACTIVE
MS009361,2026-08-26 17:00:00+00:00,S01,1,,S02,60.0,58.1,1,ACTIVE
MS009362,2026-08-26 17:00:05+00:00,S02,2,S01,S03,60.0,56.76,1,ACTIVE
MS009363,2026-08-26 17:00:10+00:00,S03,3,S02,S04,60.0,58.43,1,ACTIVE
MS009364,2026-08-26 17:00:15+00:00,S04,4,S03,S05,60.0,57.79,1,ACTIVE
MS009365,2026-08-26 17:00:20+00:00,S05,5,S04,S06,60.0,55.38,1,ACTIVE
MS009366,2026-08-26 17:00:25+00:00,S06,6,S05,S07,60.0,58.9,1,ACTIVE
MS009367,2026-08-26 17:00:30+00:00,S07,7,S06,S08,60.0,58.04,1,ACTIVE
MS009368,2026-08-26 17:00:35+00:00,S08,8,S07,S09,60.0,58.14,1,ACTIVE
MS009369,2026-08-26 17:00:40+00:00,S09,9,S08,S10,60.0,55.51,1,ACTIVE
MS009370,2026-08-26 17:00:45+00:00,S10,10,S09,S11,60.0,56.8,1,ACTIVE
MS009371,2026-08-26 17:00:50+00:00,S11,11,S10,S12,60.0,56.48,1,ACTIVE
MS009372,2026-08-26 17:00:55+00:00,S12,12,S11,,60.0,58.71,1,ACTIVE
MS009373,2026-08-26 17:01:00+00:00,S01,1,,S02,60.0,58.1,1,ACTIVE
MS009374,2026-08-26 17:01:05+00:00,S02,2,S01,S03,60.0,56.76,1,ACTIVE
MS009375,2026-08-26 17:01:10+00:00,S03,3,S02,S04,60.0,58.43,1,ACTIVE
MS009376,2026-08-26 17:01:15+00:00,S04,4,S03,S05,60.0,57.79,1,ACTIVE
MS009377,2026-08-26 17:01:20+00:00,S05,5,S04,S06,60.0,55.38,1,ACTIVE
MS009378,2026-08-26 17:01:25+00:00,S06,6,S05,S07,60.0,58.9,1,ACTIVE
MS009379,2026-08-26 17:01:30+00:00,S07,7,S06,S08,60.0,58.04,1,ACTIVE
MS009380,2026-08-26 17:01:35+00:00,S08,8,S07,S09,60.0,58.14,1,ACTIVE
MS009381,2026-08-26 17:01:40+00:00,S09,9,S08,S10,60.0,55.51,1,ACTIVE
MS009382,2026-08-26 17:01:45+00:00,S10,10,S09,S11,60.0,56.8,1,ACTIVE
MS009383,2026-08-26 17:01:50+00:00,S11,11,S10,S12,60.0,56.48,1,ACTIVE
MS009384,2026-08-26 17:01:55+00:00,S12,12,S11,,60.0,58.71,1,ACTIVE
MS009385,2026-08-26 17:02:00+00:00,S01,1,,S02,60.0,58.1,1,ACTIVE
MS009386,2026-08-26 17:02:05+00:00,S02,2,S01,S03,60.0,56.76,1,ACTIVE
MS009387,2026-08-26 17:02:10+00:00,S03,3,S02,S04,60.0,58.43,1,ACTIVE
MS009388,2026-08-26 17:02:15+00:00,S04,4,S03,S05,60.0,57.79,1,ACTIVE
MS009389,2026-08-26 17:02:20+00:00,S05,5,S04,S06,60.0,55.38,1,ACTIVE
MS009390,2026-08-26 17:02:25+00:00,S06,6,S05,S07,60.0,58.9,1,ACTIVE
MS009391,2026-08-26 17:02:30+00:00,S07,7,S06,S08,60.0,58.04,1,ACTIVE
MS009392,2026-08-26 17:02:35+00:00,S08,8,S07,S09,60.0,58.14,1,ACTIVE
MS009393,2026-08-26 17:02:40+00:00,S09,9,S08,S10,60.0,55.51,1,ACTIVE
MS009394,2026-08-26 17:02:45+00:00,S10,10,S09,S11,60.0,56.8,1,ACTIVE
MS009395,2026-08-26 17:02:50+00:00,S11,11,S10,S12,60.0,56.48,1,ACTIVE
MS009396,2026-08-26 17:02:55+00:00,S12,12,S11,,60.0,58.71,1,ACTIVE
MS009397,2026-08-26 17:03:00+00:00,S01,1,,S02,60.0,58.1,1,ACTIVE
MS009398,2026-08-26 17:03:05+00:00,S02,2,S01,S03,60.0,56.76,1,ACTIVE
MS009399,2026-08-26 17:03:10+00:00,S03,3,S02,S04,60.0,58.43,1,ACTIVE
MS009400,2026-08-26 17:03:15+00:00,S04,4,S03,S05,60.0,57.79,1,ACTIVE
MS009401,2026-08-26 17:03:20+00:00,S05,5,S04,S06,60.0,55.38,1,ACTIVE
MS009402,2026-08-26 17:03:25+00:00,S06,6,S05,S07,60.0,58.9,1,ACTIVE
MS009403,2026-08-26 17:03:30+00:00,S07,7,S06,S08,60.0,58.04,1,ACTIVE
MS009404,2026-08-26 17:03:35+00:00,S08,8,S07,S09,60.0,58.14,1,ACTIVE
MS009405,2026-08-26 17:03:40+00:00,S09,9,S08,S10,60.0,55.51,1,ACTIVE
MS009406,2026-08-26 17:03:45+00:00,S10,10,S09,S11,60.0,56.8,1,ACTIVE
MS009407,2026-08-26 17:03:50+00:00,S11,11,S10,S12,60.0,56.48,1,ACTIVE
MS009408,2026-08-26 17:03:55+00:00,S12,12,S11,,60.0,58.71,1,ACTIVE
MS009409,2026-08-26 17:04:00+00:00,S01,1,,S02,60.0,58.1,1,ACTIVE
MS009410,2026-08-26 17:04:05+00:00,S02,2,S01,S03,60.0,56.76,1,ACTIVE
MS009411,2026-08-26 17:04:10+00:00,S03,3,S02,S04,60.0,58.43,1,ACTIVE
MS009412,2026-08-26 17:04:15+00:00,S04,4,S03,S05,60.0,57.79,1,ACTIVE
MS009413,2026-08-26 17:04:20+00:00,S05,5,S04,S06,60.0,55.38,1,ACTIVE
MS009414,2026-08-26 17:04:25+00:00,S06,6,S05,S07,60.0,58.9,1,ACTIVE
MS009415,2026-08-26 17:04:30+00:00,S07,7,S06,S08,60.0,58.04,1,ACTIVE
MS009416,2026-08-26 17:04:35+00:00,S08,8,S07,S09,60.0,58.14,1,ACTIVE
MS009417,2026-08-26 17:04:40+00:00,S09,9,S08,S10,60.0,55.51,1,ACTIVE
MS009418,2026-08-26 17:04:45+00:00,S10,10,S09,S11,60.0,56.8,1,ACTIVE
MS009419,2026-08-26 17:04:50+00:00,S11,11,S10,S12,60.0,56.48,1,ACTIVE
MS009420,2026-08-26 17:04:55+00:00,S12,12,S11,,60.0,58.71,1,ACTIVE
MS009421,2026-08-26 17:05:00+00:00,S01,1,,S02,60.0,58.1,1,ACTIVE
MS009422,2026-08-26 17:05:05+00:00,S02,2,S01,S03,60.0,56.76,1,ACTIVE
MS009423,2026-08-26 17:05:10+00:00,S03,3,S02,S04,60.0,58.43,1,ACTIVE
MS009424,2026-08-26 17:05:15+00:00,S04,4,S03,S05,60.0,57.79,1,ACTIVE
MS009425,2026-08-26 17:05:20+00:00,S05,5,S04,S06,60.0,55.38,1,ACTIVE
MS009426,2026-08-26 17:05:25+00:00,S06,6,S05,S07,60.0,58.9,1,ACTIVE
MS009427,2026-08-26 17:05:30+00:00,S07,7,S06,S08,60.0,58.04,1,ACTIVE
MS009428,2026-08-26 17:05:35+00:00,S08,8,S07,S09,60.0,58.14,1,ACTIVE
MS009429,2026-08-26 17:05:40+00:00,S09,9,S08,S10,60.0,55.51,1,ACTIVE
MS009430,2026-08-26 17:05:45+00:00,S10,10,S09,S11,60.0,56.8,1,ACTIVE
MS009431,2026-08-26 17:05:50+00:00,S11,11,S10,S12,60.0,56.48,1,ACTIVE
MS009432,2026-08-26 17:05:55+00:00,S12,12,S11,,60.0,58.71,1,ACTIVE
MS009433,2026-08-26 17:06:00+00:00,S01,1,,S02,60.0,58.1,1,ACTIVE
MS009434,2026-08-26 17:06:05+00:00,S02,2,S01,S03,60.0,56.76,1,ACTIVE
MS009435,2026-08-26 17:06:10+00:00,S03,3,S02,S04,60.0,58.43,1,ACTIVE
MS009436,2026-08-26 17:06:15+00:00,S04,4,S03,S05,60.0,57.79,1,ACTIVE
MS009437,2026-08-26 17:06:20+00:00,S05,5,S04,S06,60.0,55.38,1,ACTIVE
MS009438,2026-08-26 17:06:25+00:00,S06,6,S05,S07,60.0,58.9,1,ACTIVE
MS009439,2026-08-26 17:06:30+00:00,S07,7,S06,S08,60.0,58.04,1,ACTIVE
MS009440,2026-08-26 17:06:35+00:00,S08,8,S07,S09,60.0,58.14,1,ACTIVE
MS009441,2026-08-26 17:06:40+00:00,S09,9,S08,S10,60.0,55.51,1,ACTIVE
MS009442,2026-08-26 17:06:45+00:00,S10,10,S09,S11,60.0,56.8,1,ACTIVE
MS009443,2026-08-26 17:06:50+00:00,S11,11,S10,S12,60.0,56.48,1,ACTIVE
MS009444,2026-08-26 17:06:55+00:00,S12,12,S11,,60.0,58.71,1,ACTIVE
MS009445,2026-08-26 17:07:00+00:00,S01,1,,S02,60.0,58.1,1,ACTIVE
MS009446,2026-08-26 17:07:05+00:00,S02,2,S01,S03,60.0,56.76,1,ACTIVE
MS009447,2026-08-26 17:07:10+00:00,S03,3,S02,S04,60.0,58.43,1,ACTIVE
MS009448,2026-08-26 17:07:15+00:00,S04,4,S03,S05,60.0,57.79,1,ACTIVE
MS009449,2026-08-26 17:07:20+00:00,S05,5,S04,S06,60.0,55.38,1,ACTIVE
MS009450,2026-08-26 17:07:25+00:00,S06,6,S05,S07,60.0,58.9,1,ACTIVE
MS009451,2026-08-26 17:07:30+00:00,S07,7,S06,S08,60.0,58.04,1,ACTIVE
MS009452,2026-08-26 17:07:35+00:00,S08,8,S07,S09,60.0,58.14,1,ACTIVE
MS009453,2026-08-26 17:07:40+00:00,S09,9,S08,S10,60.0,55.51,1,ACTIVE
MS009454,2026-08-26 17:07:45+00:00,S10,10,S09,S11,60.0,56.8,1,ACTIVE
MS009455,2026-08-26 17:07:50+00:00,S11,11,S10,S12,60.0,56.48,1,ACTIVE
MS009456,2026-08-26 17:07:55+00:00,S12,12,S11,,60.0,58.71,1,ACTIVE
MS009457,2026-08-26 17:08:00+00:00,S01,1,,S02,60.0,58.1,1,ACTIVE
MS009458,2026-08-26 17:08:05+00:00,S02,2,S01,S03,60.0,56.76,1,ACTIVE
MS009459,2026-08-26 17:08:10+00:00,S03,3,S02,S04,60.0,58.43,1,ACTIVE
MS009460,2026-08-26 17:08:15+00:00,S04,4,S03,S05,60.0,57.79,1,ACTIVE
MS009461,2026-08-26 17:08:20+00:00,S05,5,S04,S06,60.0,55.38,1,ACTIVE
MS009462,2026-08-26 17:08:25+00:00,S06,6,S05,S07,60.0,58.9,1,ACTIVE
MS009463,2026-08-26 17:08:30+00:00,S07,7,S06,S08,60.0,58.04,1,ACTIVE
MS009464,2026-08-26 17:08:35+00:00,S08,8,S07,S09,60.0,58.14,1,ACTIVE
MS009465,2026-08-26 17:08:40+00:00,S09,9,S08,S10,60.0,55.51,1,ACTIVE
MS009466,2026-08-26 17:08:45+00:00,S10,10,S09,S11,60.0,56.8,1,ACTIVE
MS009467,2026-08-26 17:08:50+00:00,S11,11,S10,S12,60.0,56.48,1,ACTIVE
MS009468,2026-08-26 17:08:55+00:00,S12,12,S11,,60.0,58.71,1,ACTIVE
MS009469,2026-08-26 17:09:00+00:00,S01,1,,S02,60.0,58.1,1,ACTIVE
MS009470,2026-08-26 17:09:05+00:00,S02,2,S01,S03,60.0,56.76,1,ACTIVE
MS009471,2026-08-26 17:09:10+00:00,S03,3,S02,S04,60.0,58.43,1,ACTIVE
MS009472,2026-08-26 17:09:15+00:00,S04,4,S03,S05,60.0,57.79,1,ACTIVE
MS009473,2026-08-26 17:09:20+00:00,S05,5,S04,S06,60.0,55.38,1,ACTIVE
MS009474,2026-08-26 17:09:25+00:00,S06,6,S05,S07,60.0,58.9,1,ACTIVE
MS009475,2026-08-26 17:09:30+00:00,S07,7,S06,S08,60.0,58.04,1,ACTIVE
MS009476,2026-08-26 17:09:35+00:00,S08,8,S07,S09,60.0,58.14,1,ACTIVE
MS009477,2026-08-26 17:09:40+00:00,S09,9,S08,S10,60.0,55.51,1,ACTIVE
MS009478,2026-08-26 17:09:45+00:00,S10,10,S09,S11,60.0,56.8,1,ACTIVE
MS009479,2026-08-26 17:09:50+00:00,S11,11,S10,S12,60.0,56.48,1,ACTIVE
MS009480,2026-08-26 17:09:55+00:00,S12,12,S11,,60.0,58.71,1,ACTIVE
MS009481,2026-08-26 17:10:00+00:00,S01,1,,S02,60.0,58.1,1,ACTIVE
MS009482,2026-08-26 17:10:05+00:00,S02,2,S01,S03,60.0,56.76,1,ACTIVE
MS009483,2026-08-26 17:10:10+00:00,S03,3,S02,S04,60.0,58.43,1,ACTIVE
MS009484,2026-08-26 17:10:15+00:00,S04,4,S03,S05,60.0,57.79,1,ACTIVE
MS009485,2026-08-26 17:10:20+00:00,S05,5,S04,S06,60.0,55.38,1,ACTIVE
MS009486,2026-08-26 17:10:25+00:00,S06,6,S05,S07,60.0,58.9,1,ACTIVE
MS009487,2026-08-26 17:10:30+00:00,S07,7,S06,S08,60.0,58.04,1,ACTIVE
MS009488,2026-08-26 17:10:35+00:00,S08,8,S07,S09,60.0,58.14,1,ACTIVE
MS009489,2026-08-26 17:10:40+00:00,S09,9,S08,S10,60.0,55.51,1,ACTIVE
MS009490,2026-08-26 17:10:45+00:00,S10,10,S09,S11,60.0,56.8,1,ACTIVE
MS009491,2026-08-26 17:10:50+00:00,S11,11,S10,S12,60.0,56.48,1,ACTIVE
MS009492,2026-08-26 17:10:55+00:00,S12,12,S11,,60.0,58.71,1,ACTIVE
MS009493,2026-08-26 17:11:00+00:00,S01,1,,S02,60.0,58.1,1,ACTIVE
MS009494,2026-08-26 17:11:05+00:00,S02,2,S01,S03,60.0,56.76,1,ACTIVE
MS009495,2026-08-26 17:11:10+00:00,S03,3,S02,S04,60.0,58.43,1,ACTIVE
MS009496,2026-08-26 17:11:15+00:00,S04,4,S03,S05,60.0,57.79,1,ACTIVE
MS009497,2026-08-26 17:11:20+00:00,S05,5,S04,S06,60.0,55.38,1,ACTIVE
MS009498,2026-08-26 17:11:25+00:00,S06,6,S05,S07,60.0,58.9,1,ACTIVE
MS009499,2026-08-26 17:11:30+00:00,S07,7,S06,S08,60.0,58.04,1,ACTIVE
MS009500,2026-08-26 17:11:35+00:00,S08,8,S07,S09,60.0,58.14,1,ACTIVE
MS009501,2026-08-26 17:11:40+00:00,S09,9,S08,S10,60.0,55.51,1,ACTIVE
MS009502,2026-08-26 17:11:45+00:00,S10,10,S09,S11,60.0,56.8,1,ACTIVE
MS009503,2026-08-26 17:11:50+00:00,S11,11,S10,S12,60.0,56.48,1,ACTIVE
MS009504,2026-08-26 17:11:55+00:00,S12,12,S11,,60.0,58.71,1,ACTIVE
MS009505,2026-08-26 17:12:00+00:00,S01,1,,S02,60.0,58.1,1,ACTIVE
MS009506,2026-08-26 17:12:05+00:00,S02,2,S01,S03,60.0,56.76,1,ACTIVE
MS009507,2026-08-26 17:12:10+00:00,S03,3,S02,S04,60.0,58.43,1,ACTIVE
MS009508,2026-08-26 17:12:15+00:00,S04,4,S03,S05,60.0,57.79,1,ACTIVE
MS009509,2026-08-26 17:12:20+00:00,S05,5,S04,S06,60.0,55.38,1,ACTIVE
MS009510,2026-08-26 17:12:25+00:00,S06,6,S05,S07,60.0,58.9,1,ACTIVE
MS009511,2026-08-26 17:12:30+00:00,S07,7,S06,S08,60.0,58.04,1,ACTIVE
MS009512,2026-08-26 17:12:35+00:00,S08,8,S07,S09,60.0,58.14,1,ACTIVE
MS009513,2026-08-26 17:12:40+00:00,S09,9,S08,S10,60.0,55.51,1,ACTIVE
MS009514,2026-08-26 17:12:45+00:00,S10,10,S09,S11,60.0,56.8,1,ACTIVE
MS009515,2026-08-26 17:12:50+00:00,S11,11,S10,S12,60.0,56.48,1,ACTIVE
MS009516,2026-08-26 17:12:55+00:00,S12,12,S11,,60.0,58.71,1,ACTIVE
MS009517,2026-08-26 17:13:00+00:00,S01,1,,S02,60.0,58.1,1,ACTIVE
MS009518,2026-08-26 17:13:05+00:00,S02,2,S01,S03,60.0,56.76,1,ACTIVE
MS009519,2026-08-26 17:13:10+00:00,S03,3,S02,S04,60.0,58.43,1,ACTIVE
MS009520,2026-08-26 17:13:15+00:00,S04,4,S03,S05,60.0,57.79,1,ACTIVE
MS009521,2026-08-26 17:13:20+00:00,S05,5,S04,S06,60.0,55.38,1,ACTIVE
MS009522,2026-08-26 17:13:25+00:00,S06,6,S05,S07,60.0,58.9,1,ACTIVE
MS009523,2026-08-26 17:13:30+00:00,S07,7,S06,S08,60.0,58.04,1,ACTIVE
MS009524,2026-08-26 17:13:35+00:00,S08,8,S07,S09,60.0,58.14,1,ACTIVE
MS009525,2026-08-26 17:13:40+00:00,S09,9,S08,S10,60.0,55.51,1,ACTIVE
MS009526,2026-08-26 17:13:45+00:00,S10,10,S09,S11,60.0,56.8,1,ACTIVE
MS009527,2026-08-26 17:13:50+00:00,S11,11,S10,S12,60.0,56.48,1,ACTIVE
MS009528,2026-08-26 17:13:55+00:00,S12,12,S11,,60.0,58.71,1,ACTIVE
MS009529,2026-08-26 17:14:00+00:00,S01,1,,S02,60.0,58.1,1,ACTIVE
MS009530,2026-08-26 17:14:05+00:00,S02,2,S01,S03,60.0,56.76,1,ACTIVE
MS009531,2026-08-26 17:14:10+00:00,S03,3,S02,S04,60.0,58.43,1,ACTIVE
MS009532,2026-08-26 17:14:15+00:00,S04,4,S03,S05,60.0,57.79,1,ACTIVE
MS009533,2026-08-26 17:14:20+00:00,S05,5,S04,S06,60.0,55.38,1,ACTIVE
MS009534,2026-08-26 17:14:25+00:00,S06,6,S05,S07,60.0,58.9,1,ACTIVE
MS009535,2026-08-26 17:14:30+00:00,S07,7,S06,S08,60.0,58.04,1,ACTIVE
MS009536,2026-08-26 17:14:35+00:00,S08,8,S07,S09,60.0,58.14,1,ACTIVE
MS009537,2026-08-26 17:14:40+00:00,S09,9,S08,S10,60.0,55.51,1,ACTIVE
MS009538,2026-08-26 17:14:45+00:00,S10,10,S09,S11,60.0,56.8,1,ACTIVE
MS009539,2026-08-26 17:14:50+00:00,S11,11,S10,S12,60.0,56.48,1,ACTIVE
MS009540,2026-08-26 17:14:55+00:00,S12,12,S11,,60.0,58.71,1,ACTIVE
MS009541,2026-08-26 17:15:00+00:00,S01,1,,S02,60.0,58.1,1,ACTIVE
MS009542,2026-08-26 17:15:05+00:00,S02,2,S01,S03,60.0,56.76,1,ACTIVE
MS009543,2026-08-26 17:15:10+00:00,S03,3,S02,S04,60.0,58.43,1,ACTIVE
MS009544,2026-08-26 17:15:15+00:00,S04,4,S03,S05,60.0,57.79,1,ACTIVE
MS009545,2026-08-26 17:15:20+00:00,S05,5,S04,S06,60.0,55.38,1,ACTIVE
MS009546,2026-08-26 17:15:25+00:00,S06,6,S05,S07,60.0,58.9,1,ACTIVE
MS009547,2026-08-26 17:15:30+00:00,S07,7,S06,S08,60.0,58.04,1,ACTIVE
MS009548,2026-08-26 17:15:35+00:00,S08,8,S07,S09,60.0,58.14,1,ACTIVE
MS009549,2026-08-26 17:15:40+00:00,S09,9,S08,S10,60.0,55.51,1,ACTIVE
MS009550,2026-08-26 17:15:45+00:00,S10,10,S09,S11,60.0,56.8,1,ACTIVE
MS009551,2026-08-26 17:15:50+00:00,S11,11,S10,S12,60.0,56.48,1,ACTIVE
MS009552,2026-08-26 17:15:55+00:00,S12,12,S11,,60.0,58.71,1,ACTIVE
MS009553,2026-08-26 17:16:00+00:00,S01,1,,S02,60.0,58.1,1,ACTIVE
MS009554,2026-08-26 17:16:05+00:00,S02,2,S01,S03,60.0,56.76,1,ACTIVE
MS009555,2026-08-26 17:16:10+00:00,S03,3,S02,S04,60.0,58.43,1,ACTIVE
MS009556,2026-08-26 17:16:15+00:00,S04,4,S03,S05,60.0,57.79,1,ACTIVE
MS009557,2026-08-26 17:16:20+00:00,S05,5,S04,S06,60.0,55.38,1,ACTIVE
MS009558,2026-08-26 17:16:25+00:00,S06,6,S05,S07,60.0,58.9,1,ACTIVE
MS009559,2026-08-26 17:16:30+00:00,S07,7,S06,S08,60.0,58.04,1,ACTIVE
MS009560,2026-08-26 17:16:35+00:00,S08,8,S07,S09,60.0,58.14,1,ACTIVE
MS009561,2026-08-26 17:16:40+00:00,S09,9,S08,S10,60.0,55.51,1,ACTIVE
MS009562,2026-08-26 17:16:45+00:00,S10,10,S09,S11,60.0,56.8,1,ACTIVE
MS009563,2026-08-26 17:16:50+00:00,S11,11,S10,S12,60.0,56.48,1,ACTIVE
MS009564,2026-08-26 17:16:55+00:00,S12,12,S11,,60.0,58.71,1,ACTIVE
MS009565,2026-08-26 17:17:00+00:00,S01,1,,S02,60.0,58.1,1,ACTIVE
MS009566,2026-08-26 17:17:05+00:00,S02,2,S01,S03,60.0,56.76,1,ACTIVE
MS009567,2026-08-26 17:17:10+00:00,S03,3,S02,S04,60.0,58.43,1,ACTIVE
MS009568,2026-08-26 17:17:15+00:00,S04,4,S03,S05,60.0,57.79,1,ACTIVE
MS009569,2026-08-26 17:17:20+00:00,S05,5,S04,S06,60.0,55.38,1,ACTIVE
MS009570,2026-08-26 17:17:25+00:00,S06,6,S05,S07,60.0,58.9,1,ACTIVE
MS009571,2026-08-26 17:17:30+00:00,S07,7,S06,S08,60.0,58.04,1,ACTIVE
MS009572,2026-08-26 17:17:35+00:00,S08,8,S07,S09,60.0,58.14,1,ACTIVE
MS009573,2026-08-26 17:17:40+00:00,S09,9,S08,S10,60.0,55.51,1,ACTIVE
MS009574,2026-08-26 17:17:45+00:00,S10,10,S09,S11,60.0,56.8,1,ACTIVE
MS009575,2026-08-26 17:17:50+00:00,S11,11,S10,S12,60.0,56.48,1,ACTIVE
MS009576,2026-08-26 17:17:55+00:00,S12,12,S11,,60.0,58.71,1,ACTIVE
MS009577,2026-08-26 17:18:00+00:00,S01,1,,S02,60.0,58.1,1,ACTIVE
MS009578,2026-08-26 17:18:05+00:00,S02,2,S01,S03,60.0,56.76,1,ACTIVE
MS009579,2026-08-26 17:18:10+00:00,S03,3,S02,S04,60.0,58.43,1,ACTIVE
MS009580,2026-08-26 17:18:15+00:00,S04,4,S03,S05,60.0,57.79,1,ACTIVE
MS009581,2026-08-26 17:18:20+00:00,S05,5,S04,S06,60.0,55.38,1,ACTIVE
MS009582,2026-08-26 17:18:25+00:00,S06,6,S05,S07,60.0,58.9,1,ACTIVE
MS009583,2026-08-26 17:18:30+00:00,S07,7,S06,S08,60.0,58.04,1,ACTIVE
MS009584,2026-08-26 17:18:35+00:00,S08,8,S07,S09,60.0,58.14,1,ACTIVE
MS009585,2026-08-26 17:18:40+00:00,S09,9,S08,S10,60.0,55.51,1,ACTIVE
MS009586,2026-08-26 17:18:45+00:00,S10,10,S09,S11,60.0,56.8,1,ACTIVE
MS009587,2026-08-26 17:18:50+00:00,S11,11,S10,S12,60.0,56.48,1,ACTIVE
MS009588,2026-08-26 17:18:55+00:00,S12,12,S11,,60.0,58.71,1,ACTIVE
MS009589,2026-08-26 17:19:00+00:00,S01,1,,S02,60.0,58.1,1,ACTIVE
MS009590,2026-08-26 17:19:05+00:00,S02,2,S01,S03,60.0,56.76,1,ACTIVE
MS009591,2026-08-26 17:19:10+00:00,S03,3,S02,S04,60.0,58.43,1,ACTIVE
MS009592,2026-08-26 17:19:15+00:00,S04,4,S03,S05,60.0,57.79,1,ACTIVE
MS009593,2026-08-26 17:19:20+00:00,S05,5,S04,S06,60.0,55.38,1,ACTIVE
MS009594,2026-08-26 17:19:25+00:00,S06,6,S05,S07,60.0,58.9,1,ACTIVE
MS009595,2026-08-26 17:19:30+00:00,S07,7,S06,S08,60.0,58.04,1,ACTIVE
MS009596,2026-08-26 17:19:35+00:00,S08,8,S07,S09,60.0,58.14,1,ACTIVE
MS009597,2026-08-26 17:19:40+00:00,S09,9,S08,S10,60.0,55.51,1,ACTIVE
MS009598,2026-08-26 17:19:45+00:00,S10,10,S09,S11,60.0,56.8,1,ACTIVE
MS009599,2026-08-26 17:19:50+00:00,S11,11,S10,S12,60.0,56.48,1,ACTIVE
MS009600,2026-08-26 17:19:55+00:00,S12,12,S11,,60.0,58.71,1,ACTIVE
MS009601,2026-08-26 17:20:00+00:00,S01,1,,S02,60.0,58.1,1,ACTIVE
MS009602,2026-08-26 17:20:05+00:00,S02,2,S01,S03,60.0,56.76,1,ACTIVE
MS009603,2026-08-26 17:20:10+00:00,S03,3,S02,S04,60.0,58.43,1,ACTIVE
MS009604,2026-08-26 17:20:15+00:00,S04,4,S03,S05,60.0,57.79,1,ACTIVE
MS009605,2026-08-26 17:20:20+00:00,S05,5,S04,S06,60.0,55.38,1,ACTIVE
MS009606,2026-08-26 17:20:25+00:00,S06,6,S05,S07,60.0,58.9,1,ACTIVE
MS009607,2026-08-26 17:20:30+00:00,S07,7,S06,S08,60.0,58.04,1,ACTIVE
MS009608,2026-08-26 17:20:35+00:00,S08,8,S07,S09,60.0,58.14,1,ACTIVE
MS009609,2026-08-26 17:20:40+00:00,S09,9,S08,S10,60.0,55.51,1,ACTIVE
MS009610,2026-08-26 17:20:45+00:00,S10,10,S09,S11,60.0,56.8,1,ACTIVE
MS009611,2026-08-26 17:20:50+00:00,S11,11,S10,S12,60.0,56.48,1,ACTIVE
MS009612,2026-08-26 17:20:55+00:00,S12,12,S11,,60.0,58.71,1,ACTIVE
MS009613,2026-08-26 17:21:00+00:00,S01,1,,S02,60.0,58.1,1,ACTIVE
MS009614,2026-08-26 17:21:05+00:00,S02,2,S01,S03,60.0,56.76,1,ACTIVE
MS009615,2026-08-26 17:21:10+00:00,S03,3,S02,S04,60.0,58.43,1,ACTIVE
MS009616,2026-08-26 17:21:15+00:00,S04,4,S03,S05,60.0,57.79,1,ACTIVE
MS009617,2026-08-26 17:21:20+00:00,S05,5,S04,S06,60.0,55.38,1,ACTIVE
MS009618,2026-08-26 17:21:25+00:00,S06,6,S05,S07,60.0,58.9,1,ACTIVE
MS009619,2026-08-26 17:21:30+00:00,S07,7,S06,S08,60.0,58.04,1,ACTIVE
MS009620,2026-08-26 17:21:35+00:00,S08,8,S07,S09,60.0,58.14,1,ACTIVE
MS009621,2026-08-26 17:21:40+00:00,S09,9,S08,S10,60.0,55.51,1,ACTIVE
MS009622,2026-08-26 17:21:45+00:00,S10,10,S09,S11,60.0,56.8,1,ACTIVE
MS009623,2026-08-26 17:21:50+00:00,S11,11,S10,S12,60.0,56.48,1,ACTIVE
MS009624,2026-08-26 17:21:55+00:00,S12,12,S11,,60.0,58.71,1,ACTIVE
MS009625,2026-08-26 17:22:00+00:00,S01,1,,S02,60.0,58.1,1,ACTIVE
MS009626,2026-08-26 17:22:05+00:00,S02,2,S01,S03,60.0,56.76,1,ACTIVE
MS009627,2026-08-26 17:22:10+00:00,S03,3,S02,S04,60.0,58.43,1,ACTIVE
MS009628,2026-08-26 17:22:15+00:00,S04,4,S03,S05,60.0,57.79,1,ACTIVE
MS009629,2026-08-26 17:22:20+00:00,S05,5,S04,S06,60.0,55.38,1,ACTIVE
MS009630,2026-08-26 17:22:25+00:00,S06,6,S05,S07,60.0,58.9,1,ACTIVE
MS009631,2026-08-26 17:22:30+00:00,S07,7,S06,S08,60.0,58.04,1,ACTIVE
MS009632,2026-08-26 17:22:35+00:00,S08,8,S07,S09,60.0,58.14,1,ACTIVE
MS009633,2026-08-26 17:22:40+00:00,S09,9,S08,S10,60.0,55.51,1,ACTIVE
MS009634,2026-08-26 17:22:45+00:00,S10,10,S09,S11,60.0,56.8,1,ACTIVE
MS009635,2026-08-26 17:22:50+00:00,S11,11,S10,S12,60.0,56.48,1,ACTIVE
MS009636,2026-08-26 17:22:55+00:00,S12,12,S11,,60.0,58.71,1,ACTIVE
MS009637,2026-08-26 17:23:00+00:00,S01,1,,S02,60.0,58.1,1,ACTIVE
MS009638,2026-08-26 17:23:05+00:00,S02,2,S01,S03,60.0,56.76,1,ACTIVE
MS009639,2026-08-26 17:23:10+00:00,S03,3,S02,S04,60.0,58.43,1,ACTIVE
MS009640,2026-08-26 17:23:15+00:00,S04,4,S03,S05,60.0,57.79,1,ACTIVE
MS009641,2026-08-26 17:23:20+00:00,S05,5,S04,S06,60.0,55.38,1,ACTIVE
MS009642,2026-08-26 17:23:25+00:00,S06,6,S05,S07,60.0,58.9,1,ACTIVE
MS009643,2026-08-26 17:23:30+00:00,S07,7,S06,S08,60.0,58.04,1,ACTIVE
MS009644,2026-08-26 17:23:35+00:00,S08,8,S07,S09,60.0,58.14,1,ACTIVE
MS009645,2026-08-26 17:23:40+00:00,S09,9,S08,S10,60.0,55.51,1,ACTIVE
MS009646,2026-08-26 17:23:45+00:00,S10,10,S09,S11,60.0,56.8,1,ACTIVE
MS009647,2026-08-26 17:23:50+00:00,S11,11,S10,S12,60.0,56.48,1,ACTIVE
MS009648,2026-08-26 17:23:55+00:00,S12,12,S11,,60.0,58.71,1,ACTIVE
MS009649,2026-08-26 17:24:00+00:00,S01,1,,S02,60.0,58.1,1,ACTIVE
MS009650,2026-08-26 17:24:05+00:00,S02,2,S01,S03,60.0,56.76,1,ACTIVE
MS009651,2026-08-26 17:24:10+00:00,S03,3,S02,S04,60.0,58.43,1,ACTIVE
MS009652,2026-08-26 17:24:15+00:00,S04,4,S03,S05,60.0,57.79,1,ACTIVE
MS009653,2026-08-26 17:24:20+00:00,S05,5,S04,S06,60.0,55.38,1,ACTIVE
MS009654,2026-08-26 17:24:25+00:00,S06,6,S05,S07,60.0,58.9,1,ACTIVE
MS009655,2026-08-26 17:24:30+00:00,S07,7,S06,S08,60.0,58.04,1,ACTIVE
MS009656,2026-08-26 17:24:35+00:00,S08,8,S07,S09,60.0,58.14,1,ACTIVE
MS009657,2026-08-26 17:24:40+00:00,S09,9,S08,S10,60.0,55.51,1,ACTIVE
MS009658,2026-08-26 17:24:45+00:00,S10,10,S09,S11,60.0,56.8,1,ACTIVE
MS009659,2026-08-26 17:24:50+00:00,S11,11,S10,S12,60.0,56.48,1,ACTIVE
MS009660,2026-08-26 17:24:55+00:00,S12,12,S11,,60.0,58.71,1,ACTIVE
MS009661,2026-08-26 17:25:00+00:00,S01,1,,S02,60.0,58.1,1,ACTIVE
MS009662,2026-08-26 17:25:05+00:00,S02,2,S01,S03,60.0,56.76,1,ACTIVE
MS009663,2026-08-26 17:25:10+00:00,S03,3,S02,S04,60.0,58.43,1,ACTIVE
MS009664,2026-08-26 17:25:15+00:00,S04,4,S03,S05,60.0,57.79,1,ACTIVE
MS009665,2026-08-26 17:25:20+00:00,S05,5,S04,S06,60.0,55.38,1,ACTIVE
MS009666,2026-08-26 17:25:25+00:00,S06,6,S05,S07,60.0,58.9,1,ACTIVE
MS009667,2026-08-26 17:25:30+00:00,S07,7,S06,S08,60.0,58.04,1,ACTIVE
MS009668,2026-08-26 17:25:35+00:00,S08,8,S07,S09,60.0,58.14,1,ACTIVE
MS009669,2026-08-26 17:25:40+00:00,S09,9,S08,S10,60.0,55.51,1,ACTIVE
MS009670,2026-08-26 17:25:45+00:00,S10,10,S09,S11,60.0,56.8,1,ACTIVE
MS009671,2026-08-26 17:25:50+00:00,S11,11,S10,S12,60.0,56.48,1,ACTIVE
MS009672,2026-08-26 17:25:55+00:00,S12,12,S11,,60.0,58.71,1,ACTIVE
MS009673,2026-08-26 17:26:00+00:00,S01,1,,S02,60.0,58.1,1,ACTIVE
MS009674,2026-08-26 17:26:05+00:00,S02,2,S01,S03,60.0,56.76,1,ACTIVE
MS009675,2026-08-26 17:26:10+00:00,S03,3,S02,S04,60.0,58.43,1,ACTIVE
MS009676,2026-08-26 17:26:15+00:00,S04,4,S03,S05,60.0,57.79,1,ACTIVE
MS009677,2026-08-26 17:26:20+00:00,S05,5,S04,S06,60.0,55.38,1,ACTIVE
MS009678,2026-08-26 17:26:25+00:00,S06,6,S05,S07,60.0,58.9,1,ACTIVE
MS009679,2026-08-26 17:26:30+00:00,S07,7,S06,S08,60.0,58.04,1,ACTIVE
MS009680,2026-08-26 17:26:35+00:00,S08,8,S07,S09,60.0,58.14,1,ACTIVE
MS009681,2026-08-26 17:26:40+00:00,S09,9,S08,S10,60.0,55.51,1,ACTIVE
MS009682,2026-08-26 17:26:45+00:00,S10,10,S09,S11,60.0,56.8,1,ACTIVE
MS009683,2026-08-26 17:26:50+00:00,S11,11,S10,S12,60.0,56.48,1,ACTIVE
MS009684,2026-08-26 17:26:55+00:00,S12,12,S11,,60.0,58.71,1,ACTIVE
MS009685,2026-08-26 17:27:00+00:00,S01,1,,S02,60.0,58.1,1,ACTIVE
MS009686,2026-08-26 17:27:05+00:00,S02,2,S01,S03,60.0,56.76,1,ACTIVE
MS009687,2026-08-26 17:27:10+00:00,S03,3,S02,S04,60.0,58.43,1,ACTIVE
MS009688,2026-08-26 17:27:15+00:00,S04,4,S03,S05,60.0,57.79,1,ACTIVE
MS009689,2026-08-26 17:27:20+00:00,S05,5,S04,S06,60.0,55.38,1,ACTIVE
MS009690,2026-08-26 17:27:25+00:00,S06,6,S05,S07,60.0,58.9,1,ACTIVE
MS009691,2026-08-26 17:27:30+00:00,S07,7,S06,S08,60.0,58.04,1,ACTIVE
MS009692,2026-08-26 17:27:35+00:00,S08,8,S07,S09,60.0,58.14,1,ACTIVE
MS009693,2026-08-26 17:27:40+00:00,S09,9,S08,S10,60.0,55.51,1,ACTIVE
MS009694,2026-08-26 17:27:45+00:00,S10,10,S09,S11,60.0,56.8,1,ACTIVE
MS009695,2026-08-26 17:27:50+00:00,S11,11,S10,S12,60.0,56.48,1,ACTIVE
MS009696,2026-08-26 17:27:55+00:00,S12,12,S11,,60.0,58.71,1,ACTIVE
MS009697,2026-08-26 17:28:00+00:00,S01,1,,S02,60.0,58.1,1,ACTIVE
MS009698,2026-08-26 17:28:05+00:00,S02,2,S01,S03,60.0,56.76,1,ACTIVE
MS009699,2026-08-26 17:28:10+00:00,S03,3,S02,S04,60.0,58.43,1,ACTIVE
MS009700,2026-08-26 17:28:15+00:00,S04,4,S03,S05,60.0,57.79,1,ACTIVE
MS009701,2026-08-26 17:28:20+00:00,S05,5,S04,S06,60.0,55.38,1,ACTIVE
MS009702,2026-08-26 17:28:25+00:00,S06,6,S05,S07,60.0,58.9,1,ACTIVE
MS009703,2026-08-26 17:28:30+00:00,S07,7,S06,S08,60.0,58.04,1,ACTIVE
MS009704,2026-08-26 17:28:35+00:00,S08,8,S07,S09,60.0,58.14,1,ACTIVE
MS009705,2026-08-26 17:28:40+00:00,S09,9,S08,S10,60.0,55.51,1,ACTIVE
MS009706,2026-08-26 17:28:45+00:00,S10,10,S09,S11,60.0,56.8,1,ACTIVE
MS009707,2026-08-26 17:28:50+00:00,S11,11,S10,S12,60.0,56.48,1,ACTIVE
MS009708,2026-08-26 17:28:55+00:00,S12,12,S11,,60.0,58.71,1,ACTIVE
MS009709,2026-08-26 17:29:00+00:00,S01,1,,S02,60.0,58.1,1,ACTIVE
MS009710,2026-08-26 17:29:05+00:00,S02,2,S01,S03,60.0,56.76,1,ACTIVE
MS009711,2026-08-26 17:29:10+00:00,S03,3,S02,S04,60.0,58.43,1,ACTIVE
MS009712,2026-08-26 17:29:15+00:00,S04,4,S03,S05,60.0,57.79,1,ACTIVE
MS009713,2026-08-26 17:29:20+00:00,S05,5,S04,S06,60.0,55.38,1,ACTIVE
MS009714,2026-08-26 17:29:25+00:00,S06,6,S05,S07,60.0,58.9,1,ACTIVE
MS009715,2026-08-26 17:29:30+00:00,S07,7,S06,S08,60.0,58.04,1,ACTIVE
MS009716,2026-08-26 17:29:35+00:00,S08,8,S07,S09,60.0,58.14,1,ACTIVE
MS009717,2026-08-26 17:29:40+00:00,S09,9,S08,S10,60.0,55.51,1,ACTIVE
MS009718,2026-08-26 17:29:45+00:00,S10,10,S09,S11,60.0,56.8,1,ACTIVE
MS009719,2026-08-26 17:29:50+00:00,S11,11,S10,S12,60.0,56.48,1,ACTIVE
MS009720,2026-08-26 17:29:55+00:00,S12,12,S11,,60.0,58.71,1,ACTIVE
MS009721,2026-08-26 17:30:00+00:00,S01,1,,S02,60.0,58.1,1,ACTIVE
MS009722,2026-08-26 17:30:05+00:00,S02,2,S01,S03,60.0,56.76,1,ACTIVE
MS009723,2026-08-26 17:30:10+00:00,S03,3,S02,S04,60.0,58.43,1,ACTIVE
MS009724,2026-08-26 17:30:15+00:00,S04,4,S03,S05,60.0,57.79,1,ACTIVE
MS009725,2026-08-26 17:30:20+00:00,S05,5,S04,S06,60.0,55.38,1,ACTIVE
MS009726,2026-08-26 17:30:25+00:00,S06,6,S05,S07,60.0,58.9,1,ACTIVE
MS009727,2026-08-26 17:30:30+00:00,S07,7,S06,S08,60.0,58.04,1,ACTIVE
MS009728,2026-08-26 17:30:35+00:00,S08,8,S07,S09,60.0,58.14,1,ACTIVE
MS009729,2026-08-26 17:30:40+00:00,S09,9,S08,S10,60.0,55.51,1,ACTIVE
MS009730,2026-08-26 17:30:45+00:00,S10,10,S09,S11,60.0,56.8,1,ACTIVE
MS009731,2026-08-26 17:30:50+00:00,S11,11,S10,S12,60.0,56.48,1,ACTIVE
MS009732,2026-08-26 17:30:55+00:00,S12,12,S11,,60.0,58.71,1,ACTIVE
MS009733,2026-08-26 17:31:00+00:00,S01,1,,S02,60.0,58.1,1,ACTIVE
MS009734,2026-08-26 17:31:05+00:00,S02,2,S01,S03,60.0,56.76,1,ACTIVE
MS009735,2026-08-26 17:31:10+00:00,S03,3,S02,S04,60.0,58.43,1,ACTIVE
MS009736,2026-08-26 17:31:15+00:00,S04,4,S03,S05,60.0,57.79,1,ACTIVE
MS009737,2026-08-26 17:31:20+00:00,S05,5,S04,S06,60.0,55.38,1,ACTIVE
MS009738,2026-08-26 17:31:25+00:00,S06,6,S05,S07,60.0,58.9,1,ACTIVE
MS009739,2026-08-26 17:31:30+00:00,S07,7,S06,S08,60.0,58.04,1,ACTIVE
MS009740,2026-08-26 17:31:35+00:00,S08,8,S07,S09,60.0,58.14,1,ACTIVE
MS009741,2026-08-26 17:31:40+00:00,S09,9,S08,S10,60.0,55.51,1,ACTIVE
MS009742,2026-08-26 17:31:45+00:00,S10,10,S09,S11,60.0,56.8,1,ACTIVE
MS009743,2026-08-26 17:31:50+00:00,S11,11,S10,S12,60.0,56.48,1,ACTIVE
MS009744,2026-08-26 17:31:55+00:00,S12,12,S11,,60.0,58.71,1,ACTIVE
MS009745,2026-08-26 17:32:00+00:00,S01,1,,S02,60.0,58.1,1,ACTIVE
MS009746,2026-08-26 17:32:05+00:00,S02,2,S01,S03,60.0,56.76,1,ACTIVE
MS009747,2026-08-26 17:32:10+00:00,S03,3,S02,S04,60.0,58.43,1,ACTIVE
MS009748,2026-08-26 17:32:15+00:00,S04,4,S03,S05,60.0,57.79,1,ACTIVE
MS009749,2026-08-26 17:32:20+00:00,S05,5,S04,S06,60.0,55.38,1,ACTIVE
MS009750,2026-08-26 17:32:25+00:00,S06,6,S05,S07,60.0,58.9,1,ACTIVE
MS009751,2026-08-26 17:32:30+00:00,S07,7,S06,S08,60.0,58.04,1,ACTIVE
MS009752,2026-08-26 17:32:35+00:00,S08,8,S07,S09,60.0,58.14,1,ACTIVE
MS009753,2026-08-26 17:32:40+00:00,S09,9,S08,S10,60.0,55.51,1,ACTIVE
MS009754,2026-08-26 17:32:45+00:00,S10,10,S09,S11,60.0,56.8,1,ACTIVE
MS009755,2026-08-26 17:32:50+00:00,S11,11,S10,S12,60.0,56.48,1,ACTIVE
MS009756,2026-08-26 17:32:55+00:00,S12,12,S11,,60.0,58.71,1,ACTIVE
MS009757,2026-08-26 17:33:00+00:00,S01,1,,S02,60.0,58.1,1,ACTIVE
MS009758,2026-08-26 17:33:05+00:00,S02,2,S01,S03,60.0,56.76,1,ACTIVE
MS009759,2026-08-26 17:33:10+00:00,S03,3,S02,S04,60.0,58.43,1,ACTIVE
MS009760,2026-08-26 17:33:15+00:00,S04,4,S03,S05,60.0,57.79,1,ACTIVE
MS009761,2026-08-26 17:33:20+00:00,S05,5,S04,S06,60.0,55.38,1,ACTIVE
MS009762,2026-08-26 17:33:25+00:00,S06,6,S05,S07,60.0,58.9,1,ACTIVE
MS009763,2026-08-26 17:33:30+00:00,S07,7,S06,S08,60.0,58.04,1,ACTIVE
MS009764,2026-08-26 17:33:35+00:00,S08,8,S07,S09,60.0,58.14,1,ACTIVE
MS009765,2026-08-26 17:33:40+00:00,S09,9,S08,S10,60.0,55.51,1,ACTIVE
MS009766,2026-08-26 17:33:45+00:00,S10,10,S09,S11,60.0,56.8,1,ACTIVE
MS009767,2026-08-26 17:33:50+00:00,S11,11,S10,S12,60.0,56.48,1,ACTIVE
MS009768,2026-08-26 17:33:55+00:00,S12,12,S11,,60.0,58.71,1,ACTIVE
MS009769,2026-08-26 17:34:00+00:00,S01,1,,S02,60.0,58.1,1,ACTIVE
MS009770,2026-08-26 17:34:05+00:00,S02,2,S01,S03,60.0,56.76,1,ACTIVE
MS009771,2026-08-26 17:34:10+00:00,S03,3,S02,S04,60.0,58.43,1,ACTIVE
MS009772,2026-08-26 17:34:15+00:00,S04,4,S03,S05,60.0,57.79,1,ACTIVE
MS009773,2026-08-26 17:34:20+00:00,S05,5,S04,S06,60.0,55.38,1,ACTIVE
MS009774,2026-08-26 17:34:25+00:00,S06,6,S05,S07,60.0,58.9,1,ACTIVE
MS009775,2026-08-26 17:34:30+00:00,S07,7,S06,S08,60.0,58.04,1,ACTIVE
MS009776,2026-08-26 17:34:35+00:00,S08,8,S07,S09,60.0,58.14,1,ACTIVE
MS009777,2026-08-26 17:34:40+00:00,S09,9,S08,S10,60.0,55.51,1,ACTIVE
MS009778,2026-08-26 17:34:45+00:00,S10,10,S09,S11,60.0,56.8,1,ACTIVE
MS009779,2026-08-26 17:34:50+00:00,S11,11,S10,S12,60.0,56.48,1,ACTIVE
MS009780,2026-08-26 17:34:55+00:00,S12,12,S11,,60.0,58.71,1,ACTIVE
MS009781,2026-08-26 17:35:00+00:00,S01,1,,S02,60.0,58.1,1,ACTIVE
MS009782,2026-08-26 17:35:05+00:00,S02,2,S01,S03,60.0,56.76,1,ACTIVE
MS009783,2026-08-26 17:35:10+00:00,S03,3,S02,S04,60.0,58.43,1,ACTIVE
MS009784,2026-08-26 17:35:15+00:00,S04,4,S03,S05,60.0,57.79,1,ACTIVE
MS009785,2026-08-26 17:35:20+00:00,S05,5,S04,S06,60.0,55.38,1,ACTIVE
MS009786,2026-08-26 17:35:25+00:00,S06,6,S05,S07,60.0,58.9,1,ACTIVE
MS009787,2026-08-26 17:35:30+00:00,S07,7,S06,S08,60.0,58.04,1,ACTIVE
MS009788,2026-08-26 17:35:35+00:00,S08,8,S07,S09,60.0,58.14,1,ACTIVE
MS009789,2026-08-26 17:35:40+00:00,S09,9,S08,S10,60.0,55.51,1,ACTIVE
MS009790,2026-08-26 17:35:45+00:00,S10,10,S09,S11,60.0,56.8,1,ACTIVE
MS009791,2026-08-26 17:35:50+00:00,S11,11,S10,S12,60.0,56.48,1,ACTIVE
MS009792,2026-08-26 17:35:55+00:00,S12,12,S11,,60.0,58.71,1,ACTIVE
MS009793,2026-08-26 17:36:00+00:00,S01,1,,S02,60.0,58.1,1,ACTIVE
MS009794,2026-08-26 17:36:05+00:00,S02,2,S01,S03,60.0,56.76,1,ACTIVE
MS009795,2026-08-26 17:36:10+00:00,S03,3,S02,S04,60.0,58.43,1,ACTIVE
MS009796,2026-08-26 17:36:15+00:00,S04,4,S03,S05,60.0,57.79,1,ACTIVE
MS009797,2026-08-26 17:36:20+00:00,S05,5,S04,S06,60.0,55.38,1,ACTIVE
MS009798,2026-08-26 17:36:25+00:00,S06,6,S05,S07,60.0,58.9,1,ACTIVE
MS009799,2026-08-26 17:36:30+00:00,S07,7,S06,S08,60.0,58.04,1,ACTIVE
MS009800,2026-08-26 17:36:35+00:00,S08,8,S07,S09,60.0,58.14,1,ACTIVE
MS009801,2026-08-26 17:36:40+00:00,S09,9,S08,S10,60.0,55.51,1,ACTIVE
MS009802,2026-08-26 17:36:45+00:00,S10,10,S09,S11,60.0,56.8,1,ACTIVE
MS009803,2026-08-26 17:36:50+00:00,S11,11,S10,S12,60.0,56.48,1,ACTIVE
MS009804,2026-08-26 17:36:55+00:00,S12,12,S11,,60.0,58.71,1,ACTIVE
MS009805,2026-08-26 17:37:00+00:00,S01,1,,S02,60.0,58.1,1,ACTIVE
MS009806,2026-08-26 17:37:05+00:00,S02,2,S01,S03,60.0,56.76,1,ACTIVE
MS009807,2026-08-26 17:37:10+00:00,S03,3,S02,S04,60.0,58.43,1,ACTIVE
MS009808,2026-08-26 17:37:15+00:00,S04,4,S03,S05,60.0,57.79,1,ACTIVE
MS009809,2026-08-26 17:37:20+00:00,S05,5,S04,S06,60.0,55.38,1,ACTIVE
MS009810,2026-08-26 17:37:25+00:00,S06,6,S05,S07,60.0,58.9,1,ACTIVE
MS009811,2026-08-26 17:37:30+00:00,S07,7,S06,S08,60.0,58.04,1,ACTIVE
MS009812,2026-08-26 17:37:35+00:00,S08,8,S07,S09,60.0,58.14,1,ACTIVE
MS009813,2026-08-26 17:37:40+00:00,S09,9,S08,S10,60.0,55.51,1,ACTIVE
MS009814,2026-08-26 17:37:45+00:00,S10,10,S09,S11,60.0,56.8,1,ACTIVE
MS009815,2026-08-26 17:37:50+00:00,S11,11,S10,S12,60.0,56.48,1,ACTIVE
MS009816,2026-08-26 17:37:55+00:00,S12,12,S11,,60.0,58.71,1,ACTIVE
MS009817,2026-08-26 17:38:00+00:00,S01,1,,S02,60.0,58.1,1,ACTIVE
MS009818,2026-08-26 17:38:05+00:00,S02,2,S01,S03,60.0,56.76,1,ACTIVE
MS009819,2026-08-26 17:38:10+00:00,S03,3,S02,S04,60.0,58.43,1,ACTIVE
MS009820,2026-08-26 17:38:15+00:00,S04,4,S03,S05,60.0,57.79,1,ACTIVE
MS009821,2026-08-26 17:38:20+00:00,S05,5,S04,S06,60.0,55.38,1,ACTIVE
MS009822,2026-08-26 17:38:25+00:00,S06,6,S05,S07,60.0,58.9,1,ACTIVE
MS009823,2026-08-26 17:38:30+00:00,S07,7,S06,S08,60.0,58.04,1,ACTIVE
MS009824,2026-08-26 17:38:35+00:00,S08,8,S07,S09,60.0,58.14,1,ACTIVE
MS009825,2026-08-26 17:38:40+00:00,S09,9,S08,S10,60.0,55.51,1,ACTIVE
MS009826,2026-08-26 17:38:45+00:00,S10,10,S09,S11,60.0,56.8,1,ACTIVE
MS009827,2026-08-26 17:38:50+00:00,S11,11,S10,S12,60.0,56.48,1,ACTIVE
MS009828,2026-08-26 17:38:55+00:00,S12,12,S11,,60.0,58.71,1,ACTIVE
MS009829,2026-08-26 17:39:00+00:00,S01,1,,S02,60.0,58.1,1,ACTIVE
MS009830,2026-08-26 17:39:05+00:00,S02,2,S01,S03,60.0,56.76,1,ACTIVE
MS009831,2026-08-26 17:39:10+00:00,S03,3,S02,S04,60.0,58.43,1,ACTIVE
MS009832,2026-08-26 17:39:15+00:00,S04,4,S03,S05,60.0,57.79,1,ACTIVE
MS009833,2026-08-26 17:39:20+00:00,S05,5,S04,S06,60.0,55.38,1,ACTIVE
MS009834,2026-08-26 17:39:25+00:00,S06,6,S05,S07,60.0,58.9,1,ACTIVE
MS009835,2026-08-26 17:39:30+00:00,S07,7,S06,S08,60.0,58.04,1,ACTIVE
MS009836,2026-08-26 17:39:35+00:00,S08,8,S07,S09,60.0,58.14,1,ACTIVE
MS009837,2026-08-26 17:39:40+00:00,S09,9,S08,S10,60.0,55.51,1,ACTIVE
MS009838,2026-08-26 17:39:45+00:00,S10,10,S09,S11,60.0,56.8,1,ACTIVE
MS009839,2026-08-26 17:39:50+00:00,S11,11,S10,S12,60.0,56.48,1,ACTIVE
MS009840,2026-08-26 17:39:55+00:00,S12,12,S11,,60.0,58.71,1,ACTIVE
MS009841,2026-08-26 17:40:00+00:00,S01,1,,S02,60.0,58.1,1,ACTIVE
MS009842,2026-08-26 17:40:05+00:00,S02,2,S01,S03,60.0,56.76,1,ACTIVE
MS009843,2026-08-26 17:40:10+00:00,S03,3,S02,S04,60.0,58.43,1,ACTIVE
MS009844,2026-08-26 17:40:15+00:00,S04,4,S03,S05,60.0,57.79,1,ACTIVE
MS009845,2026-08-26 17:40:20+00:00,S05,5,S04,S06,60.0,55.38,1,ACTIVE
MS009846,2026-08-26 17:40:25+00:00,S06,6,S05,S07,60.0,58.9,1,ACTIVE
MS009847,2026-08-26 17:40:30+00:00,S07,7,S06,S08,60.0,58.04,1,ACTIVE
MS009848,2026-08-26 17:40:35+00:00,S08,8,S07,S09,60.0,58.14,1,ACTIVE
MS009849,2026-08-26 17:40:40+00:00,S09,9,S08,S10,60.0,55.51,1,ACTIVE
MS009850,2026-08-26 17:40:45+00:00,S10,10,S09,S11,60.0,56.8,1,ACTIVE
MS009851,2026-08-26 17:40:50+00:00,S11,11,S10,S12,60.0,56.48,1,ACTIVE
MS009852,2026-08-26 17:40:55+00:00,S12,12,S11,,60.0,58.71,1,ACTIVE
MS009853,2026-08-26 17:41:00+00:00,S01,1,,S02,60.0,58.1,1,ACTIVE
MS009854,2026-08-26 17:41:05+00:00,S02,2,S01,S03,60.0,56.76,1,ACTIVE
MS009855,2026-08-26 17:41:10+00:00,S03,3,S02,S04,60.0,58.43,1,ACTIVE
MS009856,2026-08-26 17:41:15+00:00,S04,4,S03,S05,60.0,57.79,1,ACTIVE
MS009857,2026-08-26 17:41:20+00:00,S05,5,S04,S06,60.0,55.38,1,ACTIVE
MS009858,2026-08-26 17:41:25+00:00,S06,6,S05,S07,60.0,58.9,1,ACTIVE
MS009859,2026-08-26 17:41:30+00:00,S07,7,S06,S08,60.0,58.04,1,ACTIVE
MS009860,2026-08-26 17:41:35+00:00,S08,8,S07,S09,60.0,58.14,1,ACTIVE
MS009861,2026-08-26 17:41:40+00:00,S09,9,S08,S10,60.0,55.51,1,ACTIVE
MS009862,2026-08-26 17:41:45+00:00,S10,10,S09,S11,60.0,56.8,1,ACTIVE
MS009863,2026-08-26 17:41:50+00:00,S11,11,S10,S12,60.0,56.48,1,ACTIVE
MS009864,2026-08-26 17:41:55+00:00,S12,12,S11,,60.0,58.71,1,ACTIVE
MS009865,2026-08-26 17:42:00+00:00,S01,1,,S02,60.0,58.1,1,ACTIVE
MS009866,2026-08-26 17:42:05+00:00,S02,2,S01,S03,60.0,56.76,1,ACTIVE
MS009867,2026-08-26 17:42:10+00:00,S03,3,S02,S04,60.0,58.43,1,ACTIVE
MS009868,2026-08-26 17:42:15+00:00,S04,4,S03,S05,60.0,57.79,1,ACTIVE
MS009869,2026-08-26 17:42:20+00:00,S05,5,S04,S06,60.0,55.38,1,ACTIVE
MS009870,2026-08-26 17:42:25+00:00,S06,6,S05,S07,60.0,58.9,1,ACTIVE
MS009871,2026-08-26 17:42:30+00:00,S07,7,S06,S08,60.0,58.04,1,ACTIVE
MS009872,2026-08-26 17:42:35+00:00,S08,8,S07,S09,60.0,58.14,1,ACTIVE
MS009873,2026-08-26 17:42:40+00:00,S09,9,S08,S10,60.0,55.51,1,ACTIVE
MS009874,2026-08-26 17:42:45+00:00,S10,10,S09,S11,60.0,56.8,1,ACTIVE
MS009875,2026-08-26 17:42:50+00:00,S11,11,S10,S12,60.0,56.48,1,ACTIVE
MS009876,2026-08-26 17:42:55+00:00,S12,12,S11,,60.0,58.71,1,ACTIVE
MS009877,2026-08-26 17:43:00+00:00,S01,1,,S02,60.0,58.1,1,ACTIVE
MS009878,2026-08-26 17:43:05+00:00,S02,2,S01,S03,60.0,56.76,1,ACTIVE
MS009879,2026-08-26 17:43:10+00:00,S03,3,S02,S04,60.0,58.43,1,ACTIVE
MS009880,2026-08-26 17:43:15+00:00,S04,4,S03,S05,60.0,57.79,1,ACTIVE
MS009881,2026-08-26 17:43:20+00:00,S05,5,S04,S06,60.0,55.38,1,ACTIVE
MS009882,2026-08-26 17:43:25+00:00,S06,6,S05,S07,60.0,58.9,1,ACTIVE
MS009883,2026-08-26 17:43:30+00:00,S07,7,S06,S08,60.0,58.04,1,ACTIVE
MS009884,2026-08-26 17:43:35+00:00,S08,8,S07,S09,60.0,58.14,1,ACTIVE
MS009885,2026-08-26 17:43:40+00:00,S09,9,S08,S10,60.0,55.51,1,ACTIVE
MS009886,2026-08-26 17:43:45+00:00,S10,10,S09,S11,60.0,56.8,1,ACTIVE
MS009887,2026-08-26 17:43:50+00:00,S11,11,S10,S12,60.0,56.48,1,ACTIVE
MS009888,2026-08-26 17:43:55+00:00,S12,12,S11,,60.0,58.71,1,ACTIVE
MS009889,2026-08-26 17:44:00+00:00,S01,1,,S02,60.0,58.1,1,ACTIVE
MS009890,2026-08-26 17:44:05+00:00,S02,2,S01,S03,60.0,56.76,1,ACTIVE
MS009891,2026-08-26 17:44:10+00:00,S03,3,S02,S04,60.0,58.43,1,ACTIVE
MS009892,2026-08-26 17:44:15+00:00,S04,4,S03,S05,60.0,57.79,1,ACTIVE
MS009893,2026-08-26 17:44:20+00:00,S05,5,S04,S06,60.0,55.38,1,ACTIVE
MS009894,2026-08-26 17:44:25+00:00,S06,6,S05,S07,60.0,58.9,1,ACTIVE
MS009895,2026-08-26 17:44:30+00:00,S07,7,S06,S08,60.0,58.04,1,ACTIVE
MS009896,2026-08-26 17:44:35+00:00,S08,8,S07,S09,60.0,58.14,1,ACTIVE
MS009897,2026-08-26 17:44:40+00:00,S09,9,S08,S10,60.0,55.51,1,ACTIVE
MS009898,2026-08-26 17:44:45+00:00,S10,10,S09,S11,60.0,56.8,1,ACTIVE
MS009899,2026-08-26 17:44:50+00:00,S11,11,S10,S12,60.0,56.48,1,ACTIVE
MS009900,2026-08-26 17:44:55+00:00,S12,12,S11,,60.0,58.71,1,ACTIVE
MS009901,2026-08-26 17:45:00+00:00,S01,1,,S02,60.0,58.1,1,ACTIVE
MS009902,2026-08-26 17:45:05+00:00,S02,2,S01,S03,60.0,56.76,1,ACTIVE
MS009903,2026-08-26 17:45:10+00:00,S03,3,S02,S04,60.0,58.43,1,ACTIVE
MS009904,2026-08-26 17:45:15+00:00,S04,4,S03,S05,60.0,57.79,1,ACTIVE
MS009905,2026-08-26 17:45:20+00:00,S05,5,S04,S06,60.0,55.38,1,ACTIVE
MS009906,2026-08-26 17:45:25+00:00,S06,6,S05,S07,60.0,58.9,1,ACTIVE
MS009907,2026-08-26 17:45:30+00:00,S07,7,S06,S08,60.0,58.04,1,ACTIVE
MS009908,2026-08-26 17:45:35+00:00,S08,8,S07,S09,60.0,58.14,1,ACTIVE
MS009909,2026-08-26 17:45:40+00:00,S09,9,S08,S10,60.0,55.51,1,ACTIVE
MS009910,2026-08-26 17:45:45+00:00,S10,10,S09,S11,60.0,56.8,1,ACTIVE
MS009911,2026-08-26 17:45:50+00:00,S11,11,S10,S12,60.0,56.48,1,ACTIVE
MS009912,2026-08-26 17:45:55+00:00,S12,12,S11,,60.0,58.71,1,ACTIVE
MS009913,2026-08-26 17:46:00+00:00,S01,1,,S02,60.0,58.1,1,ACTIVE
MS009914,2026-08-26 17:46:05+00:00,S02,2,S01,S03,60.0,56.76,1,ACTIVE
MS009915,2026-08-26 17:46:10+00:00,S03,3,S02,S04,60.0,58.43,1,ACTIVE
MS009916,2026-08-26 17:46:15+00:00,S04,4,S03,S05,60.0,57.79,1,ACTIVE
MS009917,2026-08-26 17:46:20+00:00,S05,5,S04,S06,60.0,55.38,1,ACTIVE
MS009918,2026-08-26 17:46:25+00:00,S06,6,S05,S07,60.0,58.9,1,ACTIVE
MS009919,2026-08-26 17:46:30+00:00,S07,7,S06,S08,60.0,58.04,1,ACTIVE
MS009920,2026-08-26 17:46:35+00:00,S08,8,S07,S09,60.0,58.14,1,ACTIVE
MS009921,2026-08-26 17:46:40+00:00,S09,9,S08,S10,60.0,55.51,1,ACTIVE
MS009922,2026-08-26 17:46:45+00:00,S10,10,S09,S11,60.0,56.8,1,ACTIVE
MS009923,2026-08-26 17:46:50+00:00,S11,11,S10,S12,60.0,56.48,1,ACTIVE
MS009924,2026-08-26 17:46:55+00:00,S12,12,S11,,60.0,58.71,1,ACTIVE
MS009925,2026-08-26 17:47:00+00:00,S01,1,,S02,60.0,58.1,1,ACTIVE
MS009926,2026-08-26 17:47:05+00:00,S02,2,S01,S03,60.0,56.76,1,ACTIVE
MS009927,2026-08-26 17:47:10+00:00,S03,3,S02,S04,60.0,58.43,1,ACTIVE
MS009928,2026-08-26 17:47:15+00:00,S04,4,S03,S05,60.0,57.79,1,ACTIVE
MS009929,2026-08-26 17:47:20+00:00,S05,5,S04,S06,60.0,55.38,1,ACTIVE
MS009930,2026-08-26 17:47:25+00:00,S06,6,S05,S07,60.0,58.9,1,ACTIVE
MS009931,2026-08-26 17:47:30+00:00,S07,7,S06,S08,60.0,58.04,1,ACTIVE
MS009932,2026-08-26 17:47:35+00:00,S08,8,S07,S09,60.0,58.14,1,ACTIVE
MS009933,2026-08-26 17:47:40+00:00,S09,9,S08,S10,60.0,55.51,1,ACTIVE
MS009934,2026-08-26 17:47:45+00:00,S10,10,S09,S11,60.0,56.8,1,ACTIVE
MS009935,2026-08-26 17:47:50+00:00,S11,11,S10,S12,60.0,56.48,1,ACTIVE
MS009936,2026-08-26 17:47:55+00:00,S12,12,S11,,60.0,58.71,1,ACTIVE
MS009937,2026-08-26 17:48:00+00:00,S01,1,,S02,60.0,58.1,1,ACTIVE
MS009938,2026-08-26 17:48:05+00:00,S02,2,S01,S03,60.0,56.76,1,ACTIVE
MS009939,2026-08-26 17:48:10+00:00,S03,3,S02,S04,60.0,58.43,1,ACTIVE
MS009940,2026-08-26 17:48:15+00:00,S04,4,S03,S05,60.0,57.79,1,ACTIVE
MS009941,2026-08-26 17:48:20+00:00,S05,5,S04,S06,60.0,55.38,1,ACTIVE
MS009942,2026-08-26 17:48:25+00:00,S06,6,S05,S07,60.0,58.9,1,ACTIVE
MS009943,2026-08-26 17:48:30+00:00,S07,7,S06,S08,60.0,58.04,1,ACTIVE
MS009944,2026-08-26 17:48:35+00:00,S08,8,S07,S09,60.0,58.14,1,ACTIVE
MS009945,2026-08-26 17:48:40+00:00,S09,9,S08,S10,60.0,55.51,1,ACTIVE
MS009946,2026-08-26 17:48:45+00:00,S10,10,S09,S11,60.0,56.8,1,ACTIVE
MS009947,2026-08-26 17:48:50+00:00,S11,11,S10,S12,60.0,56.48,1,ACTIVE
MS009948,2026-08-26 17:48:55+00:00,S12,12,S11,,60.0,58.71,1,ACTIVE
MS009949,2026-08-26 17:49:00+00:00,S01,1,,S02,60.0,58.1,1,ACTIVE
MS009950,2026-08-26 17:49:05+00:00,S02,2,S01,S03,60.0,56.76,1,ACTIVE
MS009951,2026-08-26 17:49:10+00:00,S03,3,S02,S04,60.0,58.43,1,ACTIVE
MS009952,2026-08-26 17:49:15+00:00,S04,4,S03,S05,60.0,57.79,1,ACTIVE
MS009953,2026-08-26 17:49:20+00:00,S05,5,S04,S06,60.0,55.38,1,ACTIVE
MS009954,2026-08-26 17:49:25+00:00,S06,6,S05,S07,60.0,58.9,1,ACTIVE
MS009955,2026-08-26 17:49:30+00:00,S07,7,S06,S08,60.0,58.04,1,ACTIVE
MS009956,2026-08-26 17:49:35+00:00,S08,8,S07,S09,60.0,58.14,1,ACTIVE
MS009957,2026-08-26 17:49:40+00:00,S09,9,S08,S10,60.0,55.51,1,ACTIVE
MS009958,2026-08-26 17:49:45+00:00,S10,10,S09,S11,60.0,56.8,1,ACTIVE
MS009959,2026-08-26 17:49:50+00:00,S11,11,S10,S12,60.0,56.48,1,ACTIVE
MS009960,2026-08-26 17:49:55+00:00,S12,12,S11,,60.0,58.71,1,ACTIVE
MS009961,2026-08-26 17:50:00+00:00,S01,1,,S02,60.0,58.1,1,ACTIVE
MS009962,2026-08-26 17:50:05+00:00,S02,2,S01,S03,60.0,56.76,1,ACTIVE
MS009963,2026-08-26 17:50:10+00:00,S03,3,S02,S04,60.0,58.43,1,ACTIVE
MS009964,2026-08-26 17:50:15+00:00,S04,4,S03,S05,60.0,57.79,1,ACTIVE
MS009965,2026-08-26 17:50:20+00:00,S05,5,S04,S06,60.0,55.38,1,ACTIVE
MS009966,2026-08-26 17:50:25+00:00,S06,6,S05,S07,60.0,58.9,1,ACTIVE
MS009967,2026-08-26 17:50:30+00:00,S07,7,S06,S08,60.0,58.04,1,ACTIVE
MS009968,2026-08-26 17:50:35+00:00,S08,8,S07,S09,60.0,58.14,1,ACTIVE
MS009969,2026-08-26 17:50:40+00:00,S09,9,S08,S10,60.0,55.51,1,ACTIVE
MS009970,2026-08-26 17:50:45+00:00,S10,10,S09,S11,60.0,56.8,1,ACTIVE
MS009971,2026-08-26 17:50:50+00:00,S11,11,S10,S12,60.0,56.48,1,ACTIVE
MS009972,2026-08-26 17:50:55+00:00,S12,12,S11,,60.0,58.71,1,ACTIVE
MS009973,2026-08-26 17:51:00+00:00,S01,1,,S02,60.0,58.1,1,ACTIVE
MS009974,2026-08-26 17:51:05+00:00,S02,2,S01,S03,60.0,56.76,1,ACTIVE
MS009975,2026-08-26 17:51:10+00:00,S03,3,S02,S04,60.0,58.43,1,ACTIVE
MS009976,2026-08-26 17:51:15+00:00,S04,4,S03,S05,60.0,57.79,1,ACTIVE
MS009977,2026-08-26 17:51:20+00:00,S05,5,S04,S06,60.0,55.38,1,ACTIVE
MS009978,2026-08-26 17:51:25+00:00,S06,6,S05,S07,60.0,58.9,1,ACTIVE
MS009979,2026-08-26 17:51:30+00:00,S07,7,S06,S08,60.0,58.04,1,ACTIVE
MS009980,2026-08-26 17:51:35+00:00,S08,8,S07,S09,60.0,58.14,1,ACTIVE
MS009981,2026-08-26 17:51:40+00:00,S09,9,S08,S10,60.0,55.51,1,ACTIVE
MS009982,2026-08-26 17:51:45+00:00,S10,10,S09,S11,60.0,56.8,1,ACTIVE
MS009983,2026-08-26 17:51:50+00:00,S11,11,S10,S12,60.0,56.48,1,ACTIVE
MS009984,2026-08-26 17:51:55+00:00,S12,12,S11,,60.0,58.71,1,ACTIVE
MS009985,2026-08-26 17:52:00+00:00,S01,1,,S02,60.0,58.1,1,ACTIVE
MS009986,2026-08-26 17:52:05+00:00,S02,2,S01,S03,60.0,56.76,1,ACTIVE
MS009987,2026-08-26 17:52:10+00:00,S03,3,S02,S04,60.0,58.43,1,ACTIVE
MS009988,2026-08-26 17:52:15+00:00,S04,4,S03,S05,60.0,57.79,1,ACTIVE
MS009989,2026-08-26 17:52:20+00:00,S05,5,S04,S06,60.0,55.38,1,ACTIVE
MS009990,2026-08-26 17:52:25+00:00,S06,6,S05,S07,60.0,58.9,1,ACTIVE
MS009991,2026-08-26 17:52:30+00:00,S07,7,S06,S08,60.0,58.04,1,ACTIVE
MS009992,2026-08-26 17:52:35+00:00,S08,8,S07,S09,60.0,58.14,1,ACTIVE
MS009993,2026-08-26 17:52:40+00:00,S09,9,S08,S10,60.0,55.51,1,ACTIVE
MS009994,2026-08-26 17:52:45+00:00,S10,10,S09,S11,60.0,56.8,1,ACTIVE
MS009995,2026-08-26 17:52:50+00:00,S11,11,S10,S12,60.0,56.48,1,ACTIVE
MS009996,2026-08-26 17:52:55+00:00,S12,12,S11,,60.0,58.71,1,ACTIVE
MS009997,2026-08-26 17:53:00+00:00,S01,1,,S02,60.0,58.1,1,ACTIVE
MS009998,2026-08-26 17:53:05+00:00,S02,2,S01,S03,60.0,56.76,1,ACTIVE
MS009999,2026-08-26 17:53:10+00:00,S03,3,S02,S04,60.0,58.43,1,ACTIVE
MS010000,2026-08-26 17:53:15+00:00,S04,4,S03,S05,60.0,57.79,1,ACTIVE
